  0
SECTION
  2
HEADER
  9
$ACADVER
  1
AC1021
  9
$ACADMAINTVER
 70
    50
  9
$DWGCODEPAGE
  3
ANSI_936
  9
$LASTSAVEDBY
  1
win10
  9
$INSBASE
 10
0.0
 20
0.0
 30
0.0
  9
$EXTMIN
 10
-3.083330976318947
 20
-68.55251785135624
 30
0.0
  9
$EXTMAX
 10
243.0101934157901
 20
119.8244141966261
 30
0.0
  9
$LIMMIN
 10
0.0
 20
0.0
  9
$LIMMAX
 10
420.0
 20
297.0
  9
$ORTHOMODE
 70
     0
  9
$REGENMODE
 70
     1
  9
$FILLMODE
 70
     1
  9
$QTEXTMODE
 70
     0
  9
$MIRRTEXT
 70
     0
  9
$LTSCALE
 40
1.0
  9
$ATTMODE
 70
     1
  9
$TEXTSIZE
 40
2.5
  9
$TRACEWID
 40
1.0
  9
$TEXTSTYLE
  7
Standard
  9
$CLAYER
  8
0
  9
$CELTYPE
  6
ByLayer
  9
$CECOLOR
 62
   256
  9
$CELTSCALE
 40
1.0
  9
$DISPSILH
 70
     0
  9
$DIMSCALE
 40
1.0
  9
$DIMASZ
 40
2.5
  9
$DIMEXO
 40
0.625
  9
$DIMDLI
 40
3.75
  9
$DIMRND
 40
0.0
  9
$DIMDLE
 40
0.0
  9
$DIMEXE
 40
1.25
  9
$DIMTP
 40
0.0
  9
$DIMTM
 40
0.0
  9
$DIMTXT
 40
2.5
  9
$DIMCEN
 40
2.5
  9
$DIMTSZ
 40
0.0
  9
$DIMTOL
 70
     0
  9
$DIMLIM
 70
     0
  9
$DIMTIH
 70
     0
  9
$DIMTOH
 70
     0
  9
$DIMSE1
 70
     0
  9
$DIMSE2
 70
     0
  9
$DIMTAD
 70
     1
  9
$DIMZIN
 70
     8
  9
$DIMBLK
  1

  9
$DIMASO
 70
     1
  9
$DIMSHO
 70
     1
  9
$DIMPOST
  1

  9
$DIMAPOST
  1

  9
$DIMALT
 70
     0
  9
$DIMALTD
 70
     3
  9
$DIMALTF
 40
0.03937007874016
  9
$DIMLFAC
 40
1.0
  9
$DIMTOFL
 70
     1
  9
$DIMTVP
 40
0.0
  9
$DIMTIX
 70
     0
  9
$DIMSOXD
 70
     0
  9
$DIMSAH
 70
     0
  9
$DIMBLK1
  1

  9
$DIMBLK2
  1

  9
$DIMSTYLE
  2
ISO-25
  9
$DIMCLRD
 70
     0
  9
$DIMCLRE
 70
     0
  9
$DIMCLRT
 70
     0
  9
$DIMTFAC
 40
1.0
  9
$DIMGAP
 40
0.625
  9
$DIMJUST
 70
     0
  9
$DIMSD1
 70
     0
  9
$DIMSD2
 70
     0
  9
$DIMTOLJ
 70
     0
  9
$DIMTZIN
 70
     8
  9
$DIMALTZ
 70
     0
  9
$DIMALTTZ
 70
     0
  9
$DIMUPT
 70
     0
  9
$DIMDEC
 70
     2
  9
$DIMTDEC
 70
     2
  9
$DIMALTU
 70
     2
  9
$DIMALTTD
 70
     3
  9
$DIMTXSTY
  7
Standard
  9
$DIMAUNIT
 70
     0
  9
$DIMADEC
 70
     0
  9
$DIMALTRND
 40
0.0
  9
$DIMAZIN
 70
     0
  9
$DIMDSEP
 70
    44
  9
$DIMATFIT
 70
     3
  9
$DIMFRAC
 70
     0
  9
$DIMLDRBLK
  1

  9
$DIMLUNIT
 70
     2
  9
$DIMLWD
 70
    -2
  9
$DIMLWE
 70
    -2
  9
$DIMTMOVE
 70
     0
  9
$DIMFXL
 40
1.0
  9
$DIMFXLON
 70
     0
  9
$DIMJOGANG
 40
0.7853981633974483
  9
$DIMTFILL
 70
     0
  9
$DIMTFILLCLR
 70
     0
  9
$DIMARCSYM
 70
     0
  9
$DIMLTYPE
  6

  9
$DIMLTEX1
  6

  9
$DIMLTEX2
  6

  9
$LUNITS
 70
     2
  9
$LUPREC
 70
     4
  9
$SKETCHINC
 40
1.0
  9
$FILLETRAD
 40
0.0
  9
$AUNITS
 70
     0
  9
$AUPREC
 70
     0
  9
$MENU
  1
.
  9
$ELEVATION
 40
0.0
  9
$PELEVATION
 40
0.0
  9
$THICKNESS
 40
0.0
  9
$LIMCHECK
 70
     0
  9
$CHAMFERA
 40
0.0
  9
$CHAMFERB
 40
0.0
  9
$CHAMFERC
 40
0.0
  9
$CHAMFERD
 40
0.0
  9
$SKPOLY
 70
     0
  9
$TDCREATE
 40
2458590.383113426
  9
$TDUCREATE
 40
2458590.049780092
  9
$TDUPDATE
 40
2458590.384224537
  9
$TDUUPDATE
 40
2458590.050891204
  9
$TDINDWG
 40
0.0011111111
  9
$TDUSRTIMER
 40
0.0011111111
  9
$USRTIMER
 70
     1
  9
$ANGBASE
 50
0.0
  9
$ANGDIR
 70
     0
  9
$PDMODE
 70
     0
  9
$PDSIZE
 40
0.0
  9
$PLINEWID
 40
0.0
  9
$SPLFRAME
 70
     0
  9
$SPLINETYPE
 70
     6
  9
$SPLINESEGS
 70
     8
  9
$HANDSEED
  5
2B8
  9
$SURFTAB1
 70
     6
  9
$SURFTAB2
 70
     6
  9
$SURFTYPE
 70
     6
  9
$SURFU
 70
     6
  9
$SURFV
 70
     6
  9
$UCSBASE
  2

  9
$UCSNAME
  2

  9
$UCSORG
 10
0.0
 20
0.0
 30
0.0
  9
$UCSXDIR
 10
1.0
 20
0.0
 30
0.0
  9
$UCSYDIR
 10
0.0
 20
1.0
 30
0.0
  9
$UCSORTHOREF
  2

  9
$UCSORTHOVIEW
 70
     0
  9
$UCSORGTOP
 10
0.0
 20
0.0
 30
0.0
  9
$UCSORGBOTTOM
 10
0.0
 20
0.0
 30
0.0
  9
$UCSORGLEFT
 10
0.0
 20
0.0
 30
0.0
  9
$UCSORGRIGHT
 10
0.0
 20
0.0
 30
0.0
  9
$UCSORGFRONT
 10
0.0
 20
0.0
 30
0.0
  9
$UCSORGBACK
 10
0.0
 20
0.0
 30
0.0
  9
$PUCSBASE
  2

  9
$PUCSNAME
  2

  9
$PUCSORG
 10
0.0
 20
0.0
 30
0.0
  9
$PUCSXDIR
 10
1.0
 20
0.0
 30
0.0
  9
$PUCSYDIR
 10
0.0
 20
1.0
 30
0.0
  9
$PUCSORTHOREF
  2

  9
$PUCSORTHOVIEW
 70
     0
  9
$PUCSORGTOP
 10
0.0
 20
0.0
 30
0.0
  9
$PUCSORGBOTTOM
 10
0.0
 20
0.0
 30
0.0
  9
$PUCSORGLEFT
 10
0.0
 20
0.0
 30
0.0
  9
$PUCSORGRIGHT
 10
0.0
 20
0.0
 30
0.0
  9
$PUCSORGFRONT
 10
0.0
 20
0.0
 30
0.0
  9
$PUCSORGBACK
 10
0.0
 20
0.0
 30
0.0
  9
$USERI1
 70
     0
  9
$USERI2
 70
     0
  9
$USERI3
 70
     0
  9
$USERI4
 70
     0
  9
$USERI5
 70
     0
  9
$USERR1
 40
0.0
  9
$USERR2
 40
0.0
  9
$USERR3
 40
0.0
  9
$USERR4
 40
0.0
  9
$USERR5
 40
0.0
  9
$WORLDVIEW
 70
     1
  9
$SHADEDGE
 70
     3
  9
$SHADEDIF
 70
    70
  9
$TILEMODE
 70
     1
  9
$MAXACTVP
 70
    64
  9
$PINSBASE
 10
0.0
 20
0.0
 30
0.0
  9
$PLIMCHECK
 70
     0
  9
$PEXTMIN
 10
0.0
 20
0.0
 30
0.0
  9
$PEXTMAX
 10
0.0
 20
0.0
 30
0.0
  9
$PLIMMIN
 10
0.0
 20
0.0
  9
$PLIMMAX
 10
12.0
 20
9.0
  9
$UNITMODE
 70
     0
  9
$VISRETAIN
 70
     1
  9
$PLINEGEN
 70
     0
  9
$PSLTSCALE
 70
     1
  9
$TREEDEPTH
 70
  3020
  9
$CMLSTYLE
  2
Standard
  9
$CMLJUST
 70
     0
  9
$CMLSCALE
 40
20.0
  9
$PROXYGRAPHICS
 70
     1
  9
$MEASUREMENT
 70
     1
  9
$CELWEIGHT
370
    -1
  9
$ENDCAPS
280
     0
  9
$JOINSTYLE
280
     0
  9
$LWDISPLAY
290
     0
  9
$INSUNITS
 70
     4
  9
$HYPERLINKBASE
  1

  9
$STYLESHEET
  1

  9
$XEDIT
290
     1
  9
$CEPSNTYPE
380
     0
  9
$PSTYLEMODE
290
     1
  9
$FINGERPRINTGUID
  2
{96A53CC7-ACDD-234C-B0F9-88300B14E85D}
  9
$VERSIONGUID
  2
{FDA5A254-6150-FA48-A4B8-168CBCE559AD}
  9
$EXTNAMES
290
     1
  9
$PSVPSCALE
 40
0.0
  9
$OLESTARTUP
290
     0
  9
$SORTENTS
280
   127
  9
$INDEXCTL
280
     0
  9
$HIDETEXT
280
     1
  9
$XCLIPFRAME
290
     0
  9
$HALOGAP
280
     0
  9
$OBSCOLOR
 70
   257
  9
$OBSLTYPE
280
     0
  9
$INTERSECTIONDISPLAY
280
     0
  9
$INTERSECTIONCOLOR
 70
   257
  9
$DIMASSOC
280
     2
  9
$PROJECTNAME
  1

  9
$CAMERADISPLAY
290
     0
  9
$LENSLENGTH
 40
50.0
  9
$CAMERAHEIGHT
 40
0.0
  9
$STEPSPERSEC
 40
2.0
  9
$STEPSIZE
 40
6.0
  9
$3DDWFPREC
 40
2.0
  9
$PSOLWIDTH
 40
5.0
  9
$PSOLHEIGHT
 40
80.0
  9
$LOFTANG1
 40
1.570796326794896
  9
$LOFTANG2
 40
1.570796326794896
  9
$LOFTMAG1
 40
0.0
  9
$LOFTMAG2
 40
0.0
  9
$LOFTPARAM
 70
     7
  9
$LOFTNORMALS
280
     1
  9
$LATITUDE
 40
37.795
  9
$LONGITUDE
 40
-122.394
  9
$NORTHDIRECTION
 40
0.0
  9
$TIMEZONE
 70
 -8000
  9
$LIGHTGLYPHDISPLAY
280
     1
  9
$TILEMODELIGHTSYNCH
280
     1
  9
$CMATERIAL
347
EC
  9
$SOLIDHIST
280
     0
  9
$SHOWHIST
280
     1
  9
$DWFFRAME
280
     2
  9
$DGNFRAME
280
     0
  9
$REALWORLDSCALE
290
     1
  9
$INTERFERECOLOR
 62
     1
  9
$INTERFEREOBJVS
345
F9
  9
$INTERFEREVPVS
346
F6
  9
$CSHADOW
280
     0
  9
$SHADOWPLANELOCATION
 40
0.0
  0
ENDSEC
  0
SECTION
  2
CLASSES
  0
CLASS
  1
ACDBDICTIONARYWDFLT
  2
AcDbDictionaryWithDefault
  3
ObjectDBX Classes
 90
        0
 91
        1
280
     0
281
     0
  0
CLASS
  1
DICTIONARYVAR
  2
AcDbDictionaryVar
  3
ObjectDBX Classes
 90
        0
 91
       12
280
     0
281
     0
  0
CLASS
  1
TABLESTYLE
  2
AcDbTableStyle
  3
ObjectDBX Classes
 90
     4095
 91
        1
280
     0
281
     0
  0
CLASS
  1
MATERIAL
  2
AcDbMaterial
  3
ObjectDBX Classes
 90
     1153
 91
        3
280
     0
281
     0
  0
CLASS
  1
VISUALSTYLE
  2
AcDbVisualStyle
  3
ObjectDBX Classes
 90
     4095
 91
       24
280
     0
281
     0
  0
CLASS
  1
SCALE
  2
AcDbScale
  3
ObjectDBX Classes
 90
     1153
 91
       17
280
     0
281
     0
  0
CLASS
  1
MLEADERSTYLE
  2
AcDbMLeaderStyle
  3
ACDB_MLEADERSTYLE_CLASS
 90
     4095
 91
        2
280
     0
281
     0
  0
CLASS
  1
CELLSTYLEMAP
  2
AcDbCellStyleMap
  3
ObjectDBX Classes
 90
     1152
 91
        1
280
     0
281
     0
  0
CLASS
  1
EXACXREFPANELOBJECT
  2
ExAcXREFPanelObject
  3
EXAC_ESW
 90
     1025
 91
        0
280
     0
281
     0
  0
CLASS
  1
NPOCOLLECTION
  2
AcDbImpNonPersistentObjectsCollection
  3
ObjectDBX Classes
 90
     1153
 91
        0
280
     0
281
     0
  0
CLASS
  1
LAYER_INDEX
  2
AcDbLayerIndex
  3
ObjectDBX Classes
 90
        0
 91
        0
280
     0
281
     0
  0
CLASS
  1
SPATIAL_INDEX
  2
AcDbSpatialIndex
  3
ObjectDBX Classes
 90
        0
 91
        0
280
     0
281
     0
  0
CLASS
  1
IDBUFFER
  2
AcDbIdBuffer
  3
ObjectDBX Classes
 90
        0
 91
        0
280
     0
281
     0
  0
CLASS
  1
ACDBSECTIONVIEWSTYLE
  2
AcDbSectionViewStyle
  3
ObjectDBX Classes
 90
     1025
 91
        1
280
     0
281
     0
  0
CLASS
  1
ACDBDETAILVIEWSTYLE
  2
AcDbDetailViewStyle
  3
ObjectDBX Classes
 90
     1025
 91
        1
280
     0
281
     0
  0
ENDSEC
  0
SECTION
  2
TABLES
  0
TABLE
  2
VPORT
  5
8
330
0
100
AcDbSymbolTable
 70
     1
  0
VPORT
  5
EA
330
8
100
AcDbSymbolTableRecord
100
AcDbViewportTableRecord
  2
*Active
 70
     0
 10
0.0
 20
0.0
 11
1.0
 21
1.0
 12
26.13531116233776
 22
8.376287332784158
 13
0.0
 23
0.0
 14
10.0
 24
10.0
 15
10.0
 25
10.0
 16
0.0
 26
0.0
 36
1.0
 17
0.0
 27
0.0
 37
0.0
 40
393.0272442228397
 41
2.104271356783919
 42
50.0
 43
0.0
 44
0.0
 50
0.0
 51
0.0
 71
     0
 72
  1000
 73
     1
 74
     3
 75
     0
 76
     1
 77
     0
 78
     0
281
     0
 65
     1
110
0.0
120
0.0
130
0.0
111
1.0
121
0.0
131
0.0
112
0.0
122
1.0
132
0.0
 79
     0
146
0.0
348
F5
 60
     3
 61
     5
292
     1
282
     1
141
0.0
142
0.0
 63
   250
421
  3355443
1001
ACAD_NAV_VCDISPLAY
1070
     3
  0
ENDTAB
  0
TABLE
  2
LTYPE
  5
5
330
0
100
AcDbSymbolTable
 70
     2
  0
LTYPE
  5
14
330
5
100
AcDbSymbolTableRecord
100
AcDbLinetypeTableRecord
  2
ByBlock
 70
     0
  3

 72
    65
 73
     0
 40
0.0
  0
LTYPE
  5
15
330
5
100
AcDbSymbolTableRecord
100
AcDbLinetypeTableRecord
  2
ByLayer
 70
     0
  3

 72
    65
 73
     0
 40
0.0
  0
LTYPE
  5
16
330
5
100
AcDbSymbolTableRecord
100
AcDbLinetypeTableRecord
  2
Continuous
 70
     0
  3
Solid line
 72
    65
 73
     0
 40
0.0
  0
ENDTAB
  0
TABLE
  2
LAYER
  5
2
102
{ACAD_XDICTIONARY
360
1FF
102
}
330
0
100
AcDbSymbolTable
 70
     1
0
LAYER
5
d45
100
AcDbSymbolTableRecord
100
AcDbLayerTableRecord
2
TopLayer
70
0
420
16711680
6
Continuous
370
-3
390
F
347
21
0
LAYER
5
d46
100
AcDbSymbolTableRecord
100
AcDbLayerTableRecord
2
BottomLayer
70
0
420
255
6
Continuous
370
-3
390
F
347
21
0
LAYER
5
d47
100
AcDbSymbolTableRecord
100
AcDbLayerTableRecord
2
TopSilkLayer
70
0
420
16763904
6
Continuous
370
-3
390
F
347
21
0
LAYER
5
d48
100
AcDbSymbolTableRecord
100
AcDbLayerTableRecord
2
TopPasteMaskLayer
70
0
420
8421504
6
Continuous
370
-3
390
F
347
21
0
LAYER
5
d49
100
AcDbSymbolTableRecord
100
AcDbLayerTableRecord
2
TopSolderMaskLayer
70
0
420
8388736
6
Continuous
370
-3
390
F
347
21
0
LAYER
5
d4a
100
AcDbSymbolTableRecord
100
AcDbLayerTableRecord
2
BottomSolderMaskLayer
70
0
420
11141375
6
Continuous
370
-3
390
F
347
21
0
LAYER
5
d4b
100
AcDbSymbolTableRecord
100
AcDbLayerTableRecord
2
BoardOutLine
70
0
420
16711935
6
Continuous
370
-3
390
F
347
21
0
LAYER
5
d4c
100
AcDbSymbolTableRecord
100
AcDbLayerTableRecord
2
Multi-Layer
70
0
420
12632256
6
Continuous
370
-3
390
F
347
21
0
LAYER
5
d4d
100
AcDbSymbolTableRecord
100
AcDbLayerTableRecord
2
Document
70
0
420
16777215
6
Continuous
370
-3
390
F
347
21
0
LAYER
5
d4e
100
AcDbSymbolTableRecord
100
AcDbLayerTableRecord
2
Hole
70
0
420
2236962
6
Continuous
370
-3
390
F
347
21
  0
LAYER
  5
10
102
{ACAD_XDICTIONARY
360
13C
102
}
330
2
100
AcDbSymbolTableRecord
100
AcDbLayerTableRecord
  2
0
 70
     0
 62
     7
  6
Continuous
370
    -3
390
F
347
EE
  0
ENDTAB
  0
TABLE
  2
STYLE
  5
3
330
0
100
AcDbSymbolTable
 70
     2
  0
STYLE
  5
11
330
3
100
AcDbSymbolTableRecord
100
AcDbTextStyleTableRecord
  2
Standard
 70
     0
 40
0.0
 41
1.0
 50
0.0
 71
     0
 42
2.5
  3
arial.ttf
  4

1001
ACAD
1000
Arial
1071
       34
  0
STYLE
  5
132
330
3
100
AcDbSymbolTableRecord
100
AcDbTextStyleTableRecord
  2
Annotative
 70
     0
 40
0.0
 41
1.0
 50
0.0
 71
     0
 42
2.5
  3
arial.ttf
  4

1001
AcadAnnotative
1000
AnnotativeData
1002
{
1070
     1
1070
     1
1002
}
1001
ACAD
1000
Arial
1071
       34
  0
ENDTAB
  0
TABLE
  2
VIEW
  5
6
330
0
100
AcDbSymbolTable
 70
     0
  0
ENDTAB
  0
TABLE
  2
UCS
  5
7
330
0
100
AcDbSymbolTable
 70
     0
  0
ENDTAB
  0
TABLE
  2
APPID
  5
9
330
0
100
AcDbSymbolTable
 70
     9
  0
APPID
  5
12
330
9
100
AcDbSymbolTableRecord
100
AcDbRegAppTableRecord
  2
ACAD
 70
     0
  0
APPID
  5
9E
330
9
100
AcDbSymbolTableRecord
100
AcDbRegAppTableRecord
  2
ACAD_PSEXT
 70
     0
  0
APPID
  5
133
330
9
100
AcDbSymbolTableRecord
100
AcDbRegAppTableRecord
  2
AcadAnnoPO
 70
     0
  0
APPID
  5
134
330
9
100
AcDbSymbolTableRecord
100
AcDbRegAppTableRecord
  2
AcadAnnotative
 70
     0
  0
APPID
  5
135
330
9
100
AcDbSymbolTableRecord
100
AcDbRegAppTableRecord
  2
ACAD_DSTYLE_DIMJAG
 70
     0
  0
APPID
  5
136
330
9
100
AcDbSymbolTableRecord
100
AcDbRegAppTableRecord
  2
ACAD_DSTYLE_DIMTALN
 70
     0
  0
APPID
  5
165
330
9
100
AcDbSymbolTableRecord
100
AcDbRegAppTableRecord
  2
ACAD_MLEADERVER
 70
     0
  0
APPID
  5
217
330
9
100
AcDbSymbolTableRecord
100
AcDbRegAppTableRecord
  2
ACAD_NAV_VCDISPLAY
 70
     0
  0
APPID
  5
26E
330
9
100
AcDbSymbolTableRecord
100
AcDbRegAppTableRecord
  2
ACAD_EXEMPT_FROM_CAD_STANDARDS
 70
     0
  0
ENDTAB
  0
TABLE
  2
DIMSTYLE
  5
A
330
0
100
AcDbSymbolTable
 70
     4
100
AcDbDimStyleTable
 71
     2
340
27
340
137
  0
DIMSTYLE
105
1B0
330
A
100
AcDbSymbolTableRecord
100
AcDbDimStyleTableRecord
  2
Standard
 70
     0
340
11
  0
DIMSTYLE
105
137
330
A
100
AcDbSymbolTableRecord
100
AcDbDimStyleTableRecord
  2
Annotative
 70
     0
 40
0.0
 41
2.5
 42
0.625
 43
3.75
 44
1.25
 73
     0
 74
     0
 77
     1
 78
     8
140
2.5
141
2.5
143
0.03937007874016
147
0.625
171
     3
172
     1
271
     2
272
     2
274
     3
278
    44
283
     0
284
     8
340
11
1001
AcadAnnotative
1000
AnnotativeData
1002
{
1070
     1
1070
     1
1002
}
1001
ACAD_DSTYLE_DIMJAG
1070
   388
1040
1.5
1001
ACAD_DSTYLE_DIMTALN
1070
   392
1070
     0
  0
DIMSTYLE
105
27
330
A
100
AcDbSymbolTableRecord
100
AcDbDimStyleTableRecord
  2
ISO-25
 70
     0
 41
2.5
 42
0.625
 43
3.75
 44
1.25
 73
     0
 74
     0
 77
     1
 78
     8
140
2.5
141
2.5
143
0.03937007874016
147
0.625
171
     3
172
     1
271
     2
272
     2
274
     3
278
    44
283
     0
284
     8
340
11
  0
ENDTAB
  0
TABLE
  2
BLOCK_RECORD
  5
1
330
0
100
AcDbSymbolTable
 70
     2
  0
BLOCK_RECORD
  5
1F
102
{ACAD_XDICTIONARY
360
1CE
102
}
330
1
100
AcDbSymbolTableRecord
100
AcDbBlockTableRecord
  2
*Model_Space
340
22
 70
     0
280
     1
281
     0
  0
BLOCK_RECORD
  5
D2
330
1
100
AcDbSymbolTableRecord
100
AcDbBlockTableRecord
  2
*Paper_Space
340
D3
 70
     0
280
     1
281
     0
  0
BLOCK_RECORD
  5
D6
330
1
100
AcDbSymbolTableRecord
100
AcDbBlockTableRecord
  2
*Paper_Space0
340
D7
 70
     0
280
     1
281
     0
  0
ENDTAB
  0
ENDSEC
  0
SECTION
  2
BLOCKS
  0
BLOCK
  5
20
330
1F
100
AcDbEntity
  8
0
100
AcDbBlockBegin
  2
*Model_Space
 70
     0
 10
0.0
 20
0.0
 30
0.0
  3
*Model_Space
  1

  0
ENDBLK
  5
21
330
1F
100
AcDbEntity
  8
0
100
AcDbBlockEnd
  0
BLOCK
  5
D4
330
D2
100
AcDbEntity
 67
     1
  8
0
100
AcDbBlockBegin
  2
*Paper_Space
 70
     0
 10
0.0
 20
0.0
 30
0.0
  3
*Paper_Space
  1

  0
ENDBLK
  5
D5
330
D2
100
AcDbEntity
 67
     1
  8
0
100
AcDbBlockEnd
  0
BLOCK
  5
D8
330
D6
100
AcDbEntity
 67
     1
  8
0
100
AcDbBlockBegin
  2
*Paper_Space0
 70
     0
 10
0.0
 20
0.0
 30
0.0
  3
*Paper_Space0
  1

  0
ENDBLK
  5
D9
330
D6
100
AcDbEntity
 67
     1
  8
0
100
AcDbBlockEnd
  0
ENDSEC
  0
SECTION
  2
ENTITIES
  0
LWPOLYLINE
  5
3e8
330
1F
100
AcDbEntity
  8
BottomLayer
100
AcDbPolyline
 90
3
 70
 0
 43
1 
 10
5.025984251968566
 20
-9.214097028194033
 10
16.685090170180274
 20
-9.214097028194033
 10
17.50906781813569
 20
-10.038074676149336
 10
17.50906781813569
 20
-11.95402590805179
  0
LWPOLYLINE
  5
3e9
330
1F
100
AcDbEntity
  8
BottomLayer
100
AcDbPolyline
 90
2
 70
 0
 43
1 
 10
28.37399034798068
 20
9.572009144018239
 10
26.07698755397496
 20
7.275006350012745
 10
17.48300736601459
 20
7.275006350012745
  0
LWPOLYLINE
  5
3ea
330
1F
100
AcDbEntity
  8
BottomLayer
100
AcDbPolyline
 90
5
 70
 0
 43
1 
 10
26.596951993903986
 20
-2.5969011938024096
 10
26.596951993903986
 20
0.2050546101091868
 10
25.067970535940958
 20
1.7340360680722142
 10
17.50401320802621
 20
1.7340360680722142
 10
17.470027940055843
 20
1.7000508001016215
 10
17.443992887985814
 20
1.7000508001016215
  0
LWPOLYLINE
  5
3eb
330
1F
100
AcDbEntity
  8
BottomLayer
100
AcDbPolyline
 90
9
 70
 0
 43
1 
 10
16.143053086106192
 20
0.709931419862869
 10
16.143053086106192
 20
3.784099568199167
 10
17.192964185928304
 20
4.834010668021392
 10
27.381991363982706
 20
4.834010668021392
 10
30.26294132588282
 20
7.715011430022855
 10
30.26294132588282
 20
10.43002286004571
 10
29.68696977393961
 20
11.005994411988809
 10
27.6249682499365
 20
11.005994411988809
 10
27.242976885953794
 20
10.624053848107678
 10
25.89695199390394
 20
10.624053848107678
  0
LWPOLYLINE
  5
3ec
330
1F
100
AcDbEntity
  8
BottomLayer
100
AcDbPolyline
 90
3
 70
 0
 43
1 
 10
20.30789941579883
 20
-7.227076454152893
 10
20.30789941579883
 20
-25.4199136398272
 10
23.82697485394965
 20
-28.939014478028867
 10
31.512979425958747
 20
-28.939014478028867
  0
LWPOLYLINE
  5
3ed
330
1F
100
AcDbEntity
  8
BottomLayer
100
AcDbPolyline
 90
2
 70
 0
 43
1 
 10
31.626924053848143
 20
-33.98806197612396
 10
28.735991871983742
 20
-36.878994157988245
 10
13.885979171958297
 20
-36.878994157988245
  0
LWPOLYLINE
  5
3ee
330
1F
100
AcDbEntity
  8
BottomLayer
100
AcDbPolyline
 90
2
 70
 0
 43
1 
 10
35.96499872999743
 20
-24.507010414020897
 10
35.38001016002022
 20
-23.922021844043684
 10
35.38001016002022
 20
-12.394005588011169
  0
LWPOLYLINE
  5
3ef
330
1F
100
AcDbEntity
  8
BottomLayer
100
AcDbPolyline
 90
3
 70
 0
 43
1 
 10
14.569519939039765
 20
-11.325882651765369
 10
14.569519939039765
 20
-14.881889763779554
 10
11.668834137668227
 20
-17.782575565151205
 10
6.880924561849042
 20
-17.782575565151205
  0
LWPOLYLINE
  5
3f0
330
1F
100
AcDbEntity
  8
BottomLayer
100
AcDbPolyline
 90
3
 70
 0
 43
1 
 10
20.922072644145146
 20
-32.852425704851385
 10
31.31577343154686
 20
-32.852425704851385
 10
32.56037592075177
 20
-31.607823215646476
 10
33.848158496316955
 20
-31.607823215646476
  0
LWPOLYLINE
  5
3f1
330
1F
100
AcDbEntity
  8
BottomLayer
100
AcDbPolyline
 90
10
 70
 0
 43
1 
 10
0.784912369824724
 20
-17.037846075692073
 10
0.8117602235204231
 20
-17.010998221996374
 10
1.7350012700026127
 20
-17.010998221996374
 10
4.224003048006125
 20
-19.499999999999886
 10
4.224003048006125
 20
-21.20200660401315
 10
13.751993903987795
 20
-30.729997459994934
 10
24.15499110998212
 20
-30.729997459994934
 10
31.65100330200653
 20
-30.729997459994934
 10
33.529997459995
 20
-28.851003302006575
 10
34.556007112014186
 20
-27.824993649987277
 10
34.556007112014186
 20
-25.716992633985228
  0
LWPOLYLINE
  5
3f2
330
1F
100
AcDbEntity
  8
BottomLayer
100
AcDbPolyline
 90
7
 70
 0
 43
1 
 10
43.22331724663445
 20
-16.753873507747016
 10
41.29545339090669
 20
-16.753873507747016
 10
40.17531115062229
 20
-15.633731267462622
 10
40.17531115062229
 20
-9.591059182118443
 10
39.07548895097784
 20
-8.488696977393943
 10
25.88524257048516
 20
-8.488696977393943
 10
25.410261620523215
 20
-8.01371602743211
 10
25.410261620523215
 20
-6.6725933451866695
  0
LWPOLYLINE
  5
3f3
330
1F
100
AcDbEntity
  8
BottomLayer
100
AcDbPolyline
 90
3
 70
 0
 43
1 
 10
17.60228600457208
 20
-16.294132588265143
 10
18.364287528575005
 20
-16.294132588265143
 10
18.836728473456787
 20
-15.821691643383247
 10
18.836728473456787
 20
-3.599187198374352
  0
LWPOLYLINE
  5
3f4
330
1F
100
AcDbEntity
  8
BottomLayer
100
AcDbPolyline
 90
3
 70
 0
 43
1 
 10
18.836728473456787
 20
-3.599187198374352
 10
19.72065024130052
 20
-3.599187198374352
 10
22.794056388112722
 20
-6.6725933451866695
 10
25.410261620523215
 20
-6.6725933451866695
  0
LWPOLYLINE
  5
3f5
330
1F
100
AcDbEntity
  8
BottomLayer
100
AcDbPolyline
 90
7
 70
 0
 43
1 
 10
0.784912369824724
 20
-11.51892303784598
 10
0.784912369824724
 20
-10.434340868681716
 10
8.98404876809741
 20
-2.2352044704089167
 10
20.38105156210304
 20
-2.2352044704089167
 10
23.21315722631448
 20
-5.067310134620243
 10
34.43235966471934
 20
-5.067310134620243
 10
35.240081280162485
 20
-4.25704851409705
 10
35.240081280162485
 20
-3.0810261620523534
  0
LWPOLYLINE
  5
3f6
330
1F
100
AcDbEntity
  8
BoardOutLine
100
AcDbPolyline
 90
13
 70
 1
 43
0.25400050800101603 
 10
-10.485090170180456
 20
0
 10
-10.485090170180456
 20
-36.19507239014479
 10
0.00005080010146230052
 20
-36.19507239014479
 10
0.00005080010146230052
 20
-46.55575311150619
 10
34.37901955803909
 20
-46.55575311150619
 10
34.37901955803909
 20
-36.19507239014479
 10
44.86416052832101
 20
-36.19507239014479
 10
44.86416052832101
 20
1.9050038100076563
 10
34.37901955803909
 20
1.9050038100076563
 10
34.37901955803909
 20
12.303784607569241
 10
0.00005080010146230052
 20
12.303784607569241
 10
0.00005080010146230052
 20
1.9050038100076563
 10
-10.485090170180456
 20
1.9050038100076563
 10
-10.485090170180456
 20
0
  0
LWPOLYLINE
  5
3f7
330
1F
100
AcDbEntity
  8
TopLayer
100
AcDbPolyline
 90
2
 70
 0
 43
1 
 10
3.069900939801755
 20
-44.82651765303524
 10
3.079070358140598
 20
-44.83568707137408
 10
7.768884937769826
 20
-44.83568707137408
  0
LWPOLYLINE
  5
3f8
330
1F
100
AcDbEntity
  8
TopLayer
100
AcDbPolyline
 90
3
 70
 0
 43
1 
 10
12.27335534671056
 20
-8.318516637033213
 10
12.832156464312902
 20
-8.318516637033213
 10
13.01503683007354
 20
-8.501397002793965
 10
13.01503683007354
 20
-13.459486918973766
  0
LWPOLYLINE
  5
3f9
330
1F
100
AcDbEntity
  8
TopLayer
100
AcDbPolyline
 90
3
 70
 0
 43
1 
 10
11.038912877825624
 20
-4.975895351790655
 10
11.938074676149427
 20
-4.975895351790655
 10
12.273609347218553
 20
-5.311430022860009
 10
12.273609347218553
 20
-8.318008636017225
  0
LWPOLYLINE
  5
3fa
330
1F
100
AcDbEntity
  8
TopLayer
100
AcDbPolyline
 90
3
 70
 0
 43
1 
 10
34.556819913639856
 20
-25.717551435102905
 10
34.556819913639856
 20
-22.641605283210538
 10
33.73639827279635
 20
-21.82118364236726
 10
33.73639827279635
 20
-19.690119380238684
  0
LWPOLYLINE
  5
3fb
330
1F
100
AcDbEntity
  8
TopLayer
100
AcDbPolyline
 90
3
 70
 0
 43
1 
 10
33.77703835407647
 20
-10.589281178562373
 10
35.212141224282504
 20
-10.589281178562373
 10
36.2484632969265
 20
-11.623063246126549
 10
37.05872491744981
 20
-11.623063246126549
  0
LWPOLYLINE
  5
3fc
330
1F
100
AcDbEntity
  8
TopLayer
100
AcDbPolyline
 90
2
 70
 0
 43
1 
 10
35.380035560071065
 20
-12.393954787909593
 10
36.15041910083801
 20
-11.623571247142536
 10
37.0589789179578
 20
-11.623571247142536
  0
LWPOLYLINE
  5
3fd
330
1F
100
AcDbEntity
  8
TopLayer
100
AcDbPolyline
 90
3
 70
 0
 43
1 
 10
3.38590297180599
 20
-7.368554737109548
 10
3.38590297180599
 20
-4.508077216154447
 10
3.8043180086360735
 20
-4.089662179324364
 10
5.0069088138175175
 20
-4.089662179324364
  0
LWPOLYLINE
  5
3fe
330
1F
100
AcDbEntity
  8
TopLayer
100
AcDbPolyline
 90
2
 70
 0
 43
1 
 10
4.619050038100113
 20
-32.85648971297951
 10
4.179095758191579
 20
-32.41653543307086
 10
4.179095758191579
 20
-27.708128016255955
  0
LWPOLYLINE
  5
3ff
330
1F
100
AcDbEntity
  8
TopLayer
100
AcDbPolyline
 90
2
 70
 0
 43
1 
 10
13.276911353822697
 20
-23.16510033020063
 10
13.124003048005989
 20
-23.012192024384035
 10
13.124003048005989
 20
-19.024892049784057
  0
LWPOLYLINE
  5
400
330
1F
100
AcDbEntity
  8
TopLayer
100
AcDbPolyline
 90
2
 70
 0
 43
1 
 10
13.124003048005989
 20
-19.024892049784057
 10
13.014020828041566
 20
-18.914909829819635
 10
13.014020828041566
 20
-13.459994919989867
  0
LWPOLYLINE
  5
401
330
1F
100
AcDbEntity
  8
TopLayer
100
AcDbPolyline
 90
2
 70
 0
 43
1 
 10
11.039928879857598
 20
-4.975107950215829
 10
10.910642621285206
 20
-4.845821691643323
 10
10.910642621285206
 20
-3.2730505461011035
  0
LWPOLYLINE
  5
402
330
1F
100
AcDbEntity
  8
TopLayer
100
AcDbPolyline
 90
2
 70
 0
 43
1 
 10
10.910642621285206
 20
-3.2730505461011035
 10
11.469951739903536
 20
-2.713741427482887
 10
11.469951739903536
 20
-1.1310642621284615
  0
LWPOLYLINE
  5
403
330
1F
100
AcDbEntity
  8
TopLayer
100
AcDbPolyline
 90
1
 70
 0
 43
1 
 10
7.607112014223958
 20
-25.465074930149854
 10
13.276911353822697
 20
-25.465074930149854
  0
LWPOLYLINE
  5
404
330
1F
100
AcDbEntity
  8
TopLayer
100
AcDbPolyline
 90
2
 70
 0
 43
1 
 10
18.107239014477955
 20
-38.17297434594866
 10
18.065582931165864
 20
-38.13131826263657
 10
18.065582931165864
 20
-34.058928117856226
  0
LWPOLYLINE
  5
405
330
1F
100
AcDbEntity
  8
TopLayer
100
AcDbPolyline
 90
2
 70
 0
 43
1 
 10
14.285166370332718
 20
-43.62202184404373
 10
14.174142748285476
 20
-43.73304546609097
 10
11.164947929895789
 20
-43.73304546609097
  0
LWPOLYLINE
  5
406
330
1F
100
AcDbEntity
  8
TopLayer
100
AcDbPolyline
 90
3
 70
 0
 43
1 
 10
7.769037338074668
 20
-44.83543307086609
 10
10.830988061976086
 20
-44.83543307086609
 10
11.164947929895789
 20
-44.501473202946386
 10
11.164947929895789
 20
-43.73304546609097
  0
LWPOLYLINE
  5
407
330
1F
100
AcDbEntity
  8
TopLayer
100
AcDbPolyline
 90
4
 70
 0
 43
1 
 10
14.28503937007872
 20
-40.42164084328169
 10
14.28503937007872
 20
-38.613157226314456
 10
14.691440182880342
 20
-38.206756413512835
 10
18.107747015493942
 20
-38.206756413512835
 10
18.107747015493942
 20
-38.17373634747264
  0
LWPOLYLINE
  5
408
330
1F
100
AcDbEntity
  8
TopLayer
100
AcDbPolyline
 90
3
 70
 0
 43
1 
 10
18.107239014477955
 20
-43.252984505968925
 10
20.26202692405377
 20
-43.252984505968925
 10
22.47376174752344
 20
-41.04124968249937
 10
22.47376174752344
 20
-32.907035814071605
  0
LWPOLYLINE
  5
409
330
1F
100
AcDbEntity
  8
TopLayer
100
AcDbPolyline
 90
2
 70
 0
 43
1 
 10
23.980238760477505
 20
-32.907035814071605
 10
24.11130302260608
 20
-33.03810007620007
 10
26.716078232156406
 20
-33.03810007620007
  0
LWPOLYLINE
  5
40a
330
1F
100
AcDbEntity
  8
TopLayer
100
AcDbPolyline
 90
1
 70
 0
 43
1 
 10
21.658674117348255
 20
-24.47802895605787
 10
21.64089408178802
 20
-27.406654813309615
  0
LWPOLYLINE
  5
40b
330
1F
100
AcDbEntity
  8
TopLayer
100
AcDbPolyline
 90
2
 70
 0
 43
1 
 10
19.25989331978667
 20
-24.430276860553704
 10
19.211887223774283
 20
-24.478282956565977
 10
19.211887223774283
 20
-27.42468884937773
  0
LWPOLYLINE
  5
40c
330
1F
100
AcDbEntity
  8
TopLayer
100
AcDbPolyline
 90
3
 70
 0
 43
1 
 10
20.32009144018275
 20
-18.209296418592885
 10
19.659690119380002
 20
-18.209296418592885
 10
19.260909321818644
 20
-18.60807721615447
 10
19.260909321818644
 20
-22.329184658369286
  0
LWPOLYLINE
  5
40d
330
1F
100
AcDbEntity
  8
TopLayer
100
AcDbPolyline
 90
2
 70
 0
 43
1 
 10
21.59009398018793
 20
-18.209042418084778
 10
21.659944119888223
 20
-18.27889255778507
 10
21.659944119888223
 20
-22.37668275336557
  0
LWPOLYLINE
  5
40e
330
1F
100
AcDbEntity
  8
TopLayer
100
AcDbPolyline
 90
2
 70
 0
 43
1 
 10
24.130099060198063
 20
-18.209042418084778
 10
24.010972821945643
 20
-18.32816865633731
 10
24.010972821945643
 20
-20.740919481839
  0
LWPOLYLINE
  5
40f
330
1F
100
AcDbEntity
  8
TopLayer
100
AcDbPolyline
 90
2
 70
 0
 43
1 
 10
29.28910337820662
 20
-22.620777241554492
 10
29.210109220218328
 20
-22.541783083566088
 10
29.210109220218328
 20
-18.209042418084778
  0
LWPOLYLINE
  5
410
330
1F
100
AcDbEntity
  8
TopLayer
100
AcDbPolyline
 90
1
 70
 0
 43
1 
 10
29.283769367538753
 20
-27.421894843789687
 10
29.288849377698853
 20
-24.72186944373891
  0
LWPOLYLINE
  5
411
330
1F
100
AcDbEntity
  8
TopLayer
100
AcDbPolyline
 90
3
 70
 0
 43
1 
 10
36.836957073914164
 20
-22.734290068580094
 10
34.67894335788674
 20
-22.734290068580094
 10
33.736906273812565
 20
-21.79225298450592
 10
33.736906273812565
 20
-19.689611379222697
  0
LWPOLYLINE
  5
412
330
1F
100
AcDbEntity
  8
TopLayer
100
AcDbPolyline
 90
2
 70
 0
 43
1 
 10
36.83698247396501
 20
-21.227838455676874
 10
36.94290068580153
 20
-21.121920243840464
 10
36.94290068580153
 20
-19.536957073914095
  0
LWPOLYLINE
  5
413
330
1F
100
AcDbEntity
  8
TopLayer
100
AcDbPolyline
 90
2
 70
 0
 43
1 
 10
36.83698247396501
 20
-22.73431546863094
 10
36.863906527813015
 20
-22.761239522478945
 10
38.51694183388349
 20
-22.761239522478945
  0
LWPOLYLINE
  5
414
330
1F
100
AcDbEntity
  8
TopLayer
100
AcDbPolyline
 90
1
 70
 0
 43
1 
 10
38.32872745745476
 20
-17.167894335788674
 10
38.34396748793506
 20
-19.53771907543819
  0
LWPOLYLINE
  5
415
330
1F
100
AcDbEntity
  8
TopLayer
100
AcDbPolyline
 90
2
 70
 0
 43
1 
 10
37.0589789179578
 20
-17.16840233680466
 10
36.94290068580153
 20
-17.284480568961158
 10
36.94290068580153
 20
-19.536957073914095
  0
LWPOLYLINE
  5
416
330
1F
100
AcDbEntity
  8
TopLayer
100
AcDbPolyline
 90
3
 70
 0
 43
1 
 10
38.34295148590286
 20
-19.536957073914095
 10
38.34295148590286
 20
-20.5750063500127
 10
38.51694183388349
 20
-20.748996697993334
 10
38.51694183388349
 20
-21.254762509524994
  0
LWPOLYLINE
  5
417
330
1F
100
AcDbEntity
  8
TopLayer
100
AcDbPolyline
 90
3
 70
 0
 43
1 
 10
42.19969519939036
 20
-21.05410210820412
 10
41.27767335534668
 20
-21.05410210820412
 10
39.59872999745994
 20
-19.375158750317496
 10
39.59872999745994
 20
-17.167894335788674
  0
LWPOLYLINE
  5
418
330
1F
100
AcDbEntity
  8
TopLayer
100
AcDbPolyline
 90
2
 70
 0
 43
1 
 10
24.587045974092007
 20
1.428244856489755
 10
24.79913639827282
 20
1.6403352806705698
 10
24.79913639827282
 20
3.2679705359411173
  0
LWPOLYLINE
  5
419
330
1F
100
AcDbEntity
  8
TopLayer
100
AcDbPolyline
 90
2
 70
 0
 43
1 
 10
22.38689357378712
 20
-0.32181864363724344
 10
22.299009398018825
 20
-0.23393446786883487
 10
20.25405130810259
 20
-0.23393446786883487
  0
LWPOLYLINE
  5
41a
330
1F
100
AcDbEntity
  8
TopLayer
100
AcDbPolyline
 90
2
 70
 0
 43
1 
 10
29.210109220218328
 20
-8.608839217678451
 10
29.26700533401072
 20
-8.551943103886174
 10
29.26700533401072
 20
-5.314198628397207
  0
LWPOLYLINE
  5
41b
330
1F
100
AcDbEntity
  8
TopLayer
100
AcDbPolyline
 90
1
 70
 0
 43
1 
 10
29.276149352298717
 20
-0.6553213106425346
 10
29.265989331978744
 20
-3.213106426212903
  0
LWPOLYLINE
  5
41c
330
1F
100
AcDbEntity
  8
TopLayer
100
AcDbPolyline
 90
5
 70
 0
 43
1 
 10
27.940106680213376
 20
-8.608077216154356
 10
27.945186690373475
 20
-6.570993141986264
 10
27.767386334772482
 20
-6.393192786385612
 10
27.767386334772482
 20
4.419608839217744
 10
29.057708915417606
 20
5.709931419862869
 10
29.94671069342121
 20
5.709931419862869
  0
LWPOLYLINE
  5
41d
330
1F
100
AcDbEntity
  8
TopLayer
100
AcDbPolyline
 90
2
 70
 0
 43
1 
 10
29.947980695961405
 20
5.708661417322787
 10
29.975158750317405
 20
5.735839471678901
 10
31.46512573025143
 20
5.735839471678901
  0
LWPOLYLINE
  5
41e
330
1F
100
AcDbEntity
  8
TopLayer
100
AcDbPolyline
 90
3
 70
 0
 43
1 
 10
25.400101600203243
 20
-8.608077216154356
 10
25.400101600203243
 20
-5.94869189738381
 10
24.96322072644125
 20
-5.511811023621931
 10
24.96322072644125
 20
-4.98602997206001
  0
LWPOLYLINE
  5
41f
330
1F
100
AcDbEntity
  8
TopLayer
100
AcDbPolyline
 90
3
 70
 0
 43
1 
 10
22.86009652019311
 20
-8.608077216154356
 10
22.86009652019311
 20
-7.0739141478283045
 10
20.25405130810259
 20
-4.467868935737897
 10
20.25405130810259
 20
-0.23368046736095494
  0
LWPOLYLINE
  5
420
330
1F
100
AcDbEntity
  8
TopLayer
100
AcDbPolyline
 90
2
 70
 0
 43
1 
 10
38.328981457962755
 20
-11.623571247142536
 10
38.26802133604269
 20
-11.562611125222247
 10
38.26802133604269
 20
-9.457962915925805
  0
LWPOLYLINE
  5
421
330
1F
100
AcDbEntity
  8
TopLayer
100
AcDbPolyline
 90
2
 70
 0
 43
1 
 10
39.598983997967935
 20
-11.623571247142536
 10
39.66807213614425
 20
-11.55448310896611
 10
39.66807213614425
 20
-9.457962915925805
  0
LWPOLYLINE
  5
422
330
1F
100
AcDbEntity
  8
TopLayer
100
AcDbPolyline
 90
2
 70
 0
 43
1 
 10
38.26802133604269
 20
-9.457962915925805
 10
38.21341122682247
 20
-9.403352806705698
 10
36.73589027178059
 20
-9.403352806705698
  0
LWPOLYLINE
  5
423
330
1F
100
AcDbEntity
  8
TopLayer
100
AcDbPolyline
 90
1
 70
 0
 43
1 
 10
39.667310134620266
 20
-9.45897891795778
 10
39.662230124460166
 20
-7.645415290830556
  0
LWPOLYLINE
  5
424
330
1F
100
AcDbEntity
  8
TopLayer
100
AcDbPolyline
 90
1
 70
 0
 43
1 
 10
39.662230124460166
 20
-7.645415290830556
 10
38.23474726949439
 20
-7.64287528575062
  0
LWPOLYLINE
  5
425
330
1F
100
AcDbEntity
  8
TopLayer
100
AcDbPolyline
 90
3
 70
 0
 43
1 
 10
38.23474726949439
 20
-6.1366522733045485
 10
37.24414528829061
 20
-6.1366522733045485
 10
36.736144272288584
 20
-6.644653289306575
 10
36.736144272288584
 20
-7.896875793751633
  0
LWPOLYLINE
  5
426
330
1F
100
AcDbEntity
  8
TopLayer
100
AcDbPolyline
 90
2
 70
 0
 43
1 
 10
38.233959867919566
 20
-6.13563627127246
 10
37.997510795021526
 20
-5.8992125984251516
 10
37.997510795021526
 20
-3.0701041402082865
  0
LWPOLYLINE
  5
427
330
1F
100
AcDbEntity
  8
TopLayer
100
AcDbPolyline
 90
1
 70
 0
 43
1 
 10
40.86873253746489
 20
-11.623063246126549
 10
42.37749555499113
 20
-11.60020320040644
  0
LWPOLYLINE
  5
428
330
1F
100
AcDbEntity
  8
TopLayer
100
AcDbPolyline
 90
5
 70
 0
 43
1 
 10
38.51668783337573
 20
-21.254762509524994
 10
39.55554991109966
 20
-21.254762509524994
 10
40.48011176022351
 20
-22.179324358648728
 10
40.48011176022351
 20
-24.988569977139946
 10
39.73589027178036
 20
-25.735331470662913
 10
39.73589027178036
 20
-27.69875539751081
  0
LWPOLYLINE
  5
429
330
1F
100
AcDbEntity
  8
TopLayer
100
AcDbPolyline
 90
6
 70
 0
 43
1 
 10
-2.054813309626752
 20
-15.659131318262666
 10
-2.097993395986805
 20
-15.613411226822336
 10
-3.682956565913173
 20
-15.613411226822336
 10
-4.262077724155461
 20
-15.031750063500112
 10
-4.262077724155461
 20
-10.03302006604008
 10
-3.106375412750822
 20
-8.877317754635442
 10
3.3858775717551453
 20
-8.877317754635442
  0
LWPOLYLINE
  5
42a
330
1F
100
AcDbEntity
  8
TopLayer
100
AcDbPolyline
 90
6
 70
 0
 43
1 
 10
4.178359156718216
 20
-26.20269240538471
 10
3.6068580137159643
 20
-25.628651257302522
 10
-3.7693167386335062
 20
-25.628651257302522
 10
-4.709118618237312
 20
-24.688849377698716
 10
-4.709118618237312
 20
-19.563119126238234
 10
-3.5661163322326956
 20
-18.41757683515368
 10
-2.054813309626752
 20
-18.41757683515368
  0
LWPOLYLINE
  5
42b
330
1F
100
AcDbEntity
  8
TopLayer
100
AcDbPolyline
 90
2
 70
 0
 43
1 
 10
31.46512573025143
 20
7.2423164846329655
 10
31.420929641859175
 20
7.286512573025107
 10
31.420929641859175
 20
9.040894081788224
  0
LWPOLYLINE
  5
42c
330
1F
100
AcDbEntity
  8
TopLayer
100
AcDbPolyline
 90
1
 70
 0
 43
1 
 10
31.437693675387436
 20
10.833121666243414
 10
31.4199136398272
 20
9.03987807975625
  0
LWPOLYLINE
  5
42d
330
1F
100
AcDbEntity
  8
TopLayer
100
AcDbPolyline
 90
4
 70
 0
 43
1 
 10
26.038658877317857
 20
6.864109728219432
 10
24.314554229108353
 20
5.140005080010155
 10
20.799999999999955
 20
5.140005080010155
 10
18.83599187198388
 20
3.175996951993966
 10
18.83599187198388
 20
-3.597993395986805
  0
LWPOLYLINE
  5
42e
330
1F
100
AcDbEntity
  8
TopLayer
100
AcDbPolyline
 90
6
 70
 0
 43
1 
 10
26.670104140208196
 20
-8.608864617729182
 10
26.617018034036164
 20
-8.555778511557037
 10
26.617018034036164
 20
-6.463804927609772
 10
26.591973583947038
 20
-6.438811277622563
 10
26.591973583947038
 20
-3.7860045720091193
 10
26.596951993903986
 20
-3.781026162052399
 10
26.596951993903986
 20
-2.5969011938024096
  0
LWPOLYLINE
  5
42f
330
1F
100
AcDbEntity
  8
TopLayer
100
AcDbPolyline
 90
6
 70
 0
 43
1 
 10
23.357937515874937
 20
10.624841249682504
 10
23.3452374904748
 20
9.250698501397096
 10
24.18597917195848
 20
8.412496824993696
 10
27.741986283972665
 20
8.412496824993696
 10
28.453187706375502
 20
7.701295402590858
 10
28.453187706375502
 20
5.105410210820423
 10
27.767386334772482
 20
4.419608839217744
  0
LWPOLYLINE
  5
430
330
1F
100
AcDbEntity
  8
TopLayer
100
AcDbPolyline
 90
3
 70
 0
 43
1 
 10
17.444043688087277
 20
1.7000254000508903
 10
17.444043688087277
 20
4.965049530099009
 10
20.816941833883675
 20
8.337922275844562
 10
20.816941833883675
 20
10.624053848107678
  0
LWPOLYLINE
  5
431
330
1F
100
AcDbEntity
  8
TopLayer
100
AcDbPolyline
 90
4
 70
 0
 43
1 
 10
29.930708661417384
 20
10.832867665735307
 10
29.921564643129386
 20
10.842011684023419
 10
28.535001270002567
 20
10.842011684023419
 10
28.37399034798068
 20
10.681000762001531
 10
28.37399034798068
 20
9.572009144018239
  0
LWPOLYLINE
  5
432
330
1F
100
AcDbEntity
  8
TopLayer
100
AcDbPolyline
 90
5
 70
 0
 43
1 
 10
17.482905765811438
 20
7.274574549149065
 10
9.151689103378203
 20
7.284734569469151
 10
6.555803911607882
 20
4.68884937769883
 10
6.555803911607882
 20
-12.768605537211101
 10
5.044500889001711
 20
-14.277368554737109
 10
0.784912369824724
 20
-14.277368554737109
  0
LWPOLYLINE
  5
433
330
1F
100
AcDbEntity
  8
TopLayer
100
AcDbPolyline
 90
3
 70
 0
 43
1 
 10
39.598983997967935
 20
-17.16840233680466
 10
39.598983997967935
 20
-14.601981203962396
 10
38.89794259588507
 20
-13.900939801879645
 10
35.36327152654303
 20
-13.900939801879645
  0
LWPOLYLINE
  5
434
330
1F
100
AcDbEntity
  8
TopLayer
100
AcDbPolyline
 90
3
 70
 0
 43
1 
 10
30.480111760223508
 20
-18.209296418592885
 10
30.49027178054348
 20
-15.130810261620582
 10
31.719634239268544
 20
-13.901447802895632
 10
33.85577851155699
 20
-13.901447802895632
  0
LWPOLYLINE
  5
435
330
1F
100
AcDbEntity
  8
TopLayer
100
AcDbPolyline
 90
3
 70
 0
 43
1 
 10
14.28503937007872
 20
-43.62204724409446
 10
15.577901955803782
 20
-43.62204724409446
 10
15.946202692405222
 20
-43.25374650749302
 10
18.107747015493942
 20
-43.25374650749302
  0
LWPOLYLINE
  5
436
330
1F
100
AcDbEntity
  8
TopLayer
100
AcDbPolyline
 90
4
 70
 0
 43
1 
 10
26.716078232156406
 20
-33.03810007620007
 10
24.46200152400297
 20
-30.784023368046746
 10
24.46200152400297
 20
-27.440005080010224
 10
26.670104140208196
 20
-25.231902463805
 10
26.670104140208196
 20
-18.209042418084778
  0
LWPOLYLINE
  5
437
330
1F
100
AcDbEntity
  8
TopLayer
100
AcDbPolyline
 90
2
 70
 0
 43
1 
 10
24.010972821945643
 20
-20.740919481839
 10
24.010972821945643
 20
-23.650977901955798
 10
25.097002794005675
 20
-24.737007874015717
  0
LWPOLYLINE
  5
438
330
1F
100
AcDbEntity
  8
TopLayer
100
AcDbPolyline
 90
2
 70
 0
 43
1 
 10
20.32009144018275
 20
-8.608864617729182
 10
20.30789941579883
 20
-8.596672593345147
 10
20.30789941579883
 20
-7.227076454152893
  0
LWPOLYLINE
  5
439
330
1F
100
AcDbEntity
  8
TopLayer
100
AcDbPolyline
 90
1
 70
 0
 43
1 
 10
31.51389382778757
 20
-28.93827787655573
 10
29.283769367538753
 20
-28.928117856235644
  0
LWPOLYLINE
  5
43a
330
1F
100
AcDbEntity
  8
TopLayer
100
AcDbPolyline
 90
2
 70
 0
 43
1 
 10
5.025984251968566
 20
-9.214097028194033
 10
5.0069088138175175
 20
-9.195021590043211
 10
5.0069088138175175
 20
-4.089662179324364
  0
LWPOLYLINE
  5
43b
330
1F
100
AcDbEntity
  8
TopLayer
100
AcDbPolyline
 90
3
 70
 0
 43
1 
 10
10.708712217424363
 20
-30.939801879603692
 10
10.7214122428245
 20
-28.56235712471414
 10
11.51897383794767
 20
-27.764795529591083
 10
13.276657353314704
 20
-27.764795529591083
  0
LWPOLYLINE
  5
43c
330
1F
100
AcDbEntity
  8
TopLayer
100
AcDbPolyline
 90
6
 70
 0
 43
1 
 10
29.28910337820662
 20
-22.620802641605337
 10
29.305359410718893
 20
-22.63698247396485
 10
31.09997459994929
 20
-22.63698247396485
 10
33.1839471678943
 20
-24.72103124206251
 10
33.1839471678943
 20
-29.957988315976536
 10
31.626924053848143
 20
-31.51501143002281
 10
31.626924053848143
 20
-33.98806197612396
  0
LWPOLYLINE
  5
43d
330
1F
100
AcDbEntity
  8
TopLayer
100
AcDbPolyline
 90
5
 70
 0
 43
1 
 10
13.886258572517136
 20
-36.87833375666753
 10
8.150927101854222
 20
-36.87833375666753
 10
7.320345440690971
 20
-36.047752095504165
 10
7.320345440690971
 20
-29.837439674879306
 10
5.1918211836423325
 20
-27.708915417830895
 10
4.178359156718216
 20
-27.708915417830895
  0
LWPOLYLINE
  5
43e
330
1F
100
AcDbEntity
  8
TopLayer
100
AcDbPolyline
 90
2
 70
 0
 43
1 
 10
33.848006096012114
 20
-31.60899161798318
 10
35.96499872999743
 20
-29.491998983997973
 10
35.96499872999743
 20
-24.507010414020897
  0
LWPOLYLINE
  5
43f
330
1F
100
AcDbEntity
  8
TopLayer
100
AcDbPolyline
 90
4
 70
 0
 43
1 
 10
27.940106680213376
 20
-18.209042418084778
 10
27.940106680213376
 20
-15.500101600203266
 10
26.304978409956675
 20
-13.864973329946679
 10
24.394030988062013
 20
-11.95402590805179
 10
17.50906781813569
 20
-11.95402590805179
  0
LWPOLYLINE
  5
440
330
1F
100
AcDbEntity
  8
TopLayer
100
AcDbPolyline
 90
6
 70
 0
 43
1 
 10
8.270053340106642
 20
-1.1310642621284615
 10
8.27099314198631
 20
-1.1301244602489078
 10
8.27099314198631
 20
0.04500889001781161
 10
9.21998983997969
 20
0.9940055880111913
 10
12.402997205994325
 20
0.9940055880111913
 10
14.570002540004907
 20
-1.1729997459995047
 10
14.570002540004907
 20
-11.324993649987277
  0
LWPOLYLINE
  5
441
330
1F
100
AcDbEntity
  8
TopLayer
100
AcDbPolyline
 90
5
 70
 0
 43
1 
 10
6.880924561849042
 20
-17.782575565151205
 10
4.843840487681064
 20
-17.782575565151205
 10
4.064058928117902
 20
-18.562357124714254
 10
4.064058928117902
 20
-21.905003810007543
 10
3.4112776225551897
 20
-22.557785115570255
 10
0.784912369824724
 20
-22.557785115570255
  0
LWPOLYLINE
  5
442
330
1F
100
AcDbEntity
  8
TopLayer
100
AcDbPolyline
 90
2
 70
 0
 43
1 
 10
35.24102108204215
 20
-3.081991363982752
 10
35.25288290576577
 20
-3.0701041402082865
 10
37.997510795021526
 20
-3.0701041402082865
  0
LWPOLYLINE
  5
443
330
1F
100
AcDbEntity
  8
TopLayer
100
AcDbPolyline
 90
3
 70
 0
 43
1 
 10
18.06456692913389
 20
-34.058928117856226
 10
20.65537211074411
 20
-34.058928117856226
 10
20.922072644145146
 20
-33.79222758445519
 10
20.922072644145146
 20
-32.852425704851385
  0
LWPOLYLINE
  5
444
330
1F
100
AcDbEntity
  8
TopLayer
100
AcDbPolyline
 90
2
 70
 0
 43
1 
 10
42.376987553974914
 20
-13.107188214376379
 10
43.224003048006125
 20
-13.954203708407363
 10
43.224003048006125
 20
-16.75300990601977
  0
LWPOLYLINE
  5
445
330
1F
100
AcDbEntity
  8
TopLayer
100
AcDbPolyline
 90
3
 70
 0
 43
1 
 10
30.480111760223508
 20
-8.608077216154356
 10
31.224333248666426
 20
-8.608077216154356
 10
31.63835407670831
 20
-8.196596393192749
 10
31.63835407670831
 20
-5.31369062738122
  0
LWPOLYLINE
  5
446
330
1F
100
AcDbEntity
  8
TopLayer
100
AcDbPolyline
 90
3
 70
 0
 43
1 
 10
18.06456692913389
 20
-34.058928117856226
 10
18.06456692913389
 20
-32.78892557785116
 10
16.093522987045844
 20
-30.815341630683292
 10
15.438201676403196
 20
-30.815341630683292
  0
LWPOLYLINE
  5
447
330
1F
100
AcDbEntity
  8
TopLayer
100
AcDbPolyline
 90
4
 70
 0
 43
1 
 10
13.276911353822697
 20
-25.465074930149854
 10
13.307975615951136
 20
-25.4340106680213
 10
14.82199644399293
 20
-25.4340106680213
 10
15.437363474726908
 20
-26.049377698755393
 10
15.437363474726908
 20
-30.81610363220716
  0
LWPOLYLINE
  5
448
330
1F
100
AcDbEntity
  8
TopLayer
100
AcDbPolyline
 90
3
 70
 0
 43
1 
 10
13.929438658877416
 20
-30.815341630683292
 10
13.929438658877416
 20
-29.58851917703828
 10
13.276657353314704
 20
-28.93319786639563
 10
13.276657353314704
 20
-27.764795529591083
  0
LWPOLYLINE
  5
449
330
1F
100
AcDbEntity
  8
TopLayer
100
AcDbPolyline
 90
6
 70
 0
 43
1 
 10
22.47376174752344
 20
-32.907035814071605
 10
22.46598933197879
 20
-32.89926339852673
 10
22.46598933197879
 20
-31.302997205994416
 10
21.906985013969916
 20
-30.74399288798577
 10
18.50398780797559
 20
-30.74399288798577
 10
17.602006604013013
 20
-29.842011684023305
 10
17.602006604013013
 20
-16.294005588011146
  0
LWPOLYLINE
  5
44a
330
1F
100
AcDbEntity
  8
TopLayer
100
AcDbPolyline
 90
1
 70
 0
 43
1 
 10
31.63835407670831
 20
-3.213106426212903
 10
31.63835407670831
 20
-0.6451612903225623
  0
LWPOLYLINE
  5
44b
330
1F
100
AcDbEntity
  8
TopLayer
100
AcDbPolyline
 90
6
 70
 0
 43
1 
 10
24.130099060198063
 20
-18.209296418592885
 10
24.10469900939779
 20
-18.183896367792727
 10
24.10469900939779
 20
-15.8750317500635
 10
23.291897383794776
 20
-15.062230124460257
 10
18.09758699517397
 20
-15.062230124460257
 10
16.14432308864616
 20
-13.108966217932448
 10
16.14432308864616
 20
0.7086614173227872
  0
LWPOLYLINE
  5
44c
330
1F
100
AcDbEntity
  8
TopLayer
100
AcDbPolyline
 90
9
 70
 0
 43
1 
 10
24.130099060198063
 20
-8.608077216154356
 10
24.130099060198063
 20
-6.619253238506417
 10
22.435915671831253
 20
-4.925069850139607
 10
22.435915671831253
 20
-2.3037846075692414
 10
22.918516637033235
 20
-1.8211836423672594
 10
25.590601981203918
 20
-1.8211836423672594
 10
26.235763271526594
 20
-1.176022352044697
 10
26.235763271526594
 20
0.9271018542037837
 10
25.735382270764376
 20
1.4274828549656604
 10
24.5872999746
 20
1.4274828549656604
  0
LWPOLYLINE
  5
44d
330
1F
100
AcDbEntity
  8
TopSilkLayer
100
AcDbPolyline
 90
1
 70
 0
 43
0.15240030480060962 
 10
26.679324358648728
 20
8.181051562103107
 10
26.679324358648728
 20
7.498475996951925
  0
LWPOLYLINE
  5
44e
330
1F
100
AcDbEntity
  8
TopSilkLayer
100
AcDbPolyline
 90
3
 70
 0
 43
0.15240030480060962 
 10
22.26027432054866
 20
7.498475996951925
 10
22.26027432054866
 20
9.117221234442468
 10
25.776479552959017
 20
9.117221234442468
 10
26.71267462534911
 20
8.181051562103107
  0
LWPOLYLINE
  5
44f
330
1F
100
AcDbEntity
  8
TopSilkLayer
100
AcDbPolyline
 90
4
 70
 0
 43
0.15240030480060962 
 10
22.26027432054866
 20
6.28359156718318
 10
22.26027432054866
 20
4.664846329692637
 10
25.7764541529084
 20
4.664846329692637
 10
26.712649225298264
 20
5.601092202184418
 10
26.712649225298264
 20
6.28359156718318
  0
LWPOLYLINE
  5
450
330
1F
100
AcDbEntity
  8
TopSilkLayer
100
AcDbPolyline
 90
1
 70
 0
 43
0.15240030480060962 
 10
3.328956057912137
 20
-32.33368046736098
 10
4.01153162306332
 20
-32.33368046736098
  0
LWPOLYLINE
  5
451
330
1F
100
AcDbEntity
  8
TopSilkLayer
100
AcDbPolyline
 90
3
 70
 0
 43
0.15240030480060962 
 10
4.01153162306332
 20
-36.75273050546093
 10
2.3927863855726628
 20
-36.75273050546093
 10
2.3927863855726628
 20
-33.23652527305046
 10
3.328956057912137
 20
-32.30033020066037
  0
LWPOLYLINE
  5
452
330
1F
100
AcDbEntity
  8
TopSilkLayer
100
AcDbPolyline
 90
4
 70
 0
 43
0.15240030480060962 
 10
5.2264160528320645
 20
-36.75273050546093
 10
6.845161290322494
 20
-36.75273050546093
 10
6.845161290322494
 20
-33.236550673101306
 10
5.908915417830713
 20
-32.3003556007111
 10
5.2264160528320645
 20
-32.3003556007111
  0
LWPOLYLINE
  5
453
330
1F
100
AcDbEntity
  8
TopSilkLayer
100
AcDbPolyline
 90
1
 70
 0
 43
0.15240030480060962 
 10
6.297053594107183
 20
-4.6123190246380545
 10
5.614478028956
 20
-4.6123190246380545
  0
LWPOLYLINE
  5
454
330
1F
100
AcDbEntity
  8
TopSilkLayer
100
AcDbPolyline
 90
3
 70
 0
 43
0.15240030480060962 
 10
5.614478028956
 20
-0.19326898653798708
 10
7.23322326644643
 20
-0.19326898653798708
 10
7.23322326644643
 20
-3.7094742189484577
 10
6.297053594107183
 20
-4.6456692913385496
  0
LWPOLYLINE
  5
455
330
1F
100
AcDbEntity
  8
TopSilkLayer
100
AcDbPolyline
 90
4
 70
 0
 43
0.15240030480060962 
 10
4.399593599187028
 20
-0.19326898653798708
 10
2.7808483616965987
 20
-0.19326898653798708
 10
2.7808483616965987
 20
-3.709448818897613
 10
3.71709423418838
 20
-4.645643891287818
 10
4.399593599187028
 20
-4.645643891287818
  0
LWPOLYLINE
  5
456
330
1F
100
AcDbEntity
  8
TopSilkLayer
100
AcDbPolyline
 90
1
 70
 0
 43
0.15240030480060962 
 10
35.06703073406129
 20
-11.111303022605966
 10
34.384455168910335
 20
-11.111303022605966
  0
LWPOLYLINE
  5
457
330
1F
100
AcDbEntity
  8
TopSilkLayer
100
AcDbPolyline
 90
3
 70
 0
 43
0.15240030480060962 
 10
34.384455168910335
 20
-6.692252984506013
 10
36.003200406400765
 20
-6.692252984506013
 10
36.003200406400765
 20
-10.208458216916483
 10
35.06703073406129
 20
-11.144653289306575
  0
LWPOLYLINE
  5
458
330
1F
100
AcDbEntity
  8
TopSilkLayer
100
AcDbPolyline
 90
4
 70
 0
 43
0.15240030480060962 
 10
33.16957073914136
 20
-6.692252984506013
 10
31.550825501650934
 20
-6.692252984506013
 10
31.550825501650934
 20
-10.208432816865638
 10
32.487071374142715
 20
-11.144627889255844
 10
33.16957073914136
 20
-11.144627889255844
  0
LWPOLYLINE
  5
459
330
1F
100
AcDbEntity
  8
TopSilkLayer
100
AcDbPolyline
 90
1
 70
 0
 43
0.15240030480060962 
 10
35.02705105410223
 20
-20.212319024637964
 10
34.34447548895082
 20
-20.212319024637964
  0
LWPOLYLINE
  5
45a
330
1F
100
AcDbEntity
  8
TopSilkLayer
100
AcDbPolyline
 90
3
 70
 0
 43
0.15240030480060962 
 10
34.34447548895082
 20
-15.79326898653801
 10
35.96322072644148
 20
-15.79326898653801
 10
35.96322072644148
 20
-19.30947421894848
 10
35.02705105410223
 20
-20.245669291338572
  0
LWPOLYLINE
  5
45b
330
1F
100
AcDbEntity
  8
TopSilkLayer
100
AcDbPolyline
 90
4
 70
 0
 43
0.15240030480060962 
 10
33.129591059182076
 20
-15.79326898653801
 10
31.510845821691646
 20
-15.79326898653801
 10
31.510845821691646
 20
-19.309448818897636
 10
32.4470916941832
 20
-20.24564389128784
 10
33.129591059182076
 20
-20.24564389128784
  0
LWPOLYLINE
  5
45c
330
1F
100
AcDbEntity
  8
TopSilkLayer
100
AcDbPolyline
 90
1
 70
 0
 43
0.15240030480060962 
 10
37.47467614935226
 20
-4.360045720091421
 10
37.47467614935226
 20
-3.6774701549403517
  0
LWPOLYLINE
  5
45d
330
1F
100
AcDbEntity
  8
TopSilkLayer
100
AcDbPolyline
 90
3
 70
 0
 43
0.15240030480060962 
 10
41.89372618745233
 20
-3.6774701549403517
 10
41.89372618745233
 20
-5.296215392430781
 10
38.377520955041746
 20
-5.296215392430781
 10
37.441325882651654
 20
-4.360045720091421
  0
LWPOLYLINE
  5
45e
330
1F
100
AcDbEntity
  8
TopSilkLayer
100
AcDbPolyline
 90
4
 70
 0
 43
0.15240030480060962 
 10
41.89372618745233
 20
-2.4625857251714933
 10
41.89372618745233
 20
-0.84384048768095
 10
38.37754635509259
 20
-0.84384048768095
 10
37.4413512827025
 20
-1.7800863601727315
 10
37.4413512827025
 20
-2.4625857251714933
  0
LWPOLYLINE
  5
45f
330
1F
100
AcDbEntity
  8
TopSilkLayer
100
AcDbPolyline
 90
1
 70
 0
 43
0.15240030480060962 
 10
12.79631699263382
 20
-7.027965455930939
 10
12.79631699263382
 20
-7.710541021082008
  0
LWPOLYLINE
  5
460
330
1F
100
AcDbEntity
  8
TopSilkLayer
100
AcDbPolyline
 90
3
 70
 0
 43
0.15240030480060962 
 10
8.377266954533752
 20
-7.710541021082008
 10
8.377266954533752
 20
-6.091795783591579
 10
11.893472186944336
 20
-6.091795783591579
 10
12.829667259334428
 20
-7.027965455930939
  0
LWPOLYLINE
  5
461
330
1F
100
AcDbEntity
  8
TopSilkLayer
100
AcDbPolyline
 90
4
 70
 0
 43
0.15240030480060962 
 10
8.377266954533752
 20
-8.925425450850867
 10
8.377266954533752
 20
-10.54417068834141
 10
11.893446786893492
 20
-10.54417068834141
 10
12.82964185928381
 20
-9.607924815849628
 10
12.82964185928381
 20
-8.925425450850867
  0
LWPOLYLINE
  5
462
330
1F
100
AcDbEntity
  8
TopSilkLayer
100
AcDbPolyline
 90
1
 70
 0
 43
0.15240030480060962 
 10
4.360045720091421
 20
-45.34930149860293
 10
3.677470154940238
 20
-45.34930149860293
  0
LWPOLYLINE
  5
463
330
1F
100
AcDbEntity
  8
TopSilkLayer
100
AcDbPolyline
 90
3
 70
 0
 43
0.15240030480060962 
 10
3.677470154940238
 20
-40.93025146050297
 10
5.296215392430668
 20
-40.93025146050297
 10
5.296215392430668
 20
-44.44645669291344
 10
4.360045720091421
 20
-45.382651765303535
  0
LWPOLYLINE
  5
464
330
1F
100
AcDbEntity
  8
TopSilkLayer
100
AcDbPolyline
 90
4
 70
 0
 43
0.15240030480060962 
 10
2.4625857251714933
 20
-40.93025146050297
 10
0.8438404876810637
 20
-40.93025146050297
 10
0.8438404876810637
 20
-44.4464312928626
 10
1.7800863601726178
 20
-45.382626365252804
 10
2.4625857251714933
 20
-45.382626365252804
  0
LWPOLYLINE
  5
465
330
1F
100
AcDbEntity
  8
TopSilkLayer
100
AcDbPolyline
 90
1
 70
 0
 43
0.25400050800101603 
 10
24.253416306832605
 20
-4.004800609601261
 10
24.253416306832605
 20
-3.204826009652038
  0
LWPOLYLINE
  5
466
330
1F
100
AcDbEntity
  8
TopSilkLayer
100
AcDbPolyline
 90
1
 70
 0
 43
0.25400050800101603 
 10
24.25295910591808
 20
-4.565252730505449
 10
24.25295910591808
 20
-5.365227330454559
  0
LWPOLYLINE
  5
467
330
1F
100
AcDbEntity
  8
TopSilkLayer
100
AcDbPolyline
 90
1
 70
 0
 43
0.25400050800101603 
 10
25.673101346202657
 20
-4.004800609601261
 10
25.673101346202657
 20
-3.204826009652038
  0
LWPOLYLINE
  5
468
330
1F
100
AcDbEntity
  8
TopSilkLayer
100
AcDbPolyline
 90
1
 70
 0
 43
0.25400050800101603 
 10
25.672618745237514
 20
-4.565252730505449
 10
25.672618745237514
 20
-5.365227330454559
  0
LWPOLYLINE
  5
469
330
1F
100
AcDbEntity
  8
TopSilkLayer
100
AcDbPolyline
 90
1
 70
 0
 43
0.25400050800101603 
 10
24.56324612649223
 20
-2.895072390144719
 10
25.363296926593648
 20
-2.895072390144719
  0
LWPOLYLINE
  5
46a
330
1F
100
AcDbEntity
  8
TopSilkLayer
100
AcDbPolyline
 90
1
 70
 0
 43
0.25400050800101603 
 10
25.362763525527043
 20
-5.675006350012723
 10
24.562738125476244
 20
-5.675006350012723
  0
LWPOLYLINE
  5
46b
330
1F
100
AcDbEntity
  8
TopSilkLayer
100
AcDbPolyline
 90
1
 70
 0
 43
0.25400050800101603 
 10
24.991186182372303
 20
-20.031419862839698
 10
25.79116078232164
 20
-20.031419862839698
  0
LWPOLYLINE
  5
46c
330
1F
100
AcDbEntity
  8
TopSilkLayer
100
AcDbPolyline
 90
1
 70
 0
 43
0.25400050800101603 
 10
24.43073406146823
 20
-20.030962661925287
 10
23.630759461518892
 20
-20.030962661925287
  0
LWPOLYLINE
  5
46d
330
1F
100
AcDbEntity
  8
TopSilkLayer
100
AcDbPolyline
 90
1
 70
 0
 43
0.25400050800101603 
 10
24.991186182372303
 20
-21.45110490220975
 10
25.79116078232164
 20
-21.45110490220975
  0
LWPOLYLINE
  5
46e
330
1F
100
AcDbEntity
  8
TopSilkLayer
100
AcDbPolyline
 90
1
 70
 0
 43
0.25400050800101603 
 10
24.43073406146823
 20
-21.450622301244607
 10
23.630759461518892
 20
-21.450622301244607
  0
LWPOLYLINE
  5
46f
330
1F
100
AcDbEntity
  8
TopSilkLayer
100
AcDbPolyline
 90
1
 70
 0
 43
0.25400050800101603 
 10
26.10091440182873
 20
-20.341249682499438
 10
26.10091440182873
 20
-21.14130048260097
  0
LWPOLYLINE
  5
470
330
1F
100
AcDbEntity
  8
TopSilkLayer
100
AcDbPolyline
 90
1
 70
 0
 43
0.25400050800101603 
 10
23.320980441960955
 20
-21.140767081534136
 10
23.320980441960955
 20
-20.340741681483337
  0
LWPOLYLINE
  5
471
330
1F
100
AcDbEntity
  8
TopSilkLayer
100
AcDbPolyline
 90
1
 70
 0
 43
0.25400050800101603 
 10
23.81882143764301
 20
2.5584201168403524
 10
23.018846837693673
 20
2.5584201168403524
  0
LWPOLYLINE
  5
472
330
1F
100
AcDbEntity
  8
TopSilkLayer
100
AcDbPolyline
 90
1
 70
 0
 43
0.25400050800101603 
 10
24.379273558547084
 20
2.557962915925941
 10
25.17924815849642
 20
2.557962915925941
  0
LWPOLYLINE
  5
473
330
1F
100
AcDbEntity
  8
TopSilkLayer
100
AcDbPolyline
 90
1
 70
 0
 43
0.25400050800101603 
 10
23.81882143764301
 20
3.9781051562102903
 10
23.018846837693673
 20
3.9781051562102903
  0
LWPOLYLINE
  5
474
330
1F
100
AcDbEntity
  8
TopSilkLayer
100
AcDbPolyline
 90
1
 70
 0
 43
0.25400050800101603 
 10
24.379273558547084
 20
3.977622555245148
 10
25.17924815849642
 20
3.977622555245148
  0
LWPOLYLINE
  5
475
330
1F
100
AcDbEntity
  8
TopSilkLayer
100
AcDbPolyline
 90
1
 70
 0
 43
0.25400050800101603 
 10
22.709093218186354
 20
2.868249936499865
 10
22.709093218186354
 20
3.668300736601509
  0
LWPOLYLINE
  5
476
330
1F
100
AcDbEntity
  8
TopSilkLayer
100
AcDbPolyline
 90
1
 70
 0
 43
0.25400050800101603 
 10
25.48902717805413
 20
3.667767335534677
 10
25.48902717805413
 20
2.8677419354838776
  0
LWPOLYLINE
  5
477
330
1F
100
AcDbEntity
  8
TopSilkLayer
100
AcDbPolyline
 90
1
 70
 0
 43
0.25400050800101603 
 10
19.544424688849404
 20
0.7461772923545595
 10
19.544424688849404
 20
1.546151892303783
  0
LWPOLYLINE
  5
478
330
1F
100
AcDbEntity
  8
TopSilkLayer
100
AcDbPolyline
 90
1
 70
 0
 43
0.25400050800101603 
 10
19.543967487935106
 20
0.18572517145037182
 10
19.543967487935106
 20
-0.6142494284987379
  0
LWPOLYLINE
  5
479
330
1F
100
AcDbEntity
  8
TopSilkLayer
100
AcDbPolyline
 90
1
 70
 0
 43
0.25400050800101603 
 10
20.964109728219455
 20
0.7461772923545595
 10
20.964109728219455
 20
1.546151892303783
  0
LWPOLYLINE
  5
47a
330
1F
100
AcDbEntity
  8
TopSilkLayer
100
AcDbPolyline
 90
1
 70
 0
 43
0.25400050800101603 
 10
20.963627127254085
 20
0.18572517145037182
 10
20.963627127254085
 20
-0.6142494284987379
  0
LWPOLYLINE
  5
47b
330
1F
100
AcDbEntity
  8
TopSilkLayer
100
AcDbPolyline
 90
1
 70
 0
 43
0.25400050800101603 
 10
19.85425450850903
 20
1.8559055118111019
 10
20.654305308610674
 20
1.8559055118111019
  0
LWPOLYLINE
  5
47c
330
1F
100
AcDbEntity
  8
TopSilkLayer
100
AcDbPolyline
 90
1
 70
 0
 43
0.25400050800101603 
 10
20.653771907543614
 20
-0.9240284480569017
 10
19.853746507492815
 20
-0.9240284480569017
  0
LWPOLYLINE
  5
47d
330
1F
100
AcDbEntity
  8
TopSilkLayer
100
AcDbPolyline
 90
1
 70
 0
 43
0.25400050800101603 
 10
30.440817881635667
 20
8.331419862839766
 10
29.640843281686557
 20
8.331419862839766
  0
LWPOLYLINE
  5
47e
330
1F
100
AcDbEntity
  8
TopSilkLayer
100
AcDbPolyline
 90
1
 70
 0
 43
0.25400050800101603 
 10
31.001270002539968
 20
8.330962661925355
 10
31.801244602489078
 20
8.330962661925355
  0
LWPOLYLINE
  5
47f
330
1F
100
AcDbEntity
  8
TopSilkLayer
100
AcDbPolyline
 90
1
 70
 0
 43
0.25400050800101603 
 10
30.440817881635667
 20
9.751104902209818
 10
29.640843281686557
 20
9.751104902209818
  0
LWPOLYLINE
  5
480
330
1F
100
AcDbEntity
  8
TopSilkLayer
100
AcDbPolyline
 90
1
 70
 0
 43
0.25400050800101603 
 10
31.001270002539968
 20
9.750622301244562
 10
31.801244602489078
 20
9.750622301244562
  0
LWPOLYLINE
  5
481
330
1F
100
AcDbEntity
  8
TopSilkLayer
100
AcDbPolyline
 90
1
 70
 0
 43
0.25400050800101603 
 10
29.331089662179465
 20
8.641249682499392
 10
29.331089662179465
 20
9.441300482600923
  0
LWPOLYLINE
  5
482
330
1F
100
AcDbEntity
  8
TopSilkLayer
100
AcDbPolyline
 90
1
 70
 0
 43
0.25400050800101603 
 10
32.11102362204724
 20
9.44076708153409
 10
32.11102362204724
 20
8.640741681483405
  0
LWPOLYLINE
  5
483
330
1F
100
AcDbEntity
  8
TopSilkLayer
100
AcDbPolyline
 90
1
 70
 0
 43
0.25400050800101603 
 10
37.36281432562873
 20
-20.24658369316728
 10
36.562839725679396
 20
-20.24658369316728
  0
LWPOLYLINE
  5
484
330
1F
100
AcDbEntity
  8
TopSilkLayer
100
AcDbPolyline
 90
1
 70
 0
 43
0.25400050800101603 
 10
37.923266446533034
 20
-20.247040894081692
 10
38.723241046482144
 20
-20.247040894081692
  0
LWPOLYLINE
  5
485
330
1F
100
AcDbEntity
  8
TopSilkLayer
100
AcDbPolyline
 90
1
 70
 0
 43
0.25400050800101603 
 10
37.36281432562873
 20
-18.826898653797343
 10
36.562839725679396
 20
-18.826898653797343
  0
LWPOLYLINE
  5
486
330
1F
100
AcDbEntity
  8
TopSilkLayer
100
AcDbPolyline
 90
1
 70
 0
 43
0.25400050800101603 
 10
37.923266446533034
 20
-18.827381254762486
 10
38.723241046482144
 20
-18.827381254762486
  0
LWPOLYLINE
  5
487
330
1F
100
AcDbEntity
  8
TopSilkLayer
100
AcDbPolyline
 90
1
 70
 0
 43
0.25400050800101603 
 10
36.25308610617208
 20
-19.93675387350777
 10
36.25308610617208
 20
-19.136703073406125
  0
LWPOLYLINE
  5
488
330
1F
100
AcDbEntity
  8
TopSilkLayer
100
AcDbPolyline
 90
1
 70
 0
 43
0.25400050800101603 
 10
39.03302006604008
 20
-19.137236474472957
 10
39.03302006604008
 20
-19.937261874523756
  0
LWPOLYLINE
  5
489
330
1F
100
AcDbEntity
  8
TopSilkLayer
100
AcDbPolyline
 90
1
 70
 0
 43
0.25400050800101603 
 10
38.6878079756159
 20
-10.16756413512826
 10
37.88783337566679
 20
-10.16756413512826
  0
LWPOLYLINE
  5
48a
330
1F
100
AcDbEntity
  8
TopSilkLayer
100
AcDbPolyline
 90
1
 70
 0
 43
0.25400050800101603 
 10
39.2482600965202
 20
-10.16802133604267
 10
40.048234696469535
 20
-10.16802133604267
  0
LWPOLYLINE
  5
48b
330
1F
100
AcDbEntity
  8
TopSilkLayer
100
AcDbPolyline
 90
1
 70
 0
 43
0.25400050800101603 
 10
38.6878079756159
 20
-8.747879095758208
 10
37.88783337566679
 20
-8.747879095758208
  0
LWPOLYLINE
  5
48c
330
1F
100
AcDbEntity
  8
TopSilkLayer
100
AcDbPolyline
 90
1
 70
 0
 43
0.25400050800101603 
 10
39.2482600965202
 20
-8.748361696723464
 10
40.048234696469535
 20
-8.748361696723464
  0
LWPOLYLINE
  5
48d
330
1F
100
AcDbEntity
  8
TopSilkLayer
100
AcDbPolyline
 90
1
 70
 0
 43
0.25400050800101603 
 10
37.57807975615947
 20
-9.857734315468633
 10
37.57807975615947
 20
-9.057683515366989
  0
LWPOLYLINE
  5
48e
330
1F
100
AcDbEntity
  8
TopSilkLayer
100
AcDbPolyline
 90
1
 70
 0
 43
0.25400050800101603 
 10
40.358013716027244
 20
-9.058216916433821
 10
40.358013716027244
 20
-9.85824231648462
  0
LWPOLYLINE
  5
48f
330
1F
100
AcDbEntity
  8
TopSilkLayer
100
AcDbPolyline
 90
1
 70
 0
 43
0.25400050800101603 
 10
10.059817119634317
 20
-5.684582169164287
 10
9.25984251968498
 20
-5.684582169164287
  0
LWPOLYLINE
  5
490
330
1F
100
AcDbEntity
  8
TopSilkLayer
100
AcDbPolyline
 90
1
 70
 0
 43
0.25400050800101603 
 10
10.620269240538391
 20
-5.685039370078698
 10
11.420243840487728
 20
-5.685039370078698
  0
LWPOLYLINE
  5
491
330
1F
100
AcDbEntity
  8
TopSilkLayer
100
AcDbPolyline
 90
1
 70
 0
 43
0.25400050800101603 
 10
10.059817119634317
 20
-4.264897129794235
 10
9.25984251968498
 20
-4.264897129794235
  0
LWPOLYLINE
  5
492
330
1F
100
AcDbEntity
  8
TopSilkLayer
100
AcDbPolyline
 90
1
 70
 0
 43
0.25400050800101603 
 10
10.620269240538391
 20
-4.265379730759491
 10
11.420243840487728
 20
-4.265379730759491
  0
LWPOLYLINE
  5
493
330
1F
100
AcDbEntity
  8
TopSilkLayer
100
AcDbPolyline
 90
1
 70
 0
 43
0.25400050800101603 
 10
8.950088900177661
 20
-5.374752349504774
 10
8.950088900177661
 20
-4.57470154940313
  0
LWPOLYLINE
  5
494
330
1F
100
AcDbEntity
  8
TopSilkLayer
100
AcDbPolyline
 90
1
 70
 0
 43
0.25400050800101603 
 10
11.730022860045665
 20
-4.575234950469962
 10
11.730022860045665
 20
-5.375260350520762
  0
LWPOLYLINE
  5
495
330
1F
100
AcDbEntity
  8
TopSilkLayer
100
AcDbPolyline
 90
1
 70
 0
 43
0.25400050800101603 
 10
10.455422910845755
 20
-42.75280670561335
 10
10.455422910845755
 20
-41.95283210566413
  0
LWPOLYLINE
  5
496
330
1F
100
AcDbEntity
  8
TopSilkLayer
100
AcDbPolyline
 90
1
 70
 0
 43
0.25400050800101603 
 10
10.454965709931457
 20
-43.313258826517654
 10
10.454965709931457
 20
-44.11323342646688
  0
LWPOLYLINE
  5
497
330
1F
100
AcDbEntity
  8
TopSilkLayer
100
AcDbPolyline
 90
1
 70
 0
 43
0.25400050800101603 
 10
11.875107950215806
 20
-42.75280670561335
 10
11.875107950215806
 20
-41.95283210566413
  0
LWPOLYLINE
  5
498
330
1F
100
AcDbEntity
  8
TopSilkLayer
100
AcDbPolyline
 90
1
 70
 0
 43
0.25400050800101603 
 10
11.874625349250664
 20
-43.313258826517654
 10
11.874625349250664
 20
-44.11323342646688
  0
LWPOLYLINE
  5
499
330
1F
100
AcDbEntity
  8
TopSilkLayer
100
AcDbPolyline
 90
1
 70
 0
 43
0.25400050800101603 
 10
10.765252730505381
 20
-41.64307848615704
 10
11.565303530607025
 20
-41.64307848615704
  0
LWPOLYLINE
  5
49a
330
1F
100
AcDbEntity
  8
TopSilkLayer
100
AcDbPolyline
 90
1
 70
 0
 43
0.25400050800101603 
 10
11.564770129540193
 20
-44.42301244602481
 10
10.764744729489394
 20
-44.42301244602481
  0
LWPOLYLINE
  5
49b
330
1F
100
AcDbEntity
  8
TopSilkLayer
100
AcDbPolyline
 90
1
 70
 0
 43
0.15240030480060962 
 10
40.90995681991353
 20
-20.531699263398423
 10
41.592532385064715
 20
-20.531699263398423
  0
LWPOLYLINE
  5
49c
330
1F
100
AcDbEntity
  8
TopSilkLayer
100
AcDbPolyline
 90
3
 70
 0
 43
0.15240030480060962 
 10
41.592532385064715
 20
-24.950749301498604
 10
39.97378714757406
 20
-24.950749301498604
 10
39.97378714757406
 20
-21.434544069088133
 10
40.90995681991353
 20
-20.49834899669804
  0
LWPOLYLINE
  5
49d
330
1F
100
AcDbEntity
  8
TopSilkLayer
100
AcDbPolyline
 90
4
 70
 0
 43
0.15240030480060962 
 10
42.80741681483346
 20
-24.950749301498604
 10
44.426162052324116
 20
-24.950749301498604
 10
44.426162052324116
 20
-21.434569469138978
 10
43.489916179832335
 20
-20.498374396748773
 10
42.80741681483346
 20
-20.498374396748773
  0
LWPOLYLINE
  5
49e
330
1F
100
AcDbEntity
  8
TopSilkLayer
100
AcDbPolyline
 90
1
 70
 0
 43
0.15240030480060962 
 10
18.588315976631975
 20
-32.76896113792225
 10
18.588315976631975
 20
-33.451536703073316
  0
LWPOLYLINE
  5
49f
330
1F
100
AcDbEntity
  8
TopSilkLayer
100
AcDbPolyline
 90
3
 70
 0
 43
0.15240030480060962 
 10
14.169265938531908
 20
-33.451536703073316
 10
14.169265938531908
 20
-31.832791465582886
 10
17.685471170942265
 20
-31.832791465582886
 10
18.621666243332356
 20
-32.76896113792225
  0
LWPOLYLINE
  5
4a0
330
1F
100
AcDbEntity
  8
TopSilkLayer
100
AcDbPolyline
 90
4
 70
 0
 43
0.15240030480060962 
 10
14.169265938531908
 20
-34.666421132842174
 10
14.169265938531908
 20
-36.28516637033272
 10
17.685445770891647
 20
-36.28516637033272
 10
18.62164084328151
 20
-35.34892049784105
 10
18.62164084328151
 20
-34.666421132842174
  0
LWPOLYLINE
  5
4a1
330
1F
100
AcDbEntity
  8
TopSilkLayer
100
AcDbPolyline
 90
1
 70
 0
 43
0.15240030480060962 
 10
9.059055118110336
 20
-45.35831851663704
 10
8.376479552959154
 20
-45.35831851663704
  0
LWPOLYLINE
  5
4a2
330
1F
100
AcDbEntity
  8
TopSilkLayer
100
AcDbPolyline
 90
3
 70
 0
 43
0.15240030480060962 
 10
8.376479552959154
 20
-40.939268478536974
 10
9.995224790449583
 20
-40.939268478536974
 10
9.995224790449583
 20
-44.455473710947444
 10
9.059055118110336
 20
-45.391668783337536
  0
LWPOLYLINE
  5
4a3
330
1F
100
AcDbEntity
  8
TopSilkLayer
100
AcDbPolyline
 90
4
 70
 0
 43
0.15240030480060962 
 10
7.161595123190182
 20
-40.939268478536974
 10
5.542849885699752
 20
-40.939268478536974
 10
5.542849885699752
 20
-44.4554483108966
 10
6.479095758191534
 20
-45.391643383286805
 10
7.161595123190182
 20
-45.391643383286805
  0
LWPOLYLINE
  5
4a4
330
1F
100
AcDbEntity
  8
TopSilkLayer
100
AcDbPolyline
 90
4
 70
 0
 43
0.15240030480060962 
 10
8.364617729235533
 20
-19.632054864109705
 10
8.364617729235533
 20
-21.674218948437897
 10
12.37274574549133
 20
-21.674218948437897
 10
13.683388366776626
 20
-20.36611633223265
 10
13.683388366776626
 20
-19.632054864109705
  0
LWPOLYLINE
  5
4a5
330
1F
100
AcDbEntity
  8
TopSilkLayer
100
AcDbPolyline
 90
4
 70
 0
 43
0.15240030480060962 
 10
8.374777749555506
 20
-18.417932435864827
 10
8.374777749555506
 20
-16.40624841249678
 10
12.395605791211665
 20
-16.40624841249678
 10
13.683388366776626
 20
-17.694030988061968
 10
13.683388366776626
 20
-18.417932435864827
  0
LWPOLYLINE
  5
4a6
330
1F
100
AcDbEntity
  8
TopSilkLayer
100
AcDbPolyline
 90
4
 70
 0
 43
0.15240030480060962 
 10
8.254610109220266
 20
-14.06705613411225
 10
8.254610109220266
 20
-16.10922021844044
 10
12.262738125476062
 20
-16.10922021844044
 10
13.573380746761359
 20
-14.801117602235195
 10
13.573380746761359
 20
-14.06705613411225
  0
LWPOLYLINE
  5
4a7
330
1F
100
AcDbEntity
  8
TopSilkLayer
100
AcDbPolyline
 90
4
 70
 0
 43
0.15240030480060962 
 10
8.264770129540238
 20
-12.852933705867372
 10
8.264770129540238
 20
-10.841249682499324
 10
12.28559817119617
 20
-10.841249682499324
 10
13.573380746761359
 20
-12.129032258064512
 10
13.573380746761359
 20
-12.852933705867372
  0
LWPOLYLINE
  5
4a8
330
1F
100
AcDbEntity
  8
TopSilkLayer
100
AcDbPolyline
 90
1
 70
 0
 43
0.15199390398780802 
 10
11.460782321564466
 20
-1.9111760223520378
 10
11.77000254000518
 20
-1.9111760223520378
  0
LWPOLYLINE
  5
4a9
330
1F
100
AcDbEntity
  8
TopSilkLayer
100
AcDbPolyline
 90
1
 70
 0
 43
0.15199390398780802 
 10
11.460782321564466
 20
-0.35090170180342284
 10
11.77000254000518
 20
-0.35090170180342284
  0
LWPOLYLINE
  5
4aa
330
1F
100
AcDbEntity
  8
TopSilkLayer
100
AcDbPolyline
 90
1
 70
 0
 43
0.15199390398780802 
 10
11.561036322072596
 20
-0.35090170180342284
 10
11.561036322072596
 20
-0.1310388620777303
  0
LWPOLYLINE
  5
4ab
330
1F
100
AcDbEntity
  8
TopSilkLayer
100
AcDbPolyline
 90
1
 70
 0
 43
0.15199390398780802 
 10
11.561036322072596
 20
-2.1310388620777303
 10
11.561036322072596
 20
-1.9111760223520378
  0
LWPOLYLINE
  5
4ac
330
1F
100
AcDbEntity
  8
TopSilkLayer
100
AcDbPolyline
 90
1
 70
 0
 43
0.15199390398780802 
 10
11.66131572263157
 20
-1.9111760223520378
 10
11.66131572263157
 20
-2.1310388620777303
  0
LWPOLYLINE
  5
4ad
330
1F
100
AcDbEntity
  8
TopSilkLayer
100
AcDbPolyline
 90
1
 70
 0
 43
0.15199390398780802 
 10
11.66131572263157
 20
-0.1310388620777303
 10
11.66131572263157
 20
-0.35090170180342284
  0
LWPOLYLINE
  5
4ae
330
1F
100
AcDbEntity
  8
TopSilkLayer
100
AcDbPolyline
 90
1
 70
 0
 43
0.15199390398780802 
 10
11.460782321564466
 20
-0.35090170180342284
 10
11.460782321564466
 20
-0.1310388620777303
  0
LWPOLYLINE
  5
4af
330
1F
100
AcDbEntity
  8
TopSilkLayer
100
AcDbPolyline
 90
1
 70
 0
 43
0.15199390398780802 
 10
11.460782321564466
 20
-2.1310388620777303
 10
11.460782321564466
 20
-1.9111760223520378
  0
LWPOLYLINE
  5
4b0
330
1F
100
AcDbEntity
  8
TopSilkLayer
100
AcDbPolyline
 90
2
 70
 0
 43
0.15199390398780802 
 10
8.070002540005135
 20
-1.9111760223520378
 10
8.070002540005135
 20
-2.1310388620777303
 10
8.670002540005044
 20
-2.1310388620777303
  0
LWPOLYLINE
  5
4b1
330
1F
100
AcDbEntity
  8
TopSilkLayer
100
AcDbPolyline
 90
4
 70
 0
 43
0.15199390398780802 
 10
11.77000254000518
 20
-0.35090170180342284
 10
11.77000254000518
 20
-0.1310388620777303
 10
8.270002540004953
 20
-0.1310388620777303
 10
8.070002540005135
 20
-0.1310388620777303
 10
8.070002540005135
 20
-0.35090170180342284
  0
LWPOLYLINE
  5
4b2
330
1F
100
AcDbEntity
  8
TopSilkLayer
100
AcDbPolyline
 90
2
 70
 0
 43
0.15199390398780802 
 10
8.470002540004998
 20
-2.1310388620777303
 10
11.77000254000518
 20
-2.1310388620777303
 10
11.77000254000518
 20
-1.9111760223520378
  0
LWPOLYLINE
  5
4b3
330
1F
100
AcDbEntity
  8
TopSilkLayer
100
AcDbPolyline
 90
1
 70
 0
 43
0.25400050800101603 
 10
10.378003556007116
 20
-1.1310388620777303
 10
9.362001524003063
 20
-1.5374396748793515
  0
LWPOLYLINE
  5
4b4
330
1F
100
AcDbEntity
  8
TopSilkLayer
100
AcDbPolyline
 90
1
 70
 0
 43
0.25400050800101603 
 10
9.362001524003063
 20
-1.5374396748793515
 10
9.362001524003063
 20
-0.7246380492759954
  0
LWPOLYLINE
  5
4b5
330
1F
100
AcDbEntity
  8
TopSilkLayer
100
AcDbPolyline
 90
1
 70
 0
 43
0.25400050800101603 
 10
9.362001524003063
 20
-0.7246380492759954
 10
10.378003556007116
 20
-1.1310388620777303
  0
LWPOLYLINE
  5
4b6
330
1F
100
AcDbEntity
  8
TopSilkLayer
100
AcDbPolyline
 90
1
 70
 0
 43
0.15199390398780802 
 10
15.065176530353028
 20
-40.43121666243337
 10
15.065176530353028
 20
-40.121996443992884
  0
LWPOLYLINE
  5
4b7
330
1F
100
AcDbEntity
  8
TopSilkLayer
100
AcDbPolyline
 90
1
 70
 0
 43
0.15199390398780802 
 10
13.504902209804413
 20
-40.43121666243337
 10
13.504902209804413
 20
-40.121996443992884
  0
LWPOLYLINE
  5
4b8
330
1F
100
AcDbEntity
  8
TopSilkLayer
100
AcDbPolyline
 90
1
 70
 0
 43
0.15199390398780802 
 10
13.504902209804413
 20
-40.33096266192524
 10
13.28503937007872
 20
-40.33096266192524
  0
LWPOLYLINE
  5
4b9
330
1F
100
AcDbEntity
  8
TopSilkLayer
100
AcDbPolyline
 90
1
 70
 0
 43
0.15199390398780802 
 10
15.28503937007872
 20
-40.33096266192524
 10
15.065176530353028
 20
-40.33096266192524
  0
LWPOLYLINE
  5
4ba
330
1F
100
AcDbEntity
  8
TopSilkLayer
100
AcDbPolyline
 90
1
 70
 0
 43
0.15199390398780802 
 10
15.065176530353028
 20
-40.230683261366494
 10
15.28503937007872
 20
-40.230683261366494
  0
LWPOLYLINE
  5
4bb
330
1F
100
AcDbEntity
  8
TopSilkLayer
100
AcDbPolyline
 90
1
 70
 0
 43
0.15199390398780802 
 10
13.28503937007872
 20
-40.230683261366494
 10
13.504902209804413
 20
-40.230683261366494
  0
LWPOLYLINE
  5
4bc
330
1F
100
AcDbEntity
  8
TopSilkLayer
100
AcDbPolyline
 90
1
 70
 0
 43
0.15199390398780802 
 10
13.504902209804413
 20
-40.43121666243337
 10
13.28503937007872
 20
-40.43121666243337
  0
LWPOLYLINE
  5
4bd
330
1F
100
AcDbEntity
  8
TopSilkLayer
100
AcDbPolyline
 90
1
 70
 0
 43
0.15199390398780802 
 10
15.28503937007872
 20
-40.43121666243337
 10
15.065176530353028
 20
-40.43121666243337
  0
LWPOLYLINE
  5
4be
330
1F
100
AcDbEntity
  8
TopSilkLayer
100
AcDbPolyline
 90
2
 70
 0
 43
0.15199390398780802 
 10
15.065176530353028
 20
-43.82199644399293
 10
15.28503937007872
 20
-43.82199644399293
 10
15.28503937007872
 20
-43.22199644399291
  0
LWPOLYLINE
  5
4bf
330
1F
100
AcDbEntity
  8
TopSilkLayer
100
AcDbPolyline
 90
4
 70
 0
 43
0.15199390398780802 
 10
13.504902209804413
 20
-40.121996443992884
 10
13.28503937007872
 20
-40.121996443992884
 10
13.28503937007872
 20
-43.621996443992884
 10
13.28503937007872
 20
-43.82199644399293
 10
13.504902209804413
 20
-43.82199644399293
  0
LWPOLYLINE
  5
4c0
330
1F
100
AcDbEntity
  8
TopSilkLayer
100
AcDbPolyline
 90
2
 70
 0
 43
0.15199390398780802 
 10
15.28503937007872
 20
-43.42199644399295
 10
15.28503937007872
 20
-40.121996443992884
 10
15.065176530353028
 20
-40.121996443992884
  0
LWPOLYLINE
  5
4c1
330
1F
100
AcDbEntity
  8
TopSilkLayer
100
AcDbPolyline
 90
1
 70
 0
 43
0.25400050800101603 
 10
14.28503937007872
 20
-41.513995427990835
 10
14.691440182880342
 20
-42.52999745999489
  0
LWPOLYLINE
  5
4c2
330
1F
100
AcDbEntity
  8
TopSilkLayer
100
AcDbPolyline
 90
1
 70
 0
 43
0.25400050800101603 
 10
14.691440182880342
 20
-42.52999745999489
 10
13.8786385572771
 20
-42.52999745999489
  0
LWPOLYLINE
  5
4c3
330
1F
100
AcDbEntity
  8
TopSilkLayer
100
AcDbPolyline
 90
1
 70
 0
 43
0.25400050800101603 
 10
13.8786385572771
 20
-42.52999745999489
 10
14.28503937007872
 20
-41.513995427990835
  0
LWPOLYLINE
  5
4c4
330
1F
100
AcDbEntity
  8
TopSilkLayer
100
AcDbPolyline
 90
1
 70
 0
 43
0.25400050800101603 
 10
11.813004826009546
 20
-2.6379984759969375
 10
11.813004826009546
 20
-3.908001016002004
  0
LWPOLYLINE
  5
4c5
330
1F
100
AcDbEntity
  8
TopSilkLayer
100
AcDbPolyline
 90
1
 70
 0
 43
0.25400050800101603 
 10
8.764998729997387
 20
-2.6379984759969375
 10
8.764998729997387
 20
-3.908001016002004
  0
LWPOLYLINE
  5
4c6
330
1F
100
AcDbEntity
  8
TopSilkLayer
100
AcDbPolyline
 90
3
 70
 0
 43
0.15240030480060962 
 10
10.55019050038095
 20
-3.955194310388606
 10
11.575742951485836
 20
-3.955194310388606
 10
11.575742951485836
 20
-2.5908051816103352
 10
10.55019050038095
 20
-2.5908051816103352
  0
LWPOLYLINE
  5
4c7
330
1F
100
AcDbEntity
  8
TopSilkLayer
100
AcDbPolyline
 90
3
 70
 0
 43
0.15240030480060962 
 10
10.027813055625984
 20
-3.955194310388606
 10
9.002260604521098
 20
-3.955194310388606
 10
9.002260604521098
 20
-2.5908051816103352
 10
10.027813055625984
 20
-2.5908051816103352
  0
LWPOLYLINE
  5
4c8
330
1F
100
AcDbEntity
  8
TopSilkLayer
100
AcDbPolyline
 90
3
 70
 0
 43
0.25400050800101603 
 10
-10.13500127000259
 20
-2.6379730759460926
 10
-15.835052070104098
 20
-2.6379730759460926
 10
-15.835052070104098
 20
-6.637973075946093
 10
-10.13500127000259
 20
-6.637973075946093
  0
LWPOLYLINE
  5
4c9
330
1F
100
AcDbEntity
  8
TopSilkLayer
100
AcDbPolyline
 90
3
 70
 0
 43
0.25400050800101603 
 10
-10.134747269494596
 20
-31.607594615189214
 10
-10.134747269494596
 20
-31.46586233172468
 10
-15.71107442214884
 20
-31.46586233172468
 10
-15.71107442214884
 20
-27.49812039624078
  0
LWPOLYLINE
  5
4ca
330
1F
100
AcDbEntity
  8
TopSilkLayer
100
AcDbPolyline
 90
5
 70
 1
 43
0.25400050800101603 
 10
-10.13500127000259
 20
-1.6378206756413647
 10
2.365125730251293
 20
-1.6378206756413647
 10
2.365125730251293
 20
-32.43792227584447
 10
-10.13500127000259
 20
-32.43792227584447
 10
-10.13500127000259
 20
-31.65941071882139
 10
-10.13500127000259
 20
-1.6378206756413647
  0
LWPOLYLINE
  5
4cb
330
1F
100
AcDbEntity
  8
TopSilkLayer
100
AcDbPolyline
 90
1
 70
 0
 43
0.25400050800101603 
 10
-10.13500127000259
 20
-27.467945135890204
 10
-15.692989585979262
 20
-27.467995935991894
  0
LWPOLYLINE
  5
4cc
330
1F
100
AcDbEntity
  8
TopSilkLayer
100
AcDbPolyline
 90
1
 70
 0
 43
0.25400050800101603 
 10
-15.4150114300229
 20
-17.03291846583693
 10
-16.115011430022946
 20
-17.03291846583693
  0
LWPOLYLINE
  5
4cd
330
1F
100
AcDbEntity
  8
TopSilkLayer
100
AcDbPolyline
 90
3
 70
 0
 43
0.25400050800101603 
 10
-10.13500127000259
 20
-25.407950215900428
 10
-16.13502667005332
 20
-25.407950215900428
 10
-16.13502667005332
 20
-8.657912115824274
 10
-10.13500127000259
 20
-8.657912115824274
  0
LWPOLYLINE
  5
4ce
330
1F
100
AcDbEntity
  8
TopSilkLayer
100
AcDbPolyline
 90
1
 70
 0
 43
0.25400050800101603 
 10
16.79697739395465
 20
9.354000508001036
 10
16.79697739395465
 20
11.894005588011169
  0
LWPOLYLINE
  5
4cf
330
1F
100
AcDbEntity
  8
TopSilkLayer
100
AcDbPolyline
 90
1
 70
 0
 43
0.25400050800101603 
 10
27.37701295402576
 20
9.354000508001036
 10
16.79697739395465
 20
9.354000508001036
  0
LWPOLYLINE
  5
4d0
330
1F
100
AcDbEntity
  8
TopSilkLayer
100
AcDbPolyline
 90
1
 70
 0
 43
0.25400050800101603 
 10
24.603479806959513
 20
9.354000508001036
 10
24.603479806959513
 20
11.894005588011169
  0
LWPOLYLINE
  5
4d1
330
1F
100
AcDbEntity
  8
TopSilkLayer
100
AcDbPolyline
 90
1
 70
 0
 43
0.25400050800101603 
 10
27.37701295402576
 20
11.894005588011169
 10
16.79697739395465
 20
11.894005588011169
  0
LWPOLYLINE
  5
4d2
330
1F
100
AcDbEntity
  8
TopSilkLayer
100
AcDbPolyline
 90
1
 70
 0
 43
0.25400050800101603 
 10
27.37701295402576
 20
9.354000508001036
 10
27.37701295402576
 20
11.894005588011169
  0
LWPOLYLINE
  5
4d3
330
1F
100
AcDbEntity
  8
TopSilkLayer
100
AcDbPolyline
 90
4
 70
 0
 43
0.25400050800101603 
 10
18.759994919989822
 20
-23.180010160020288
 10
19.159994919989913
 20
-23.580010160020265
 10
19.259994919989822
 20
-23.680010160020288
 10
19.360248920497725
 20
-23.580010160020265
 10
19.760248920497816
 20
-23.180010160020288
  0
LWPOLYLINE
  5
4d4
330
1F
100
AcDbEntity
  8
TopSilkLayer
100
AcDbPolyline
 90
1
 70
 0
 43
0.25400050800101603 
 10
18.759994919989822
 20
-23.180010160020288
 10
19.760248920497816
 20
-23.180010160020288
  0
LWPOLYLINE
  5
4d5
330
1F
100
AcDbEntity
  8
TopSilkLayer
100
AcDbPolyline
 90
3
 70
 0
 43
0.25400050800101603 
 10
20.277266954533843
 20
-22.9367792735585
 10
20.277266954533843
 20
-21.387376174752376
 10
18.245262890525737
 20
-21.387376174752376
 10
18.245262890525737
 20
-22.9367792735585
  0
LWPOLYLINE
  5
4d6
330
1F
100
AcDbEntity
  8
TopSilkLayer
100
AcDbPolyline
 90
5
 70
 0
 43
0.25400050800101603 
 10
20.302667005334115
 20
-23.724180848361584
 10
20.302667005334115
 20
-25.197383794767575
 10
19.896266192532266
 20
-25.603784607569196
 10
18.626263652527314
 20
-25.603784607569196
 10
18.245262890525737
 20
-25.22278384556762
 10
18.245262890525737
 20
-23.69878079756154
  0
LWPOLYLINE
  5
4d7
330
1F
100
AcDbEntity
  8
TopSilkLayer
100
AcDbPolyline
 90
4
 70
 0
 43
0.25400050800101603 
 10
21.159994919989913
 20
-23.227000254000473
 10
21.559994919990004
 20
-23.62700025400045
 10
21.659994919989913
 20
-23.727000254000473
 10
21.760248920497816
 20
-23.62700025400045
 10
22.160248920497907
 20
-23.227000254000473
  0
LWPOLYLINE
  5
4d8
330
1F
100
AcDbEntity
  8
TopSilkLayer
100
AcDbPolyline
 90
1
 70
 0
 43
0.25400050800101603 
 10
21.159994919989913
 20
-23.227000254000473
 10
22.160248920497907
 20
-23.227000254000473
  0
LWPOLYLINE
  5
4d9
330
1F
100
AcDbEntity
  8
TopSilkLayer
100
AcDbPolyline
 90
3
 70
 0
 43
0.25400050800101603 
 10
22.677266954533934
 20
-22.983769367538684
 10
22.677266954533934
 20
-21.434366268732447
 10
20.645262890525828
 20
-21.434366268732447
 10
20.645262890525828
 20
-22.983769367538684
  0
LWPOLYLINE
  5
4da
330
1F
100
AcDbEntity
  8
TopSilkLayer
100
AcDbPolyline
 90
5
 70
 0
 43
0.25400050800101603 
 10
22.70266700533398
 20
-23.771170942341882
 10
22.70266700533398
 20
-25.24437388874776
 10
22.296266192532357
 20
-25.65077470154938
 10
21.026263652527405
 20
-25.65077470154938
 10
20.645262890525828
 20
-25.269773939547804
 10
20.645262890525828
 20
-23.745770891541724
  0
LWPOLYLINE
  5
4db
330
1F
100
AcDbEntity
  8
TopSilkLayer
100
AcDbPolyline
 90
4
 70
 0
 43
0.25400050800101603 
 10
28.789001778003467
 20
-23.47099314198624
 10
29.189001778003558
 20
-23.870993141986332
 10
29.289001778003467
 20
-23.97099314198624
 10
29.38925577851137
 20
-23.870993141986332
 10
29.78925577851146
 20
-23.47099314198624
  0
LWPOLYLINE
  5
4dc
330
1F
100
AcDbEntity
  8
TopSilkLayer
100
AcDbPolyline
 90
1
 70
 0
 43
0.25400050800101603 
 10
28.789001778003467
 20
-23.47099314198624
 10
29.78925577851146
 20
-23.47099314198624
  0
LWPOLYLINE
  5
4dd
330
1F
100
AcDbEntity
  8
TopSilkLayer
100
AcDbPolyline
 90
3
 70
 0
 43
0.25400050800101603 
 10
30.306273812547488
 20
-23.227762255524567
 10
30.306273812547488
 20
-21.678359156718216
 10
28.274269748539382
 20
-21.678359156718216
 10
28.274269748539382
 20
-23.227762255524567
  0
LWPOLYLINE
  5
4de
330
1F
100
AcDbEntity
  8
TopSilkLayer
100
AcDbPolyline
 90
5
 70
 0
 43
0.25400050800101603 
 10
30.33167386334776
 20
-24.01516383032765
 10
30.33167386334776
 20
-25.48836677673353
 10
29.92527305054614
 20
-25.894767589535263
 10
28.65527051054096
 20
-25.894767589535263
 10
28.274269748539382
 20
-25.513766827533686
 10
28.274269748539382
 20
-23.989763779527607
  0
LWPOLYLINE
  5
4df
330
1F
100
AcDbEntity
  8
TopSilkLayer
100
AcDbPolyline
 90
4
 70
 0
 43
0.25400050800101603 
 10
32.13799847599694
 20
-4.464008128016189
 10
31.737998475996847
 20
-4.064008128016212
 10
31.637998475996937
 20
-3.9640081280161894
 10
31.537744475488807
 20
-4.064008128016212
 10
31.137744475488944
 20
-4.464008128016189
  0
LWPOLYLINE
  5
4e0
330
1F
100
AcDbEntity
  8
TopSilkLayer
100
AcDbPolyline
 90
1
 70
 0
 43
0.25400050800101603 
 10
32.13799847599694
 20
-4.464008128016189
 10
31.137744475488944
 20
-4.464008128016189
  0
LWPOLYLINE
  5
4e1
330
1F
100
AcDbEntity
  8
TopSilkLayer
100
AcDbPolyline
 90
3
 70
 0
 43
0.25400050800101603 
 10
30.620726441452916
 20
-4.707239014477977
 10
30.620726441452916
 20
-6.256642113284215
 10
32.65273050546102
 20
-6.256642113284215
 10
32.65273050546102
 20
-4.707239014477977
  0
LWPOLYLINE
  5
4e2
330
1F
100
AcDbEntity
  8
TopSilkLayer
100
AcDbPolyline
 90
5
 70
 0
 43
0.25400050800101603 
 10
30.595326390652644
 20
-3.919837439674893
 10
30.595326390652644
 20
-2.4466344932689026
 10
31.001727203454493
 20
-2.040233680467395
 10
32.271729743459446
 20
-2.040233680467395
 10
32.65273050546102
 20
-2.421234442468858
 10
32.65273050546102
 20
-3.9452374904749377
  0
LWPOLYLINE
  5
4e3
330
1F
100
AcDbEntity
  8
TopSilkLayer
100
AcDbPolyline
 90
4
 70
 0
 43
0.25400050800101603 
 10
29.76700533401072
 20
-4.464008128016189
 10
29.367005334010628
 20
-4.064008128016212
 10
29.26700533401072
 20
-3.9640081280161894
 10
29.166751333502816
 20
-4.064008128016212
 10
28.766751333502725
 20
-4.464008128016189
  0
LWPOLYLINE
  5
4e4
330
1F
100
AcDbEntity
  8
TopSilkLayer
100
AcDbPolyline
 90
1
 70
 0
 43
0.25400050800101603 
 10
29.76700533401072
 20
-4.464008128016189
 10
28.766751333502725
 20
-4.464008128016189
  0
LWPOLYLINE
  5
4e5
330
1F
100
AcDbEntity
  8
TopSilkLayer
100
AcDbPolyline
 90
3
 70
 0
 43
0.25400050800101603 
 10
28.24973329946647
 20
-4.707239014477977
 10
28.24973329946647
 20
-6.256642113284215
 10
30.281737363474804
 20
-6.256642113284215
 10
30.281737363474804
 20
-4.707239014477977
  0
LWPOLYLINE
  5
4e6
330
1F
100
AcDbEntity
  8
TopSilkLayer
100
AcDbPolyline
 90
5
 70
 0
 43
0.25400050800101603 
 10
28.224333248666426
 20
-3.919837439674893
 10
28.224333248666426
 20
-2.4466344932689026
 10
28.630734061468047
 20
-2.040233680467395
 10
29.900736601473227
 20
-2.040233680467395
 10
30.281737363474804
 20
-2.421234442468858
 10
30.281737363474804
 20
-3.9452374904749377
  0
LWPOLYLINE
  5
4e7
330
1F
100
AcDbEntity
  8
TopSilkLayer
100
AcDbPolyline
 90
3
 70
 0
 43
0.15240030480060962 
 10
40.91422402844796
 20
-28.35859791719588
 10
41.8731013462027
 20
-28.35859791719588
 10
41.8731013462027
 20
-27.037388874777662
 10
40.91422402844796
 20
-27.037388874777662
  0
LWPOLYLINE
  5
4e8
330
1F
100
AcDbEntity
  8
TopSilkLayer
100
AcDbPolyline
 90
3
 70
 0
 43
0.15240030480060962 
 10
40.06179832359658
 20
-28.35859791719588
 10
39.10292100584206
 20
-28.35859791719588
 10
39.10292100584206
 20
-27.037388874777662
 10
40.06179832359658
 20
-27.037388874777662
  0
LWPOLYLINE
  5
4e9
330
1F
100
AcDbEntity
  8
TopSilkLayer
100
AcDbPolyline
 90
3
 70
 0
 43
0.15240030480060962 
 10
19.872593345186488
 20
-27.751790703581378
 10
19.872593345186488
 20
-26.792913385826864
 10
18.55138430276861
 20
-26.792913385826864
 10
18.55138430276861
 20
-27.751790703581378
  0
LWPOLYLINE
  5
4ea
330
1F
100
AcDbEntity
  8
TopSilkLayer
100
AcDbPolyline
 90
3
 70
 0
 43
0.15240030480060962 
 10
19.872593345186488
 20
-28.604216408432762
 10
19.872593345186488
 20
-29.563093726187503
 10
18.55138430276861
 20
-29.563093726187503
 10
18.55138430276861
 20
-28.604216408432762
  0
LWPOLYLINE
  5
4eb
330
1F
100
AcDbEntity
  8
TopSilkLayer
100
AcDbPolyline
 90
3
 70
 0
 43
0.15240030480060962 
 10
22.302616205232425
 20
-27.732791465582977
 10
22.302616205232425
 20
-26.773914147828236
 10
20.98140716281432
 20
-26.773914147828236
 10
20.98140716281432
 20
-27.732791465582977
  0
LWPOLYLINE
  5
4ec
330
1F
100
AcDbEntity
  8
TopSilkLayer
100
AcDbPolyline
 90
3
 70
 0
 43
0.15240030480060962 
 10
22.302616205232425
 20
-28.585217170434362
 10
22.302616205232425
 20
-29.544094488188875
 10
20.98140716281432
 20
-29.544094488188875
 10
20.98140716281432
 20
-28.585217170434362
  0
LWPOLYLINE
  5
4ed
330
1F
100
AcDbEntity
  8
TopSilkLayer
100
AcDbPolyline
 90
3
 70
 0
 43
0.15240030480060962 
 10
29.943611887223824
 20
-27.748793497586917
 10
29.943611887223824
 20
-26.789916179832403
 10
28.62240284480572
 20
-26.789916179832403
 10
28.62240284480572
 20
-27.748793497586917
  0
LWPOLYLINE
  5
4ee
330
1F
100
AcDbEntity
  8
TopSilkLayer
100
AcDbPolyline
 90
3
 70
 0
 43
0.15240030480060962 
 10
29.943611887223824
 20
-28.601219202438415
 10
29.943611887223824
 20
-29.560096520193042
 10
28.62240284480572
 20
-29.560096520193042
 10
28.62240284480572
 20
-28.601219202438415
  0
LWPOLYLINE
  5
4ef
330
1F
100
AcDbEntity
  8
TopSilkLayer
100
AcDbPolyline
 90
3
 70
 0
 43
0.15240030480060962 
 10
30.978384556769015
 20
-0.3172212344425134
 10
30.978384556769015
 20
-1.276098552197027
 10
32.29959359918712
 20
-1.276098552197027
 10
32.29959359918712
 20
-0.3172212344425134
  0
LWPOLYLINE
  5
4f0
330
1F
100
AcDbEntity
  8
TopSilkLayer
100
AcDbPolyline
 90
3
 70
 0
 43
0.15240030480060962 
 10
30.978384556769015
 20
0.5352044704089849
 10
30.978384556769015
 20
1.4940817881636121
 10
32.29959359918712
 20
1.4940817881636121
 10
32.29959359918712
 20
0.5352044704089849
  0
LWPOLYLINE
  5
4f1
330
1F
100
AcDbEntity
  8
TopSilkLayer
100
AcDbPolyline
 90
3
 70
 0
 43
0.15240030480060962 
 10
28.61638303276618
 20
-0.32921005842013074
 10
28.61638303276618
 20
-1.2880873761746443
 10
29.937592075184057
 20
-1.2880873761746443
 10
29.937592075184057
 20
-0.32921005842013074
  0
LWPOLYLINE
  5
4f2
330
1F
100
AcDbEntity
  8
TopSilkLayer
100
AcDbPolyline
 90
3
 70
 0
 43
0.15240030480060962 
 10
28.61638303276618
 20
0.5232156464313675
 10
28.61638303276618
 20
1.4820929641859948
 10
29.937592075184057
 20
1.4820929641859948
 10
29.937592075184057
 20
0.5232156464313675
  0
LWPOLYLINE
  5
4f3
330
1F
100
AcDbEntity
  8
TopSilkLayer
100
AcDbPolyline
 90
3
 70
 0
 43
0.15240030480060962 
 10
29.28740157480297
 20
6.035788671577393
 10
29.28740157480297
 20
5.076911353822652
 10
30.608610617221302
 20
5.076911353822652
 10
30.608610617221302
 20
6.035788671577393
  0
LWPOLYLINE
  5
4f4
330
1F
100
AcDbEntity
  8
TopSilkLayer
100
AcDbPolyline
 90
3
 70
 0
 43
0.15240030480060962 
 10
29.28740157480297
 20
6.8882143764287775
 10
29.28740157480297
 20
7.847091694183405
 10
30.608610617221302
 20
7.847091694183405
 10
30.608610617221302
 20
6.8882143764287775
  0
LWPOLYLINE
  5
4f5
330
1F
100
AcDbEntity
  8
TopSilkLayer
100
AcDbPolyline
 90
3
 70
 0
 43
0.15240030480060962 
 10
30.80439420878838
 20
6.062788925577934
 10
30.80439420878838
 20
5.103911607823193
 10
32.125603251206485
 20
5.103911607823193
 10
32.125603251206485
 20
6.062788925577934
  0
LWPOLYLINE
  5
4f6
330
1F
100
AcDbEntity
  8
TopSilkLayer
100
AcDbPolyline
 90
3
 70
 0
 43
0.15240030480060962 
 10
30.80439420878838
 20
6.915214630429205
 10
30.80439420878838
 20
7.8740919481839455
 10
32.125603251206485
 20
7.8740919481839455
 10
32.125603251206485
 20
6.915214630429205
  0
LWPOLYLINE
  5
4f7
330
1F
100
AcDbEntity
  8
TopSilkLayer
100
AcDbPolyline
 90
3
 70
 0
 43
0.15240030480060962 
 10
31.11021082042157
 20
10.172390144780252
 10
32.06908813817631
 20
10.172390144780252
 10
32.06908813817631
 20
11.49359918719847
 10
31.11021082042157
 20
11.49359918719847
  0
LWPOLYLINE
  5
4f8
330
1F
100
AcDbEntity
  8
TopSilkLayer
100
AcDbPolyline
 90
3
 70
 0
 43
0.15240030480060962 
 10
30.257785115570186
 20
10.172390144780252
 10
29.298907797815446
 20
10.172390144780252
 10
29.298907797815446
 20
11.49359918719847
 10
30.257785115570186
 20
11.49359918719847
  0
LWPOLYLINE
  5
4f9
330
1F
100
AcDbEntity
  8
TopSilkLayer
100
AcDbPolyline
 90
3
 70
 0
 43
0.15240030480060962 
 10
2.7243840487681155
 20
-8.549225298450551
 10
2.7243840487681155
 20
-9.508102616205178
 10
4.045593091185992
 20
-9.508102616205178
 10
4.045593091185992
 20
-8.549225298450551
  0
LWPOLYLINE
  5
4fa
330
1F
100
AcDbEntity
  8
TopSilkLayer
100
AcDbPolyline
 90
3
 70
 0
 43
0.15240030480060962 
 10
2.7243840487681155
 20
-7.696799593599167
 10
2.7243840487681155
 20
-6.737922275844539
 10
4.045593091185992
 20
-6.737922275844539
 10
4.045593091185992
 20
-7.696799593599167
  0
LWPOLYLINE
  5
4fb
330
1F
100
AcDbEntity
  8
TopSilkLayer
100
AcDbPolyline
 90
3
 70
 0
 43
0.15240030480060962 
 10
4.839598679197252
 20
-26.528778257556496
 10
4.839598679197252
 20
-25.56990093980187
 10
3.518389636779375
 20
-25.56990093980187
 10
3.518389636779375
 20
-26.528778257556496
  0
LWPOLYLINE
  5
4fc
330
1F
100
AcDbEntity
  8
TopSilkLayer
100
AcDbPolyline
 90
3
 70
 0
 43
0.15240030480060962 
 10
4.839598679197252
 20
-27.38120396240788
 10
4.839598679197252
 20
-28.340081280162508
 10
3.518389636779375
 20
-28.340081280162508
 10
3.518389636779375
 20
-27.38120396240788
  0
LWPOLYLINE
  5
4fd
330
1F
100
AcDbEntity
  8
TopSilkLayer
100
AcDbPolyline
 90
3
 70
 0
 43
0.15240030480060962 
 10
22.80078740157478
 20
-32.24640589281171
 10
21.84191008382004
 20
-32.24640589281171
 10
21.84191008382004
 20
-33.56761493522981
 10
22.80078740157478
 20
-33.56761493522981
  0
LWPOLYLINE
  5
4fe
330
1F
100
AcDbEntity
  8
TopSilkLayer
100
AcDbPolyline
 90
3
 70
 0
 43
0.15240030480060962 
 10
23.653213106426392
 20
-32.24640589281171
 10
24.612090424180906
 20
-32.24640589281171
 10
24.612090424180906
 20
-33.56761493522981
 10
23.653213106426392
 20
-33.56761493522981
  0
LWPOLYLINE
  5
4ff
330
1F
100
AcDbEntity
  8
TopSilkLayer
100
AcDbPolyline
 90
3
 70
 0
 43
0.15240030480060962 
 10
34.18379476758946
 20
-13.240386080772055
 10
33.22491744983495
 20
-13.240386080772055
 10
33.22491744983495
 20
-14.561595123190273
 10
34.18379476758946
 20
-14.561595123190273
  0
LWPOLYLINE
  5
500
330
1F
100
AcDbEntity
  8
TopSilkLayer
100
AcDbPolyline
 90
3
 70
 0
 43
0.15240030480060962 
 10
35.036220472440846
 20
-13.240386080772055
 10
35.99509779019536
 20
-13.240386080772055
 10
35.99509779019536
 20
-14.561595123190273
 10
35.036220472440846
 20
-14.561595123190273
  0
LWPOLYLINE
  5
501
330
1F
100
AcDbEntity
  8
TopSilkLayer
100
AcDbPolyline
 90
3
 70
 0
 43
0.15240030480060962 
 10
36.1764033528068
 20
-22.407213614427178
 10
36.1764033528068
 20
-23.366090932181805
 10
37.497612395224905
 20
-23.366090932181805
 10
37.497612395224905
 20
-22.407213614427178
  0
LWPOLYLINE
  5
502
330
1F
100
AcDbEntity
  8
TopSilkLayer
100
AcDbPolyline
 90
3
 70
 0
 43
0.15240030480060962 
 10
36.1764033528068
 20
-21.554787909575793
 10
36.1764033528068
 20
-20.595910591821166
 10
37.497612395224905
 20
-20.595910591821166
 10
37.497612395224905
 20
-21.554787909575793
  0
LWPOLYLINE
  5
503
330
1F
100
AcDbEntity
  8
TopSilkLayer
100
AcDbPolyline
 90
3
 70
 0
 43
0.15240030480060962 
 10
39.177597155194235
 20
-21.581788163576334
 10
39.177597155194235
 20
-20.622910845821707
 10
37.85638811277613
 20
-20.622910845821707
 10
37.85638811277613
 20
-21.581788163576334
  0
LWPOLYLINE
  5
504
330
1F
100
AcDbEntity
  8
TopSilkLayer
100
AcDbPolyline
 90
3
 70
 0
 43
0.15240030480060962 
 10
39.177597155194235
 20
-22.43421386842772
 10
39.177597155194235
 20
-23.393091186182346
 10
37.85638811277613
 20
-23.393091186182346
 10
37.85638811277613
 20
-22.43421386842772
  0
LWPOLYLINE
  5
505
330
1F
100
AcDbEntity
  8
TopSilkLayer
100
AcDbPolyline
 90
3
 70
 0
 43
0.15240030480060962 
 10
41.71638303276586
 20
-12.780213360426728
 10
41.71638303276586
 20
-13.739090678181356
 10
43.03759207518419
 20
-13.739090678181356
 10
43.03759207518419
 20
-12.780213360426728
  0
LWPOLYLINE
  5
506
330
1F
100
AcDbEntity
  8
TopSilkLayer
100
AcDbPolyline
 90
3
 70
 0
 43
0.15240030480060962 
 10
41.71638303276586
 20
-11.92778765557523
 10
41.71638303276586
 20
-10.968910337820716
 10
43.03759207518419
 20
-10.968910337820716
 10
43.03759207518419
 20
-11.92778765557523
  0
LWPOLYLINE
  5
507
330
1F
100
AcDbEntity
  8
TopSilkLayer
100
AcDbPolyline
 90
3
 70
 0
 43
0.15240030480060962 
 10
37.396596393192794
 20
-8.223799847599707
 10
37.396596393192794
 20
-7.2649225298449664
 10
36.07538735077469
 20
-7.2649225298449664
 10
36.07538735077469
 20
-8.223799847599707
  0
LWPOLYLINE
  5
508
330
1F
100
AcDbEntity
  8
TopSilkLayer
100
AcDbPolyline
 90
3
 70
 0
 43
0.15240030480060962 
 10
37.396596393192794
 20
-9.076225552451092
 10
37.396596393192794
 20
-10.035102870205833
 10
36.07538735077469
 20
-10.035102870205833
 10
36.07538735077469
 20
-9.076225552451092
  0
LWPOLYLINE
  5
509
330
1F
100
AcDbEntity
  8
TopSilkLayer
100
AcDbPolyline
 90
3
 70
 0
 43
0.15240030480060962 
 10
37.573406146812204
 20
-7.3152146304292955
 10
37.573406146812204
 20
-8.274091948183923
 10
38.894615189230535
 20
-8.274091948183923
 10
38.894615189230535
 20
-7.3152146304292955
  0
LWPOLYLINE
  5
50a
330
1F
100
AcDbEntity
  8
TopSilkLayer
100
AcDbPolyline
 90
3
 70
 0
 43
0.15240030480060962 
 10
37.573406146812204
 20
-6.462788925577797
 10
37.573406146812204
 20
-5.503911607823284
 10
38.894615189230535
 20
-5.503911607823284
 10
38.894615189230535
 20
-6.462788925577797
  0
LWPOLYLINE
  5
50b
330
1F
100
AcDbEntity
  8
TopSilkLayer
100
AcDbPolyline
 90
3
 70
 0
 43
0.15240030480060962 
 10
40.841224282448366
 20
-8.305613411226773
 10
41.80010160020311
 20
-8.305613411226773
 10
41.80010160020311
 20
-6.984404368808782
 10
40.841224282448366
 20
-6.984404368808782
  0
LWPOLYLINE
  5
50c
330
1F
100
AcDbEntity
  8
TopSilkLayer
100
AcDbPolyline
 90
3
 70
 0
 43
0.15240030480060962 
 10
39.98879857759721
 20
-8.305613411226773
 10
39.02992125984247
 20
-8.305613411226773
 10
39.02992125984247
 20
-6.984404368808782
 10
39.98879857759721
 20
-6.984404368808782
  0
LWPOLYLINE
  5
50d
330
1F
100
AcDbEntity
  8
TopSilkLayer
100
AcDbPolyline
 90
3
 70
 0
 43
0.15240030480060962 
 10
15.110210820421571
 20
-31.476606553213173
 10
16.069088138176085
 20
-31.476606553213173
 10
16.069088138176085
 20
-30.155397510794955
 10
15.110210820421571
 20
-30.155397510794955
  0
LWPOLYLINE
  5
50e
330
1F
100
AcDbEntity
  8
TopSilkLayer
100
AcDbPolyline
 90
3
 70
 0
 43
0.15240030480060962 
 10
14.257785115570186
 20
-31.476606553213173
 10
13.298907797815673
 20
-31.476606553213173
 10
13.298907797815673
 20
-30.155397510794955
 10
14.257785115570186
 20
-30.155397510794955
  0
LWPOLYLINE
  5
50f
330
1F
100
AcDbEntity
  8
TopSilkLayer
100
AcDbPolyline
 90
3
 70
 0
 43
0.15240030480060962 
 10
11.368605537210897
 20
-31.265786131572327
 10
11.368605537210897
 20
-30.306908813817586
 10
10.04739649479302
 20
-30.306908813817586
 10
10.04739649479302
 20
-31.265786131572327
  0
LWPOLYLINE
  5
510
330
1F
100
AcDbEntity
  8
TopSilkLayer
100
AcDbPolyline
 90
3
 70
 0
 43
0.15240030480060962 
 10
11.368605537210897
 20
-32.1182118364236
 10
11.368605537210897
 20
-33.077089154178225
 10
10.04739649479302
 20
-33.077089154178225
 10
10.04739649479302
 20
-32.1182118364236
  0
LWPOLYLINE
  5
511
330
1F
100
AcDbEntity
  8
TopSilkLayer
100
AcDbPolyline
 90
1
 70
 0
 43
0.15240030480060962 
 10
28.257200914401892
 20
-28.82679705359419
 10
28.257200914401892
 20
-32.87922275844551
  0
LWPOLYLINE
  5
512
330
1F
100
AcDbEntity
  8
TopSilkLayer
100
AcDbPolyline
 90
1
 70
 0
 43
0.15240030480060962 
 10
28.257200914401892
 20
-32.87922275844551
 10
27.59921259842531
 20
-32.87922275844551
  0
LWPOLYLINE
  5
513
330
1F
100
AcDbEntity
  8
TopSilkLayer
100
AcDbPolyline
 90
1
 70
 0
 43
0.15240030480060962 
 10
25.174803149606305
 20
-28.82679705359419
 10
25.174803149606305
 20
-32.87922275844551
  0
LWPOLYLINE
  5
514
330
1F
100
AcDbEntity
  8
TopSilkLayer
100
AcDbPolyline
 90
1
 70
 0
 43
0.15240030480060962 
 10
25.174803149606305
 20
-32.87922275844551
 10
25.832791465582886
 20
-32.87922275844551
  0
LWPOLYLINE
  5
515
330
1F
100
AcDbEntity
  8
TopSilkLayer
100
AcDbPolyline
 90
1
 70
 0
 43
0.25400050800101603 
 10
19.557988315976672
 20
-9.979984759969511
 10
19.557988315976672
 20
-12.43616967233936
  0
LWPOLYLINE
  5
516
330
1F
100
AcDbEntity
  8
TopSilkLayer
100
AcDbPolyline
 90
1
 70
 0
 43
0.25400050800101603 
 10
19.557988315976672
 20
-16.837998475996983
 10
19.557988315976672
 20
-14.419735839471628
  0
LWPOLYLINE
  5
517
330
1F
100
AcDbEntity
  8
TopSilkLayer
100
AcDbPolyline
 90
1
 70
 0
 43
0.25400050800101603 
 10
31.242011684023282
 20
-16.837998475996983
 10
19.557988315976672
 20
-16.837998475996983
  0
LWPOLYLINE
  5
518
330
1F
100
AcDbEntity
  8
TopSilkLayer
100
AcDbPolyline
 90
1
 70
 0
 43
0.25400050800101603 
 10
31.242011684023282
 20
-9.979984759969511
 10
31.242011684023282
 20
-16.837998475996983
  0
LWPOLYLINE
  5
519
330
1F
100
AcDbEntity
  8
TopSilkLayer
100
AcDbPolyline
 90
1
 70
 0
 43
0.25400050800101603 
 10
19.557988315976672
 20
-9.979984759969511
 10
31.242011684023282
 20
-9.979984759969511
  0
LWPOLYLINE
  5
51a
330
1F
100
AcDbEntity
  8
TopSilkLayer
100
AcDbPolyline
 90
4
 70
 1
 43
0.15240030480060962 
 10
9.070612141224274
 20
-28.791211582423216
 10
9.070612141224274
 20
-22.138785877571763
 10
11.813411226822609
 20
-22.138785877571763
 10
11.813411226822609
 20
-28.791211582423216
 10
9.070612141224274
 20
-28.791211582423216
  0
LWPOLYLINE
  5
51b
330
1F
100
AcDbEntity
  8
TopSilkLayer
100
AcDbPolyline
 90
3
 70
 0
 43
0.15199390398780802 
 10
21.523063246126412
 20
-38.630276860553636
 10
20.30800101600198
 20
-38.630276860553636
 10
20.30800101600198
 20
-37.71300482600964
 10
21.523063246126412
 20
-37.71300482600964
  0
LWPOLYLINE
  5
51c
330
1F
100
AcDbEntity
  8
TopSilkLayer
100
AcDbPolyline
 90
3
 70
 0
 43
0.15199390398780802 
 10
21.523063246126412
 20
-43.710287020574015
 10
20.30800101600198
 20
-43.710287020574015
 10
20.30800101600198
 20
-42.7930149860299
 10
21.523063246126412
 20
-42.7930149860299
  0
LWPOLYLINE
  5
51d
330
1F
100
AcDbEntity
  8
TopSilkLayer
100
AcDbPolyline
 90
1
 70
 0
 43
0.15240030480060962 
 10
21.523063246126412
 20
-35.536804673609254
 10
21.523063246126412
 20
-45.88920497841002
  0
LWPOLYLINE
  5
51e
330
1F
100
AcDbEntity
  8
TopSilkLayer
100
AcDbPolyline
 90
1
 70
 0
 43
0.15240030480060962 
 10
24.181813563626974
 20
-35.536804673609254
 10
21.523063246126412
 20
-35.536804673609254
  0
LWPOLYLINE
  5
51f
330
1F
100
AcDbEntity
  8
TopSilkLayer
100
AcDbPolyline
 90
1
 70
 0
 43
0.15240030480060962 
 10
24.181813563626974
 20
-45.88920497841002
 10
21.523063246126412
 20
-45.88920497841002
  0
LWPOLYLINE
  5
520
330
1F
100
AcDbEntity
  8
TopSilkLayer
100
AcDbPolyline
 90
4
 70
 1
 43
0.15199390398780802 
 10
21.45753111506224
 20
2.2743205486411853
 10
21.45753111506224
 20
-1.125679451358792
 10
25.557531115062375
 20
-1.125679451358792
 10
25.557531115062375
 20
2.2743205486411853
 10
21.45753111506224
 20
2.2743205486411853
  0
LWPOLYLINE
  5
521
330
1F
100
AcDbEntity
  8
TopSilkLayer
100
AcDbPolyline
 90
2
 70
 0
 43
0.15199390398780802 
 10
21.200990601981175
 20
-0.8438658877316811
 10
21.200990601981175
 20
-1.3518669037337077
 10
21.7089916179832
 20
-1.3518669037337077
  0
LWPOLYLINE
  5
522
330
1F
100
AcDbEntity
  8
TopSilkLayer
100
AcDbPolyline
 90
4
 70
 1
 43
0.15240030480060962 
 10
36.43779527559036
 20
-15.91742443484884
 10
36.43779527559036
 20
-12.874599949199933
 10
41.49022098044202
 20
-12.874599949199933
 10
41.49022098044202
 20
-15.91742443484884
 10
36.43779527559036
 20
-15.91742443484884
  0
ARC
  5
523
330
1F
100
AcDbEntity
  8
TopSilkLayer
100
AcDbCircle
 10
25.362788925577888
 20
-5.365176531394354
 30
0.0
 40
0.30982981965963935
100
AcDbArc
 50
270
 51
0
  0
ARC
  5
524
330
1F
100
AcDbEntity
  8
TopSilkLayer
100
AcDbCircle
 10
24.562788925577934
 20
-5.3651765303530965
 30
0.0
 40
0.30982981965963935
100
AcDbArc
 50
179.99999999998565
 51
270
  0
ARC
  5
525
330
1F
100
AcDbEntity
  8
TopSilkLayer
100
AcDbCircle
 10
24.563246125451087
 20
-3.204902209804345
 30
0.0
 40
0.30982981965963935
100
AcDbArc
 50
90
 51
179.99530285466332
  0
ARC
  5
526
330
1F
100
AcDbEntity
  8
TopSilkLayer
100
AcDbCircle
 10
25.363271527583947
 20
-3.2049022056395415
 30
0.0
 40
0.30982981965963935
100
AcDbArc
 50
0
 51
90
  0
ARC
  5
527
330
1F
100
AcDbEntity
  8
TopSilkLayer
100
AcDbCircle
 10
23.630810260579437
 20
-21.140792481585095
 30
0.0
 40
0.30982981965963935
100
AcDbArc
 50
179.9953028545985
 51
270
  0
ARC
  5
528
330
1F
100
AcDbEntity
  8
TopSilkLayer
100
AcDbCircle
 10
23.63081026162058
 20
-20.340792481585027
 30
0.0
 40
0.30982981965963935
100
AcDbArc
 50
90
 51
180
  0
ARC
  5
529
330
1F
100
AcDbEntity
  8
TopSilkLayer
100
AcDbCircle
 10
25.791084582169333
 20
-20.34124968145818
 30
0.0
 40
0.30982981965963935
100
AcDbArc
 50
359.99999980744815
 51
90
  0
ARC
  5
52a
330
1F
100
AcDbEntity
  8
TopSilkLayer
100
AcDbCircle
 10
25.791084586334136
 20
-21.141275083590926
 30
0.0
 40
0.30982981965963935
100
AcDbArc
 50
270
 51
0.009394483303464608
  0
ARC
  5
52b
330
1F
100
AcDbEntity
  8
TopSilkLayer
100
AcDbCircle
 10
25.179197359435875
 20
3.6677927355855218
 30
0.0
 40
0.30982981965963935
100
AcDbArc
 50
359.9953028545985
 51
90
  0
ARC
  5
52c
330
1F
100
AcDbEntity
  8
TopSilkLayer
100
AcDbCircle
 10
25.17919735839473
 20
2.8677927355854536
 30
0.0
 40
0.30982981965963935
100
AcDbArc
 50
270
 51
0
  0
ARC
  5
52d
330
1F
100
AcDbEntity
  8
TopSilkLayer
100
AcDbCircle
 10
23.01892303784598
 20
2.8682499354587208
 30
0.0
 40
0.30982981965963935
100
AcDbArc
 50
179.9999998074695
 51
270
  0
ARC
  5
52e
330
1F
100
AcDbEntity
  8
TopSilkLayer
100
AcDbCircle
 10
23.01892303368095
 20
3.668275337591467
 30
0.0
 40
0.30982981965963935
100
AcDbArc
 50
90
 51
180.00939448330345
  0
ARC
  5
52f
330
1F
100
AcDbEntity
  8
TopSilkLayer
100
AcDbCircle
 10
20.65379730759446
 20
-0.6141986294385333
 30
0.0
 40
0.30982981965963935
100
AcDbArc
 50
270
 51
0
  0
ARC
  5
530
330
1F
100
AcDbEntity
  8
TopSilkLayer
100
AcDbCircle
 10
19.853797307594732
 20
-0.6141986283972756
 30
0.0
 40
0.30982981965963935
100
AcDbArc
 50
179.99999999998565
 51
270
  0
ARC
  5
531
330
1F
100
AcDbEntity
  8
TopSilkLayer
100
AcDbCircle
 10
19.854254507467886
 20
1.5460756921514758
 30
0.0
 40
0.30982981965963935
100
AcDbArc
 50
90
 51
179.99530285466332
  0
ARC
  5
532
330
1F
100
AcDbEntity
  8
TopSilkLayer
100
AcDbCircle
 10
20.65427990960052
 20
1.5460756963162794
 30
0.0
 40
0.30982981965963935
100
AcDbArc
 50
0
 51
90
  0
ARC
  5
533
330
1F
100
AcDbEntity
  8
TopSilkLayer
100
AcDbCircle
 10
31.801193803428532
 20
9.440792481584936
 30
0.0
 40
0.30982981965963935
100
AcDbArc
 50
359.9953028545985
 51
90
  0
ARC
  5
534
330
1F
100
AcDbEntity
  8
TopSilkLayer
100
AcDbCircle
 10
31.801193802387388
 20
8.640792481584981
 30
0.0
 40
0.30982981965963935
100
AcDbArc
 50
270
 51
0
  0
ARC
  5
535
330
1F
100
AcDbEntity
  8
TopSilkLayer
100
AcDbCircle
 10
29.640919481838864
 20
8.641249681458135
 30
0.0
 40
0.30982981965963935
100
AcDbArc
 50
179.99999980746952
 51
270
  0
ARC
  5
536
330
1F
100
AcDbEntity
  8
TopSilkLayer
100
AcDbCircle
 10
29.640919477674288
 20
9.441275083591108
 30
0.0
 40
0.30982981965963935
100
AcDbArc
 50
90
 51
180.00939448330345
  0
ARC
  5
537
330
1F
100
AcDbEntity
  8
TopSilkLayer
100
AcDbCircle
 10
38.723190247421826
 20
-19.137211074422112
 30
0.0
 40
0.30982981965963935
100
AcDbArc
 50
359.9953028545985
 51
90
  0
ARC
  5
538
330
1F
100
AcDbEntity
  8
TopSilkLayer
100
AcDbCircle
 10
38.72319024638068
 20
-19.93721107442218
 30
0.0
 40
0.30982981965963935
100
AcDbArc
 50
270
 51
0
  0
ARC
  5
539
330
1F
100
AcDbEntity
  8
TopSilkLayer
100
AcDbCircle
 10
36.56291592583193
 20
-19.936753874548913
 30
0.0
 40
0.30982981965963935
100
AcDbArc
 50
179.9999998074695
 51
270
  0
ARC
  5
53a
330
1F
100
AcDbEntity
  8
TopSilkLayer
100
AcDbCircle
 10
36.5629159216669
 20
-19.136728472416166
 30
0.0
 40
0.30982981965963935
100
AcDbArc
 50
90
 51
180.00939448330345
  0
ARC
  5
53b
330
1F
100
AcDbEntity
  8
TopSilkLayer
100
AcDbCircle
 10
40.04818389740876
 20
-9.058191516382976
 30
0.0
 40
0.30982981965963935
100
AcDbArc
 50
359.9953028545985
 51
90
  0
ARC
  5
53c
330
1F
100
AcDbEntity
  8
TopSilkLayer
100
AcDbCircle
 10
40.04818389636762
 20
-9.858191516383044
 30
0.0
 40
0.30982981965963935
100
AcDbArc
 50
270
 51
0
  0
ARC
  5
53d
330
1F
100
AcDbEntity
  8
TopSilkLayer
100
AcDbCircle
 10
37.887909575819094
 20
-9.857734316509891
 30
0.0
 40
0.30982981965963935
100
AcDbArc
 50
179.99999980746952
 51
270
  0
ARC
  5
53e
330
1F
100
AcDbEntity
  8
TopSilkLayer
100
AcDbCircle
 10
37.88790957165429
 20
-9.057708914376917
 30
0.0
 40
0.30982981965963935
100
AcDbArc
 50
90
 51
180.00939448330345
  0
ARC
  5
53f
330
1F
100
AcDbEntity
  8
TopSilkLayer
100
AcDbCircle
 10
11.420193041427183
 20
-4.5752095504191175
 30
0.0
 40
0.30982981965963935
100
AcDbArc
 50
359.9953028545985
 51
90
  0
ARC
  5
540
330
1F
100
AcDbEntity
  8
TopSilkLayer
100
AcDbCircle
 10
11.420193040386039
 20
-5.375209550419186
 30
0.0
 40
0.30982981965963935
100
AcDbArc
 50
270
 51
0
  0
ARC
  5
541
330
1F
100
AcDbEntity
  8
TopSilkLayer
100
AcDbCircle
 10
9.259918719837515
 20
-5.3747523505459185
 30
0.0
 40
0.30982981965963935
100
AcDbArc
 50
179.99999980746952
 51
270
  0
ARC
  5
542
330
1F
100
AcDbEntity
  8
TopSilkLayer
100
AcDbCircle
 10
9.259918715672711
 20
-4.574726948413058
 30
0.0
 40
0.30982981965963935
100
AcDbArc
 50
90
 51
180.00939448330345
  0
ARC
  5
543
330
1F
100
AcDbEntity
  8
TopSilkLayer
100
AcDbCircle
 10
11.564795529591265
 20
-44.113182627406445
 30
0.0
 40
0.30982981965963935
100
AcDbArc
 50
270
 51
0
  0
ARC
  5
544
330
1F
100
AcDbEntity
  8
TopSilkLayer
100
AcDbCircle
 10
10.764795529591083
 20
-44.1131826263653
 30
0.0
 40
0.30982981965963935
100
AcDbArc
 50
180.00000000000702
 51
270
  0
ARC
  5
545
330
1F
100
AcDbEntity
  8
TopSilkLayer
100
AcDbCircle
 10
10.765252729464237
 20
-41.95290830581655
 30
0.0
 40
0.30982981965963935
100
AcDbArc
 50
90
 51
179.99530285466332
  0
ARC
  5
546
330
1F
100
AcDbEntity
  8
TopSilkLayer
100
AcDbCircle
 10
11.565278131597097
 20
-41.952908301651746
 30
0.0
 40
0.30982981965963935
100
AcDbArc
 50
0
 51
90
  0
ARC
  5
547
330
1F
100
AcDbEntity
  8
TopSilkLayer
100
AcDbCircle
 10
19.557988529051272
 20
-13.414071628143233
 30
0.0
 40
0.9779019558039117
100
AcDbArc
 50
270
 51
90
0
TEXT
5
b80
100
AcDbEntity
8
TopSilkLayer
7

461
1.143002286004572
100
AcDbText
10
24.505511811023553
20
4.35102870205742
30
0
40
1.143002286004572
1
C1
50
180
71
1
100
AcDbText
0
TEXT
5
b81
100
AcDbEntity
8
TopSilkLayer
7

461
1.143002286004572
100
AcDbText
10
7.1590551181102455
20
-34.50749301498604
30
0
40
1.143002286004572
1
C7
50
270
71
1
100
AcDbText
0
TEXT
5
b82
100
AcDbEntity
8
TopSilkLayer
7

461
1.143002286004572
100
AcDbText
10
6.971094742189507
20
-3.9291338582677326
30
0
40
1.143002286004572
1
C8
50
270
71
1
100
AcDbText
0
TEXT
5
b83
100
AcDbEntity
8
TopSilkLayer
7

461
1.143002286004572
100
AcDbText
10
35.77500635001252
20
-6.465074930149854
30
0
40
1.143002286004572
1
C10
50
90
71
1
100
AcDbText
0
TEXT
5
b84
100
AcDbEntity
8
TopSilkLayer
7

461
1.143002286004572
100
AcDbText
10
34.347015494030984
20
-21.18796037592074
30
0
40
1.143002286004572
1
C12
50
180
71
1
100
AcDbText
0
TEXT
5
b85
100
AcDbEntity
8
TopSilkLayer
7

461
1.143002286004572
100
AcDbText
10
39.648514097028055
20
-0.5300990601981539
30
0
40
1.143002286004572
1
C14
50
0
71
1
100
AcDbText
0
TEXT
5
b86
100
AcDbEntity
8
TopSilkLayer
7

461
1.143002286004572
100
AcDbText
10
13.021894843789596
20
-7.51892303784598
30
0
40
1.143002286004572
1
C15
50
0
71
1
100
AcDbText
0
TEXT
5
b87
100
AcDbEntity
8
TopSilkLayer
7

461
1.143002286004572
100
AcDbText
10
2.392989585979194
20
-40.83896367792727
30
0
40
1.143002286004572
1
C22
50
90
71
1
100
AcDbText
0
TEXT
5
b88
100
AcDbEntity
8
TopSilkLayer
7

461
1.143002286004572
100
AcDbText
10
24.0409448818898
20
-5.642113284226639
30
0
40
1.143002286004572
1
C2
50
90
71
1
100
AcDbText
0
TEXT
5
b89
100
AcDbEntity
8
TopSilkLayer
7

461
1.143002286004572
100
AcDbText
10
26.166929133858275
20
-21.68910337820671
30
0
40
1.143002286004572
1
C3
50
180
71
1
100
AcDbText
0
TEXT
5
b8a
100
AcDbEntity
8
TopSilkLayer
7

461
1.143002286004572
100
AcDbText
10
25.773990347980543
20
4.2120904241809285
30
0
40
1.143002286004572
1
C4
50
270
71
1
100
AcDbText
0
TEXT
5
b8b
100
AcDbEntity
8
TopSilkLayer
7

461
1.143002286004572
100
AcDbText
10
19.34396748793506
20
-0.22809245618498153
30
0
40
1.143002286004572
1
C5
50
90
71
1
100
AcDbText
0
TEXT
5
b8c
100
AcDbEntity
8
TopSilkLayer
7

461
1.143002286004572
100
AcDbText
10
32.22890525781054
20
9.717043434086804
30
0
40
1.143002286004572
1
C6
50
270
71
1
100
AcDbText
0
TEXT
5
b8d
100
AcDbEntity
8
TopSilkLayer
7

461
1.143002286004572
100
AcDbText
10
39.245923291846566
20
-20.162052324104707
30
0
40
1.143002286004572
1
C11
50
0
71
1
100
AcDbText
0
TEXT
5
b8e
100
AcDbEntity
8
TopSilkLayer
7

461
1.143002286004572
100
AcDbText
10
40.6749301498603
20
-10.06705613411225
30
0
40
1.143002286004572
1
C13
50
0
71
1
100
AcDbText
0
TEXT
5
b8f
100
AcDbEntity
8
TopSilkLayer
7

461
1.143002286004572
100
AcDbText
10
12.021894843789596
20
-5.605029210058433
30
0
40
1.143002286004572
1
C16
50
0
71
1
100
AcDbText
0
TEXT
5
b90
100
AcDbEntity
8
TopSilkLayer
7

461
1.143002286004572
100
AcDbText
10
10.487985775971538
20
-38.84709169418329
30
0
40
1.143002286004572
1
C21
50
270
71
1
100
AcDbText
0
TEXT
5
b91
100
AcDbEntity
8
TopSilkLayer
7

461
1.143002286004572
100
AcDbText
10
43.093014986030084
20
-25.245110490220895
30
0
40
1.143002286004572
1
C9
50
270
71
1
100
AcDbText
0
TEXT
5
b92
100
AcDbEntity
8
TopSilkLayer
7

461
1.143002286004572
100
AcDbText
10
13.140005080010042
20
-35.32893065786129
30
0
40
1.143002286004572
1
C19
50
90
71
1
100
AcDbText
0
TEXT
5
b93
100
AcDbEntity
8
TopSilkLayer
7

461
1.143002286004572
100
AcDbText
10
6.90022860045724
20
-40.57810515621031
30
0
40
1.143002286004572
1
C20
50
90
71
1
100
AcDbText
0
TEXT
5
b94
100
AcDbEntity
8
TopSilkLayer
7

461
1.143002286004572
100
AcDbText
10
13.889052578105066
20
-18.254000508001013
30
0
40
1.143002286004572
1
C17
50
0
71
1
100
AcDbText
0
TEXT
5
b95
100
AcDbEntity
8
TopSilkLayer
7

461
1.143002286004572
100
AcDbText
10
6.8689865379731145
20
-14.109982219964422
30
0
40
1.143002286004572
1
C18
50
270
71
1
100
AcDbText
0
TEXT
5
b96
100
AcDbEntity
8
TopSilkLayer
7

461
1.143002286004572
100
AcDbText
10
12.482905765811665
20
-1.0401320802641294
30
0
40
1.143002286004572
1
D1
50
0
71
1
100
AcDbText
0
TEXT
5
b97
100
AcDbEntity
8
TopSilkLayer
7

461
1.143002286004572
100
AcDbText
10
13.534975869951722
20
-39.69113538227077
30
0
40
1.143002286004572
1
D3
50
0
71
1
100
AcDbText
0
TEXT
5
b98
100
AcDbEntity
8
TopSilkLayer
7

461
1.143002286004572
100
AcDbText
10
12.15194310388597
20
-3.882905765811415
30
0
40
1.143002286004572
1
D2
50
0
71
1
100
AcDbText
0
TEXT
5
b99
100
AcDbEntity
8
TopSilkLayer
7

461
1.143002286004572
100
AcDbText
10
-4.943053086106147
20
-32.789941579883134
30
0
40
1.143002286004572
1
DSUB1
50
180
71
1
100
AcDbText
0
TEXT
5
b9a
100
AcDbEntity
8
TopSilkLayer
7

461
0.8890017780035562
100
AcDbText
10
1.3437134874268395
20
-24.38658877317755
30
0
40
0.8890017780035562
1
5
50
90
71
1
100
AcDbText
0
TEXT
5
b9b
100
AcDbEntity
8
TopSilkLayer
7

461
0.8890017780035562
100
AcDbText
10
1.2421132842264342
20
-10.238760477520941
30
0
40
0.8890017780035562
1
1
50
90
71
1
100
AcDbText
0
TEXT
5
b9c
100
AcDbEntity
8
TopSilkLayer
7

461
0.8890017780035562
100
AcDbText
10
-1.805892811785725
20
-10.340360680721346
30
0
40
0.8890017780035562
1
6
50
90
71
1
100
AcDbText
0
TEXT
5
b9d
100
AcDbEntity
8
TopSilkLayer
7

461
0.8890017780035562
100
AcDbText
10
-1.6534925069850033
20
-24.41198882397771
30
0
40
0.8890017780035562
1
9
50
90
71
1
100
AcDbText
0
TEXT
5
b9e
100
AcDbEntity
8
TopSilkLayer
7

461
1.143002286004572
100
AcDbText
10
17.947980695961405
20
7.9240538481077465
30
0
40
1.143002286004572
1
H1
50
0
71
1
100
AcDbText
0
TEXT
5
b9f
100
AcDbEntity
8
TopSilkLayer
7

461
1.143002286004572
100
AcDbText
10
17.990906781813464
20
-25.028956057912183
30
0
40
1.143002286004572
1
LED1
50
90
71
1
100
AcDbText
0
TEXT
5
ba0
100
AcDbEntity
8
TopSilkLayer
7

461
1.143002286004572
100
AcDbText
10
22.977952755905562
20
-22.861061722123395
30
0
40
1.143002286004572
1
LED2
50
270
71
1
100
AcDbText
0
TEXT
5
ba1
100
AcDbEntity
8
TopSilkLayer
7

461
1.143002286004572
100
AcDbText
10
30.657912115824047
20
-22.026924053848006
30
0
40
1.143002286004572
1
LED3
50
270
71
1
100
AcDbText
0
TEXT
5
ba2
100
AcDbEntity
8
TopSilkLayer
7

461
1.143002286004572
100
AcDbText
10
32.907086614173295
20
-1.681991363982661
30
0
40
1.143002286004572
1
LED4
50
270
71
1
100
AcDbText
0
TEXT
5
ba3
100
AcDbEntity
8
TopSilkLayer
7

461
1.143002286004572
100
AcDbText
10
27.920040640081424
20
-5.135128270256587
30
0
40
1.143002286004572
1
LED5
50
90
71
1
100
AcDbText
0
TEXT
5
ba4
100
AcDbEntity
8
TopSilkLayer
7

461
1.143002286004572
100
AcDbText
10
37.54208788417577
20
-28.308102616205247
30
0
40
1.143002286004572
1
R1
50
0
71
1
100
AcDbText
0
TEXT
5
ba5
100
AcDbEntity
8
TopSilkLayer
7

461
1.143002286004572
100
AcDbText
10
18.56291592583193
20
-29.796037592075095
30
0
40
1.143002286004572
1
R2
50
270
71
1
100
AcDbText
0
TEXT
5
ba6
100
AcDbEntity
8
TopSilkLayer
7

461
1.143002286004572
100
AcDbText
10
20.955092710185454
20
-29.805943611887187
30
0
40
1.143002286004572
1
R3
50
270
71
1
100
AcDbText
0
TEXT
5
ba7
100
AcDbEntity
8
TopSilkLayer
7

461
1.143002286004572
100
AcDbText
10
28.817932435864805
20
-29.906019812039517
30
0
40
1.143002286004572
1
R4
50
270
71
1
100
AcDbText
0
TEXT
5
ba8
100
AcDbEntity
8
TopSilkLayer
7

461
1.143002286004572
100
AcDbText
10
30.96195072390151
20
3.520955041910156
30
0
40
1.143002286004572
1
R5
50
270
71
1
100
AcDbText
0
TEXT
5
ba9
100
AcDbEntity
8
TopSilkLayer
7

461
1.143002286004572
100
AcDbText
10
28.744018288036614
20
3.4500889001778887
30
0
40
1.143002286004572
1
R6
50
270
71
1
100
AcDbText
0
TEXT
5
baa
100
AcDbEntity
8
TopSilkLayer
7

461
1.143002286004572
100
AcDbText
10
29.065074930149876
20
5.981965963931884
30
0
40
1.143002286004572
1
R7
50
90
71
1
100
AcDbText
0
TEXT
5
bab
100
AcDbEntity
8
TopSilkLayer
7

461
1.143002286004572
100
AcDbText
10
32.30993141986278
20
7.3299466598933805
30
0
40
1.143002286004572
1
R8
50
270
71
1
100
AcDbText
0
TEXT
5
bac
100
AcDbEntity
8
TopSilkLayer
7

461
1.143002286004572
100
AcDbText
10
29.095046990093806
20
9.997967995936051
30
0
40
1.143002286004572
1
R9
50
90
71
1
100
AcDbText
0
TEXT
5
bad
100
AcDbEntity
8
TopSilkLayer
7

461
1.143002286004572
100
AcDbText
10
4.25989331978667
20
-6.213106426212789
30
0
40
1.143002286004572
1
R10
50
270
71
1
100
AcDbText
0
TEXT
5
bae
100
AcDbEntity
8
TopSilkLayer
7

461
1.143002286004572
100
AcDbText
10
4.715062230124431
20
-25.262128524257037
30
0
40
1.143002286004572
1
R11
50
90
71
1
100
AcDbText
0
TEXT
5
baf
100
AcDbEntity
8
TopSilkLayer
7

461
1.143002286004572
100
AcDbText
10
23.22687325374659
20
-33.92303784607566
30
0
40
1.143002286004572
1
R12
50
180
71
1
100
AcDbText
0
TEXT
5
bb0
100
AcDbEntity
8
TopSilkLayer
7

461
1.143002286004572
100
AcDbText
10
32.96398272796546
20
-14.861061722123395
30
0
40
1.143002286004572
1
R13
50
90
71
1
100
AcDbText
0
TEXT
5
bb1
100
AcDbEntity
8
TopSilkLayer
7

461
1.143002286004572
100
AcDbText
10
34.736906273812565
20
-20.830073660147264
30
0
40
1.143002286004572
1
R14
50
270
71
1
100
AcDbText
0
TEXT
5
bb2
100
AcDbEntity
8
TopSilkLayer
7

461
1.143002286004572
100
AcDbText
10
37.96703073406138
20
-23.686055372110673
30
0
40
1.143002286004572
1
R15
50
270
71
1
100
AcDbText
0
TEXT
5
bb3
100
AcDbEntity
8
TopSilkLayer
7

461
1.143002286004572
100
AcDbText
10
43.19004318008638
20
-11.135128270256473
30
0
40
1.143002286004572
1
R16
50
270
71
1
100
AcDbText
0
TEXT
5
bb4
100
AcDbEntity
8
TopSilkLayer
7

461
1.143002286004572
100
AcDbText
10
35.9520447040893
20
-4.536957073914095
30
0
40
1.143002286004572
1
R17
50
270
71
1
100
AcDbText
0
TEXT
5
bb5
100
AcDbEntity
8
TopSilkLayer
7

461
1.143002286004572
100
AcDbText
10
39.08895097790196
20
-6.703073406146814
30
0
40
1.143002286004572
1
R18
50
0
71
1
100
AcDbText
0
TEXT
5
bb6
100
AcDbEntity
8
TopSilkLayer
7

461
1.143002286004572
100
AcDbText
10
42.177089154178475
20
-8.289052578105156
30
0
40
1.143002286004572
1
R19
50
0
71
1
100
AcDbText
0
TEXT
5
bb7
100
AcDbEntity
8
TopSilkLayer
7

461
1.143002286004572
100
AcDbText
10
13.074980949961855
20
-29.974091948183855
30
0
40
1.143002286004572
1
R20
50
0
71
1
100
AcDbText
0
TEXT
5
bb8
100
AcDbEntity
8
TopSilkLayer
7

461
1.143002286004572
100
AcDbText
10
9.69194818389633
20
-33.09601219202432
30
0
40
1.143002286004572
1
R21
50
90
71
1
100
AcDbText
0
TEXT
5
bb9
100
AcDbEntity
8
TopSilkLayer
7

461
1.143002286004572
100
AcDbText
10
30.70490220980446
20
-33.11099822199651
30
0
40
1.143002286004572
1
SW1
50
180
71
1
100
AcDbText
0
TEXT
5
bba
100
AcDbEntity
8
TopSilkLayer
7

461
1.143002286004572
100
AcDbText
10
19.11689103378194
20
-11.658115316230692
30
0
40
1.143002286004572
1
U1
50
90
71
1
100
AcDbText
0
TEXT
5
bbb
100
AcDbEntity
8
TopSilkLayer
7

461
1.143002286004572
100
AcDbText
10
8.769926339852645
20
-29.609093218186445
30
0
40
1.143002286004572
1
U3
50
90
71
1
100
AcDbText
0
TEXT
5
bbc
100
AcDbEntity
8
TopSilkLayer
7

461
1.143002286004572
100
AcDbText
10
21.02595885191772
20
-44.62712725425456
30
0
40
1.143002286004572
1
U4
50
180
71
1
100
AcDbText
0
TEXT
5
bbd
100
AcDbEntity
8
TopSilkLayer
7

461
1.143002286004572
100
AcDbText
10
25.764084328168565
20
1.8028956057912637
30
0
40
1.143002286004572
1
X2
50
270
71
1
100
AcDbText
0
TEXT
5
bbe
100
AcDbEntity
8
TopSilkLayer
7

461
1.143002286004572
100
AcDbText
10
42.848920497840936
20
-15.693929387858702
30
0
40
1.143002286004572
1
U2
50
90
71
1
100
AcDbText
  0
CIRCLE
  5
548
330
1F
100
AcDbEntity
  8
TopSilkLayer
100
AcDbCircle
 10
26.716078232156406
 20
-30.852933705867372
 30
0.0
 40
0.8999237998475998
  0
CIRCLE
  5
549
330
1F
100
AcDbEntity
  8
Document
100
AcDbCircle
 10
20.32009144018275
 20
-18.958851917703782
 30
0.0
 40
0.15011430022860048
  0
CIRCLE
  5
54a
330
1F
100
AcDbEntity
  8
Document
100
AcDbCircle
 10
13.998018796037513
 20
-27.878079756159423
 30
0.0
 40
0.24993649987299976
  0
CIRCLE
  5
54b
330
1F
100
AcDbEntity
  8
Document
100
AcDbCircle
 10
16.505003810007565
 20
-38.17297434594866
 30
0.0
 40
0.5001270002540006
  0
CIRCLE
  5
54c
330
1F
100
AcDbEntity
  8
Document
100
AcDbCircle
 10
22.39908559817127
 20
-1.013970027940104
 30
0.0
 40
0.12700025400050802
  0
CIRCLE
  5
54d
330
1F
100
AcDbEntity
  8
TopSilkLayer
100
AcDbCircle
 10
37.0589789179578
 20
-15.16510033020063
 30
0.0
 40
0.15011430022860048
  0
CIRCLE
  5
54e
330
1F
100
AcDbEntity
  8
TopSilkLayer
100
AcDbCircle
 10
36.31247142494294
 20
-17.16840233680466
 30
0.0
 40
0.15011430022860048
  0
CIRCLE
  5
54f
330
1F
100
AcDbEntity
  8
Document
100
AcDbCircle
 10
37.0589789179578
 20
-17.79603759207521
 30
0.0
 40
0.15011430022860048
  0
CIRCLE
  5
70c
330
1F
100
AcDbEntity
  8
TopSolderMaskLayer
100
AcDbCircle
 10
0.7849885699770311
 20
-17.03787147574303
 30
0.0
 40
0.5664484065211015
  0
CIRCLE
  5
70d
330
1F
100
AcDbEntity
  8
TopSolderMaskLayer
100
AcDbCircle
 10
0.784912369824724
 20
-17.037846075692073
 30
0.0
 40
0.8754000508001016
0
HATCH
5
70e
100
AcDbEntity
8
TopSolderMaskLayer
100
AcDbHatch
10
0
20
0
30
0
210
0
220
0
230
1
2
SOLID
70
1
71
0
91
1
92
7
72
1
73
1
93
2
10
-0.09048768097537763
20
-17.037846075692073
42
1
10
1.6603124206248256
20
-17.037846075692073
42
1
97
1
330

75
0
76
1
47
0.8681437583925616
98
1
10
3.629517071192367
20
33.92795499968543
450
0
451
0
460
0
461
0
452
1
462
1
453
2
463
0
63
5
421
255
463
1
63
7
421
16777215
470
LINEAR
1001
ACAD
1010
0
1020
0
1030
0
  0
CIRCLE
  5
70f
330
1F
100
AcDbEntity
  8
BottomSolderMaskLayer
100
AcDbCircle
 10
0.7849885699770311
 20
-17.03787147574303
 30
0.0
 40
0.5664484065211015
  0
CIRCLE
  5
710
330
1F
100
AcDbEntity
  8
BottomSolderMaskLayer
100
AcDbCircle
 10
0.784912369824724
 20
-17.037846075692073
 30
0.0
 40
0.8754000508001016
0
HATCH
5
711
100
AcDbEntity
8
BottomSolderMaskLayer
100
AcDbHatch
10
0
20
0
30
0
210
0
220
0
230
1
2
SOLID
70
1
71
0
91
1
92
7
72
1
73
1
93
2
10
-0.09048768097537763
20
-17.037846075692073
42
1
10
1.6603124206248256
20
-17.037846075692073
42
1
97
1
330

75
0
76
1
47
0.8681437583925616
98
1
10
3.629517071192367
20
33.92795499968543
450
0
451
0
460
0
461
0
452
1
462
1
453
2
463
0
63
5
421
255
463
1
63
7
421
16777215
470
LINEAR
1001
ACAD
1010
0
1020
0
1030
0
  0
CIRCLE
  5
712
330
1F
100
AcDbEntity
  8
Multi-Layer
100
AcDbCircle
 10
0.7849885699770311
 20
-17.03787147574303
 30
0.0
 40
0.5500127000254001
  0
CIRCLE
  5
713
330
1F
100
AcDbEntity
  8
Multi-Layer
100
AcDbCircle
 10
0.784912369824724
 20
-17.037846075692073
 30
0.0
 40
0.8500000000000001
0
HATCH
5
714
100
AcDbEntity
8
Multi-Layer
100
AcDbHatch
10
0
20
0
30
0
210
0
220
0
230
1
2
SOLID
70
1
71
0
91
1
92
7
72
1
73
1
93
2
10
-0.06508763017527608
20
-17.037846075692073
42
1
10
1.634912369824724
20
-17.037846075692073
42
1
97
1
330

75
0
76
1
47
0.8681437583925616
98
1
10
3.629517071192367
20
33.92795499968543
450
0
451
0
460
0
461
0
452
1
462
1
453
2
463
0
63
5
421
255
463
1
63
7
421
16777215
470
LINEAR
1001
ACAD
1010
0
1020
0
1030
0
  0
CIRCLE
  5
715
330
1F
100
AcDbEntity
  8
TopSolderMaskLayer
100
AcDbCircle
 10
-0.6348742697484795
 20
-4.537998475997028
 30
0.0
 40
1.6415292766069407
  0
CIRCLE
  5
716
330
1F
100
AcDbEntity
  8
TopSolderMaskLayer
100
AcDbCircle
 10
-0.634950469901014
 20
-4.537973075946184
 30
0.0
 40
2.5254000508001018
0
HATCH
5
717
100
AcDbEntity
8
TopSolderMaskLayer
100
AcDbHatch
10
0
20
0
30
0
210
0
220
0
230
1
2
SOLID
70
1
71
0
91
1
92
7
72
1
73
1
93
2
10
-3.1603505207011158
20
-4.537973075946184
42
1
10
1.8904495808990878
20
-4.537973075946184
42
1
97
1
330

75
0
76
1
47
0.8681437583925616
98
1
10
3.629517071192367
20
33.92795499968543
450
0
451
0
460
0
461
0
452
1
462
1
453
2
463
0
63
5
421
255
463
1
63
7
421
16777215
470
LINEAR
1001
ACAD
1010
0
1020
0
1030
0
  0
CIRCLE
  5
718
330
1F
100
AcDbEntity
  8
BottomSolderMaskLayer
100
AcDbCircle
 10
-0.6348742697484795
 20
-4.537998475997028
 30
0.0
 40
1.6415292766069407
  0
CIRCLE
  5
719
330
1F
100
AcDbEntity
  8
BottomSolderMaskLayer
100
AcDbCircle
 10
-0.634950469901014
 20
-4.537973075946184
 30
0.0
 40
2.5254000508001018
0
HATCH
5
71a
100
AcDbEntity
8
BottomSolderMaskLayer
100
AcDbHatch
10
0
20
0
30
0
210
0
220
0
230
1
2
SOLID
70
1
71
0
91
1
92
7
72
1
73
1
93
2
10
-3.1603505207011158
20
-4.537973075946184
42
1
10
1.8904495808990878
20
-4.537973075946184
42
1
97
1
330

75
0
76
1
47
0.8681437583925616
98
1
10
3.629517071192367
20
33.92795499968543
450
0
451
0
460
0
461
0
452
1
462
1
453
2
463
0
63
5
421
255
463
1
63
7
421
16777215
470
LINEAR
1001
ACAD
1010
0
1020
0
1030
0
  0
CIRCLE
  5
71b
330
1F
100
AcDbEntity
  8
Multi-Layer
100
AcDbCircle
 10
-0.6348742697484795
 20
-4.537998475997028
 30
0.0
 40
1.6250190500381003
  0
CIRCLE
  5
71c
330
1F
100
AcDbEntity
  8
Multi-Layer
100
AcDbCircle
 10
-0.634950469901014
 20
-4.537973075946184
 30
0.0
 40
2.5
0
HATCH
5
71d
100
AcDbEntity
8
Multi-Layer
100
AcDbHatch
10
0
20
0
30
0
210
0
220
0
230
1
2
SOLID
70
1
71
0
91
1
92
7
72
1
73
1
93
2
10
-3.134950469901014
20
-4.537973075946184
42
1
10
1.865049530098986
20
-4.537973075946184
42
1
97
1
330

75
0
76
1
47
0.8681437583925616
98
1
10
3.629517071192367
20
33.92795499968543
450
0
451
0
460
0
461
0
452
1
462
1
453
2
463
0
63
5
421
255
463
1
63
7
421
16777215
470
LINEAR
1001
ACAD
1010
0
1020
0
1030
0
  0
CIRCLE
  5
71e
330
1F
100
AcDbEntity
  8
TopSolderMaskLayer
100
AcDbCircle
 10
0.7849885699770311
 20
-22.5578105156211
 30
0.0
 40
0.5664484065211015
  0
CIRCLE
  5
71f
330
1F
100
AcDbEntity
  8
TopSolderMaskLayer
100
AcDbCircle
 10
0.784912369824724
 20
-22.557785115570255
 30
0.0
 40
0.8754000508001016
0
HATCH
5
720
100
AcDbEntity
8
TopSolderMaskLayer
100
AcDbHatch
10
0
20
0
30
0
210
0
220
0
230
1
2
SOLID
70
1
71
0
91
1
92
7
72
1
73
1
93
2
10
-0.09048768097537763
20
-22.557785115570255
42
1
10
1.6603124206248256
20
-22.557785115570255
42
1
97
1
330

75
0
76
1
47
0.8681437583925616
98
1
10
3.629517071192367
20
33.92795499968543
450
0
451
0
460
0
461
0
452
1
462
1
453
2
463
0
63
5
421
255
463
1
63
7
421
16777215
470
LINEAR
1001
ACAD
1010
0
1020
0
1030
0
  0
CIRCLE
  5
721
330
1F
100
AcDbEntity
  8
BottomSolderMaskLayer
100
AcDbCircle
 10
0.7849885699770311
 20
-22.5578105156211
 30
0.0
 40
0.5664484065211015
  0
CIRCLE
  5
722
330
1F
100
AcDbEntity
  8
BottomSolderMaskLayer
100
AcDbCircle
 10
0.784912369824724
 20
-22.557785115570255
 30
0.0
 40
0.8754000508001016
0
HATCH
5
723
100
AcDbEntity
8
BottomSolderMaskLayer
100
AcDbHatch
10
0
20
0
30
0
210
0
220
0
230
1
2
SOLID
70
1
71
0
91
1
92
7
72
1
73
1
93
2
10
-0.09048768097537763
20
-22.557785115570255
42
1
10
1.6603124206248256
20
-22.557785115570255
42
1
97
1
330

75
0
76
1
47
0.8681437583925616
98
1
10
3.629517071192367
20
33.92795499968543
450
0
451
0
460
0
461
0
452
1
462
1
453
2
463
0
63
5
421
255
463
1
63
7
421
16777215
470
LINEAR
1001
ACAD
1010
0
1020
0
1030
0
  0
CIRCLE
  5
724
330
1F
100
AcDbEntity
  8
Multi-Layer
100
AcDbCircle
 10
0.7849885699770311
 20
-22.5578105156211
 30
0.0
 40
0.5500127000254001
  0
CIRCLE
  5
725
330
1F
100
AcDbEntity
  8
Multi-Layer
100
AcDbCircle
 10
0.784912369824724
 20
-22.557785115570255
 30
0.0
 40
0.8500000000000001
0
HATCH
5
726
100
AcDbEntity
8
Multi-Layer
100
AcDbHatch
10
0
20
0
30
0
210
0
220
0
230
1
2
SOLID
70
1
71
0
91
1
92
7
72
1
73
1
93
2
10
-0.06508763017527608
20
-22.557785115570255
42
1
10
1.634912369824724
20
-22.557785115570255
42
1
97
1
330

75
0
76
1
47
0.8681437583925616
98
1
10
3.629517071192367
20
33.92795499968543
450
0
451
0
460
0
461
0
452
1
462
1
453
2
463
0
63
5
421
255
463
1
63
7
421
16777215
470
LINEAR
1001
ACAD
1010
0
1020
0
1030
0
  0
CIRCLE
  5
727
330
1F
100
AcDbEntity
  8
TopSolderMaskLayer
100
AcDbCircle
 10
0.7849885699770311
 20
-19.79784099568201
 30
0.0
 40
0.5664484065211015
  0
CIRCLE
  5
728
330
1F
100
AcDbEntity
  8
TopSolderMaskLayer
100
AcDbCircle
 10
0.784912369824724
 20
-19.797815595631164
 30
0.0
 40
0.8754000508001016
0
HATCH
5
729
100
AcDbEntity
8
TopSolderMaskLayer
100
AcDbHatch
10
0
20
0
30
0
210
0
220
0
230
1
2
SOLID
70
1
71
0
91
1
92
7
72
1
73
1
93
2
10
-0.09048768097537763
20
-19.797815595631164
42
1
10
1.6603124206248256
20
-19.797815595631164
42
1
97
1
330

75
0
76
1
47
0.8681437583925616
98
1
10
3.629517071192367
20
33.92795499968543
450
0
451
0
460
0
461
0
452
1
462
1
453
2
463
0
63
5
421
255
463
1
63
7
421
16777215
470
LINEAR
1001
ACAD
1010
0
1020
0
1030
0
  0
CIRCLE
  5
72a
330
1F
100
AcDbEntity
  8
BottomSolderMaskLayer
100
AcDbCircle
 10
0.7849885699770311
 20
-19.79784099568201
 30
0.0
 40
0.5664484065211015
  0
CIRCLE
  5
72b
330
1F
100
AcDbEntity
  8
BottomSolderMaskLayer
100
AcDbCircle
 10
0.784912369824724
 20
-19.797815595631164
 30
0.0
 40
0.8754000508001016
0
HATCH
5
72c
100
AcDbEntity
8
BottomSolderMaskLayer
100
AcDbHatch
10
0
20
0
30
0
210
0
220
0
230
1
2
SOLID
70
1
71
0
91
1
92
7
72
1
73
1
93
2
10
-0.09048768097537763
20
-19.797815595631164
42
1
10
1.6603124206248256
20
-19.797815595631164
42
1
97
1
330

75
0
76
1
47
0.8681437583925616
98
1
10
3.629517071192367
20
33.92795499968543
450
0
451
0
460
0
461
0
452
1
462
1
453
2
463
0
63
5
421
255
463
1
63
7
421
16777215
470
LINEAR
1001
ACAD
1010
0
1020
0
1030
0
  0
CIRCLE
  5
72d
330
1F
100
AcDbEntity
  8
Multi-Layer
100
AcDbCircle
 10
0.7849885699770311
 20
-19.79784099568201
 30
0.0
 40
0.5500127000254001
  0
CIRCLE
  5
72e
330
1F
100
AcDbEntity
  8
Multi-Layer
100
AcDbCircle
 10
0.784912369824724
 20
-19.797815595631164
 30
0.0
 40
0.8500000000000001
0
HATCH
5
72f
100
AcDbEntity
8
Multi-Layer
100
AcDbHatch
10
0
20
0
30
0
210
0
220
0
230
1
2
SOLID
70
1
71
0
91
1
92
7
72
1
73
1
93
2
10
-0.06508763017527608
20
-19.797815595631164
42
1
10
1.634912369824724
20
-19.797815595631164
42
1
97
1
330

75
0
76
1
47
0.8681437583925616
98
1
10
3.629517071192367
20
33.92795499968543
450
0
451
0
460
0
461
0
452
1
462
1
453
2
463
0
63
5
421
255
463
1
63
7
421
16777215
470
LINEAR
1001
ACAD
1010
0
1020
0
1030
0
  0
CIRCLE
  5
730
330
1F
100
AcDbEntity
  8
TopSolderMaskLayer
100
AcDbCircle
 10
0.7849885699770311
 20
-14.27790195580394
 30
0.0
 40
0.5664484065211015
  0
CIRCLE
  5
731
330
1F
100
AcDbEntity
  8
TopSolderMaskLayer
100
AcDbCircle
 10
0.784912369824724
 20
-14.277876555753096
 30
0.0
 40
0.8754000508001016
0
HATCH
5
732
100
AcDbEntity
8
TopSolderMaskLayer
100
AcDbHatch
10
0
20
0
30
0
210
0
220
0
230
1
2
SOLID
70
1
71
0
91
1
92
7
72
1
73
1
93
2
10
-0.09048768097537763
20
-14.277876555753096
42
1
10
1.6603124206248256
20
-14.277876555753096
42
1
97
1
330

75
0
76
1
47
0.8681437583925616
98
1
10
3.629517071192367
20
33.92795499968543
450
0
451
0
460
0
461
0
452
1
462
1
453
2
463
0
63
5
421
255
463
1
63
7
421
16777215
470
LINEAR
1001
ACAD
1010
0
1020
0
1030
0
  0
CIRCLE
  5
733
330
1F
100
AcDbEntity
  8
BottomSolderMaskLayer
100
AcDbCircle
 10
0.7849885699770311
 20
-14.27790195580394
 30
0.0
 40
0.5664484065211015
  0
CIRCLE
  5
734
330
1F
100
AcDbEntity
  8
BottomSolderMaskLayer
100
AcDbCircle
 10
0.784912369824724
 20
-14.277876555753096
 30
0.0
 40
0.8754000508001016
0
HATCH
5
735
100
AcDbEntity
8
BottomSolderMaskLayer
100
AcDbHatch
10
0
20
0
30
0
210
0
220
0
230
1
2
SOLID
70
1
71
0
91
1
92
7
72
1
73
1
93
2
10
-0.09048768097537763
20
-14.277876555753096
42
1
10
1.6603124206248256
20
-14.277876555753096
42
1
97
1
330

75
0
76
1
47
0.8681437583925616
98
1
10
3.629517071192367
20
33.92795499968543
450
0
451
0
460
0
461
0
452
1
462
1
453
2
463
0
63
5
421
255
463
1
63
7
421
16777215
470
LINEAR
1001
ACAD
1010
0
1020
0
1030
0
  0
CIRCLE
  5
736
330
1F
100
AcDbEntity
  8
Multi-Layer
100
AcDbCircle
 10
0.7849885699770311
 20
-14.27790195580394
 30
0.0
 40
0.5500127000254001
  0
CIRCLE
  5
737
330
1F
100
AcDbEntity
  8
Multi-Layer
100
AcDbCircle
 10
0.784912369824724
 20
-14.277876555753096
 30
0.0
 40
0.8500000000000001
0
HATCH
5
738
100
AcDbEntity
8
Multi-Layer
100
AcDbHatch
10
0
20
0
30
0
210
0
220
0
230
1
2
SOLID
70
1
71
0
91
1
92
7
72
1
73
1
93
2
10
-0.06508763017527608
20
-14.277876555753096
42
1
10
1.634912369824724
20
-14.277876555753096
42
1
97
1
330

75
0
76
1
47
0.8681437583925616
98
1
10
3.629517071192367
20
33.92795499968543
450
0
451
0
460
0
461
0
452
1
462
1
453
2
463
0
63
5
421
255
463
1
63
7
421
16777215
470
LINEAR
1001
ACAD
1010
0
1020
0
1030
0
  0
CIRCLE
  5
742
330
1F
100
AcDbEntity
  8
TopSolderMaskLayer
100
AcDbCircle
 10
-2.054991109982211
 20
-21.177825755651497
 30
0.0
 40
0.5664484065211015
  0
CIRCLE
  5
743
330
1F
100
AcDbEntity
  8
TopSolderMaskLayer
100
AcDbCircle
 10
-2.0550673101345183
 20
-21.177800355600652
 30
0.0
 40
0.8754000508001016
0
HATCH
5
744
100
AcDbEntity
8
TopSolderMaskLayer
100
AcDbHatch
10
0
20
0
30
0
210
0
220
0
230
1
2
SOLID
70
1
71
0
91
1
92
7
72
1
73
1
93
2
10
-2.93046736093462
20
-21.177800355600652
42
1
10
-1.1796672593344166
20
-21.177800355600652
42
1
97
1
330

75
0
76
1
47
0.8681437583925616
98
1
10
3.629517071192367
20
33.92795499968543
450
0
451
0
460
0
461
0
452
1
462
1
453
2
463
0
63
5
421
255
463
1
63
7
421
16777215
470
LINEAR
1001
ACAD
1010
0
1020
0
1030
0
  0
CIRCLE
  5
745
330
1F
100
AcDbEntity
  8
BottomSolderMaskLayer
100
AcDbCircle
 10
-2.054991109982211
 20
-21.177825755651497
 30
0.0
 40
0.5664484065211015
  0
CIRCLE
  5
746
330
1F
100
AcDbEntity
  8
BottomSolderMaskLayer
100
AcDbCircle
 10
-2.0550673101345183
 20
-21.177800355600652
 30
0.0
 40
0.8754000508001016
0
HATCH
5
747
100
AcDbEntity
8
BottomSolderMaskLayer
100
AcDbHatch
10
0
20
0
30
0
210
0
220
0
230
1
2
SOLID
70
1
71
0
91
1
92
7
72
1
73
1
93
2
10
-2.93046736093462
20
-21.177800355600652
42
1
10
-1.1796672593344166
20
-21.177800355600652
42
1
97
1
330

75
0
76
1
47
0.8681437583925616
98
1
10
3.629517071192367
20
33.92795499968543
450
0
451
0
460
0
461
0
452
1
462
1
453
2
463
0
63
5
421
255
463
1
63
7
421
16777215
470
LINEAR
1001
ACAD
1010
0
1020
0
1030
0
  0
CIRCLE
  5
748
330
1F
100
AcDbEntity
  8
Multi-Layer
100
AcDbCircle
 10
-2.054991109982211
 20
-21.177825755651497
 30
0.0
 40
0.5500127000254001
  0
CIRCLE
  5
749
330
1F
100
AcDbEntity
  8
Multi-Layer
100
AcDbCircle
 10
-2.0550673101345183
 20
-21.177800355600652
 30
0.0
 40
0.8500000000000001
0
HATCH
5
74a
100
AcDbEntity
8
Multi-Layer
100
AcDbHatch
10
0
20
0
30
0
210
0
220
0
230
1
2
SOLID
70
1
71
0
91
1
92
7
72
1
73
1
93
2
10
-2.9050673101345184
20
-21.177800355600652
42
1
10
-1.2050673101345182
20
-21.177800355600652
42
1
97
1
330

75
0
76
1
47
0.8681437583925616
98
1
10
3.629517071192367
20
33.92795499968543
450
0
451
0
460
0
461
0
452
1
462
1
453
2
463
0
63
5
421
255
463
1
63
7
421
16777215
470
LINEAR
1001
ACAD
1010
0
1020
0
1030
0
  0
CIRCLE
  5
74b
330
1F
100
AcDbEntity
  8
TopSolderMaskLayer
100
AcDbCircle
 10
-2.054991109982211
 20
-18.41785623571252
 30
0.0
 40
0.5664484065211015
  0
CIRCLE
  5
74c
330
1F
100
AcDbEntity
  8
TopSolderMaskLayer
100
AcDbCircle
 10
-2.0550673101345183
 20
-18.417830835661675
 30
0.0
 40
0.8754000508001016
0
HATCH
5
74d
100
AcDbEntity
8
TopSolderMaskLayer
100
AcDbHatch
10
0
20
0
30
0
210
0
220
0
230
1
2
SOLID
70
1
71
0
91
1
92
7
72
1
73
1
93
2
10
-2.93046736093462
20
-18.417830835661675
42
1
10
-1.1796672593344166
20
-18.417830835661675
42
1
97
1
330

75
0
76
1
47
0.8681437583925616
98
1
10
3.629517071192367
20
33.92795499968543
450
0
451
0
460
0
461
0
452
1
462
1
453
2
463
0
63
5
421
255
463
1
63
7
421
16777215
470
LINEAR
1001
ACAD
1010
0
1020
0
1030
0
  0
CIRCLE
  5
74e
330
1F
100
AcDbEntity
  8
BottomSolderMaskLayer
100
AcDbCircle
 10
-2.054991109982211
 20
-18.41785623571252
 30
0.0
 40
0.5664484065211015
  0
CIRCLE
  5
74f
330
1F
100
AcDbEntity
  8
BottomSolderMaskLayer
100
AcDbCircle
 10
-2.0550673101345183
 20
-18.417830835661675
 30
0.0
 40
0.8754000508001016
0
HATCH
5
750
100
AcDbEntity
8
BottomSolderMaskLayer
100
AcDbHatch
10
0
20
0
30
0
210
0
220
0
230
1
2
SOLID
70
1
71
0
91
1
92
7
72
1
73
1
93
2
10
-2.93046736093462
20
-18.417830835661675
42
1
10
-1.1796672593344166
20
-18.417830835661675
42
1
97
1
330

75
0
76
1
47
0.8681437583925616
98
1
10
3.629517071192367
20
33.92795499968543
450
0
451
0
460
0
461
0
452
1
462
1
453
2
463
0
63
5
421
255
463
1
63
7
421
16777215
470
LINEAR
1001
ACAD
1010
0
1020
0
1030
0
  0
CIRCLE
  5
751
330
1F
100
AcDbEntity
  8
Multi-Layer
100
AcDbCircle
 10
-2.054991109982211
 20
-18.41785623571252
 30
0.0
 40
0.5500127000254001
  0
CIRCLE
  5
752
330
1F
100
AcDbEntity
  8
Multi-Layer
100
AcDbCircle
 10
-2.0550673101345183
 20
-18.417830835661675
 30
0.0
 40
0.8500000000000001
0
HATCH
5
753
100
AcDbEntity
8
Multi-Layer
100
AcDbHatch
10
0
20
0
30
0
210
0
220
0
230
1
2
SOLID
70
1
71
0
91
1
92
7
72
1
73
1
93
2
10
-2.9050673101345184
20
-18.417830835661675
42
1
10
-1.2050673101345182
20
-18.417830835661675
42
1
97
1
330

75
0
76
1
47
0.8681437583925616
98
1
10
3.629517071192367
20
33.92795499968543
450
0
451
0
460
0
461
0
452
1
462
1
453
2
463
0
63
5
421
255
463
1
63
7
421
16777215
470
LINEAR
1001
ACAD
1010
0
1020
0
1030
0
  0
CIRCLE
  5
754
330
1F
100
AcDbEntity
  8
TopSolderMaskLayer
100
AcDbCircle
 10
-2.054991109982211
 20
-15.65788671577343
 30
0.0
 40
0.5664484065211015
  0
CIRCLE
  5
755
330
1F
100
AcDbEntity
  8
TopSolderMaskLayer
100
AcDbCircle
 10
-2.0550673101345183
 20
-15.657861315722585
 30
0.0
 40
0.8754000508001016
0
HATCH
5
756
100
AcDbEntity
8
TopSolderMaskLayer
100
AcDbHatch
10
0
20
0
30
0
210
0
220
0
230
1
2
SOLID
70
1
71
0
91
1
92
7
72
1
73
1
93
2
10
-2.93046736093462
20
-15.657861315722585
42
1
10
-1.1796672593344166
20
-15.657861315722585
42
1
97
1
330

75
0
76
1
47
0.8681437583925616
98
1
10
3.629517071192367
20
33.92795499968543
450
0
451
0
460
0
461
0
452
1
462
1
453
2
463
0
63
5
421
255
463
1
63
7
421
16777215
470
LINEAR
1001
ACAD
1010
0
1020
0
1030
0
  0
CIRCLE
  5
757
330
1F
100
AcDbEntity
  8
BottomSolderMaskLayer
100
AcDbCircle
 10
-2.054991109982211
 20
-15.65788671577343
 30
0.0
 40
0.5664484065211015
  0
CIRCLE
  5
758
330
1F
100
AcDbEntity
  8
BottomSolderMaskLayer
100
AcDbCircle
 10
-2.0550673101345183
 20
-15.657861315722585
 30
0.0
 40
0.8754000508001016
0
HATCH
5
759
100
AcDbEntity
8
BottomSolderMaskLayer
100
AcDbHatch
10
0
20
0
30
0
210
0
220
0
230
1
2
SOLID
70
1
71
0
91
1
92
7
72
1
73
1
93
2
10
-2.93046736093462
20
-15.657861315722585
42
1
10
-1.1796672593344166
20
-15.657861315722585
42
1
97
1
330

75
0
76
1
47
0.8681437583925616
98
1
10
3.629517071192367
20
33.92795499968543
450
0
451
0
460
0
461
0
452
1
462
1
453
2
463
0
63
5
421
255
463
1
63
7
421
16777215
470
LINEAR
1001
ACAD
1010
0
1020
0
1030
0
  0
CIRCLE
  5
75a
330
1F
100
AcDbEntity
  8
Multi-Layer
100
AcDbCircle
 10
-2.054991109982211
 20
-15.65788671577343
 30
0.0
 40
0.5500127000254001
  0
CIRCLE
  5
75b
330
1F
100
AcDbEntity
  8
Multi-Layer
100
AcDbCircle
 10
-2.0550673101345183
 20
-15.657861315722585
 30
0.0
 40
0.8500000000000001
0
HATCH
5
75c
100
AcDbEntity
8
Multi-Layer
100
AcDbHatch
10
0
20
0
30
0
210
0
220
0
230
1
2
SOLID
70
1
71
0
91
1
92
7
72
1
73
1
93
2
10
-2.9050673101345184
20
-15.657861315722585
42
1
10
-1.2050673101345182
20
-15.657861315722585
42
1
97
1
330

75
0
76
1
47
0.8681437583925616
98
1
10
3.629517071192367
20
33.92795499968543
450
0
451
0
460
0
461
0
452
1
462
1
453
2
463
0
63
5
421
255
463
1
63
7
421
16777215
470
LINEAR
1001
ACAD
1010
0
1020
0
1030
0
  0
CIRCLE
  5
75d
330
1F
100
AcDbEntity
  8
TopSolderMaskLayer
100
AcDbCircle
 10
-2.054991109982211
 20
-12.897917195834452
 30
0.0
 40
0.5664484065211015
  0
CIRCLE
  5
75e
330
1F
100
AcDbEntity
  8
TopSolderMaskLayer
100
AcDbCircle
 10
-2.0550673101345183
 20
-12.897891795783607
 30
0.0
 40
0.8754000508001016
0
HATCH
5
75f
100
AcDbEntity
8
TopSolderMaskLayer
100
AcDbHatch
10
0
20
0
30
0
210
0
220
0
230
1
2
SOLID
70
1
71
0
91
1
92
7
72
1
73
1
93
2
10
-2.93046736093462
20
-12.897891795783607
42
1
10
-1.1796672593344166
20
-12.897891795783607
42
1
97
1
330

75
0
76
1
47
0.8681437583925616
98
1
10
3.629517071192367
20
33.92795499968543
450
0
451
0
460
0
461
0
452
1
462
1
453
2
463
0
63
5
421
255
463
1
63
7
421
16777215
470
LINEAR
1001
ACAD
1010
0
1020
0
1030
0
  0
CIRCLE
  5
760
330
1F
100
AcDbEntity
  8
BottomSolderMaskLayer
100
AcDbCircle
 10
-2.054991109982211
 20
-12.897917195834452
 30
0.0
 40
0.5664484065211015
  0
CIRCLE
  5
761
330
1F
100
AcDbEntity
  8
BottomSolderMaskLayer
100
AcDbCircle
 10
-2.0550673101345183
 20
-12.897891795783607
 30
0.0
 40
0.8754000508001016
0
HATCH
5
762
100
AcDbEntity
8
BottomSolderMaskLayer
100
AcDbHatch
10
0
20
0
30
0
210
0
220
0
230
1
2
SOLID
70
1
71
0
91
1
92
7
72
1
73
1
93
2
10
-2.93046736093462
20
-12.897891795783607
42
1
10
-1.1796672593344166
20
-12.897891795783607
42
1
97
1
330

75
0
76
1
47
0.8681437583925616
98
1
10
3.629517071192367
20
33.92795499968543
450
0
451
0
460
0
461
0
452
1
462
1
453
2
463
0
63
5
421
255
463
1
63
7
421
16777215
470
LINEAR
1001
ACAD
1010
0
1020
0
1030
0
  0
CIRCLE
  5
763
330
1F
100
AcDbEntity
  8
Multi-Layer
100
AcDbCircle
 10
-2.054991109982211
 20
-12.897917195834452
 30
0.0
 40
0.5500127000254001
  0
CIRCLE
  5
764
330
1F
100
AcDbEntity
  8
Multi-Layer
100
AcDbCircle
 10
-2.0550673101345183
 20
-12.897891795783607
 30
0.0
 40
0.8500000000000001
0
HATCH
5
765
100
AcDbEntity
8
Multi-Layer
100
AcDbHatch
10
0
20
0
30
0
210
0
220
0
230
1
2
SOLID
70
1
71
0
91
1
92
7
72
1
73
1
93
2
10
-2.9050673101345184
20
-12.897891795783607
42
1
10
-1.2050673101345182
20
-12.897891795783607
42
1
97
1
330

75
0
76
1
47
0.8681437583925616
98
1
10
3.629517071192367
20
33.92795499968543
450
0
451
0
460
0
461
0
452
1
462
1
453
2
463
0
63
5
421
255
463
1
63
7
421
16777215
470
LINEAR
1001
ACAD
1010
0
1020
0
1030
0
  0
CIRCLE
  5
766
330
1F
100
AcDbEntity
  8
TopSolderMaskLayer
100
AcDbCircle
 10
-0.6348742697484795
 20
-29.537998475996915
 30
0.0
 40
1.6415292766069407
  0
CIRCLE
  5
767
330
1F
100
AcDbEntity
  8
TopSolderMaskLayer
100
AcDbCircle
 10
-0.634950469901014
 20
-29.537973075946184
 30
0.0
 40
2.5254000508001018
0
HATCH
5
768
100
AcDbEntity
8
TopSolderMaskLayer
100
AcDbHatch
10
0
20
0
30
0
210
0
220
0
230
1
2
SOLID
70
1
71
0
91
1
92
7
72
1
73
1
93
2
10
-3.1603505207011158
20
-29.537973075946184
42
1
10
1.8904495808990878
20
-29.537973075946184
42
1
97
1
330

75
0
76
1
47
0.8681437583925616
98
1
10
3.629517071192367
20
33.92795499968543
450
0
451
0
460
0
461
0
452
1
462
1
453
2
463
0
63
5
421
255
463
1
63
7
421
16777215
470
LINEAR
1001
ACAD
1010
0
1020
0
1030
0
  0
CIRCLE
  5
769
330
1F
100
AcDbEntity
  8
BottomSolderMaskLayer
100
AcDbCircle
 10
-0.6348742697484795
 20
-29.537998475996915
 30
0.0
 40
1.6415292766069407
  0
CIRCLE
  5
76a
330
1F
100
AcDbEntity
  8
BottomSolderMaskLayer
100
AcDbCircle
 10
-0.634950469901014
 20
-29.537973075946184
 30
0.0
 40
2.5254000508001018
0
HATCH
5
76b
100
AcDbEntity
8
BottomSolderMaskLayer
100
AcDbHatch
10
0
20
0
30
0
210
0
220
0
230
1
2
SOLID
70
1
71
0
91
1
92
7
72
1
73
1
93
2
10
-3.1603505207011158
20
-29.537973075946184
42
1
10
1.8904495808990878
20
-29.537973075946184
42
1
97
1
330

75
0
76
1
47
0.8681437583925616
98
1
10
3.629517071192367
20
33.92795499968543
450
0
451
0
460
0
461
0
452
1
462
1
453
2
463
0
63
5
421
255
463
1
63
7
421
16777215
470
LINEAR
1001
ACAD
1010
0
1020
0
1030
0
  0
CIRCLE
  5
76c
330
1F
100
AcDbEntity
  8
Multi-Layer
100
AcDbCircle
 10
-0.6348742697484795
 20
-29.537998475996915
 30
0.0
 40
1.6250190500381003
  0
CIRCLE
  5
76d
330
1F
100
AcDbEntity
  8
Multi-Layer
100
AcDbCircle
 10
-0.634950469901014
 20
-29.537973075946184
 30
0.0
 40
2.5
0
HATCH
5
76e
100
AcDbEntity
8
Multi-Layer
100
AcDbHatch
10
0
20
0
30
0
210
0
220
0
230
1
2
SOLID
70
1
71
0
91
1
92
7
72
1
73
1
93
2
10
-3.134950469901014
20
-29.537973075946184
42
1
10
1.865049530098986
20
-29.537973075946184
42
1
97
1
330

75
0
76
1
47
0.8681437583925616
98
1
10
3.629517071192367
20
33.92795499968543
450
0
451
0
460
0
461
0
452
1
462
1
453
2
463
0
63
5
421
255
463
1
63
7
421
16777215
470
LINEAR
1001
ACAD
1010
0
1020
0
1030
0
  0
CIRCLE
  5
778
330
1F
100
AcDbEntity
  8
TopSolderMaskLayer
100
AcDbCircle
 10
23.35699771399527
 20
10.624003048006102
 30
0.0
 40
0.5664484065211015
  0
CIRCLE
  5
779
330
1F
100
AcDbEntity
  8
TopSolderMaskLayer
100
AcDbCircle
 10
23.356921513842963
 20
10.624079248158523
 30
0.0
 40
0.8754000508001016
0
HATCH
5
77a
100
AcDbEntity
8
TopSolderMaskLayer
100
AcDbHatch
10
0
20
0
30
0
210
0
220
0
230
1
2
SOLID
70
1
71
0
91
1
92
7
72
1
73
1
93
2
10
22.48152146304286
20
10.624079248158523
42
1
10
24.232321564643065
20
10.624079248158523
42
1
97
1
330

75
0
76
1
47
0.8681437583925616
98
1
10
3.629517071192367
20
33.92795499968543
450
0
451
0
460
0
461
0
452
1
462
1
453
2
463
0
63
5
421
255
463
1
63
7
421
16777215
470
LINEAR
1001
ACAD
1010
0
1020
0
1030
0
  0
CIRCLE
  5
77b
330
1F
100
AcDbEntity
  8
BottomSolderMaskLayer
100
AcDbCircle
 10
23.35699771399527
 20
10.624003048006102
 30
0.0
 40
0.5664484065211015
  0
CIRCLE
  5
77c
330
1F
100
AcDbEntity
  8
BottomSolderMaskLayer
100
AcDbCircle
 10
23.356921513842963
 20
10.624079248158523
 30
0.0
 40
0.8754000508001016
0
HATCH
5
77d
100
AcDbEntity
8
BottomSolderMaskLayer
100
AcDbHatch
10
0
20
0
30
0
210
0
220
0
230
1
2
SOLID
70
1
71
0
91
1
92
7
72
1
73
1
93
2
10
22.48152146304286
20
10.624079248158523
42
1
10
24.232321564643065
20
10.624079248158523
42
1
97
1
330

75
0
76
1
47
0.8681437583925616
98
1
10
3.629517071192367
20
33.92795499968543
450
0
451
0
460
0
461
0
452
1
462
1
453
2
463
0
63
5
421
255
463
1
63
7
421
16777215
470
LINEAR
1001
ACAD
1010
0
1020
0
1030
0
  0
CIRCLE
  5
77e
330
1F
100
AcDbEntity
  8
Multi-Layer
100
AcDbCircle
 10
23.35699771399527
 20
10.624003048006102
 30
0.0
 40
0.5500127000254001
  0
CIRCLE
  5
77f
330
1F
100
AcDbEntity
  8
Multi-Layer
100
AcDbCircle
 10
23.356921513842963
 20
10.624079248158523
 30
0.0
 40
0.8500000000000001
0
HATCH
5
780
100
AcDbEntity
8
Multi-Layer
100
AcDbHatch
10
0
20
0
30
0
210
0
220
0
230
1
2
SOLID
70
1
71
0
91
1
92
7
72
1
73
1
93
2
10
22.50692151384296
20
10.624079248158523
42
1
10
24.206921513842964
20
10.624079248158523
42
1
97
1
330

75
0
76
1
47
0.8681437583925616
98
1
10
3.629517071192367
20
33.92795499968543
450
0
451
0
460
0
461
0
452
1
462
1
453
2
463
0
63
5
421
255
463
1
63
7
421
16777215
470
LINEAR
1001
ACAD
1010
0
1020
0
1030
0
  0
CIRCLE
  5
781
330
1F
100
AcDbEntity
  8
TopSolderMaskLayer
100
AcDbCircle
 10
20.816992633985137
 20
10.624003048006102
 30
0.0
 40
0.5664484065211015
  0
CIRCLE
  5
782
330
1F
100
AcDbEntity
  8
TopSolderMaskLayer
100
AcDbCircle
 10
20.81691643383283
 20
10.624079248158523
 30
0.0
 40
0.8754000508001016
0
HATCH
5
783
100
AcDbEntity
8
TopSolderMaskLayer
100
AcDbHatch
10
0
20
0
30
0
210
0
220
0
230
1
2
SOLID
70
1
71
0
91
1
92
7
72
1
73
1
93
2
10
19.941516383032727
20
10.624079248158523
42
1
10
21.692316484632933
20
10.624079248158523
42
1
97
1
330

75
0
76
1
47
0.8681437583925616
98
1
10
3.629517071192367
20
33.92795499968543
450
0
451
0
460
0
461
0
452
1
462
1
453
2
463
0
63
5
421
255
463
1
63
7
421
16777215
470
LINEAR
1001
ACAD
1010
0
1020
0
1030
0
  0
CIRCLE
  5
784
330
1F
100
AcDbEntity
  8
BottomSolderMaskLayer
100
AcDbCircle
 10
20.816992633985137
 20
10.624003048006102
 30
0.0
 40
0.5664484065211015
  0
CIRCLE
  5
785
330
1F
100
AcDbEntity
  8
BottomSolderMaskLayer
100
AcDbCircle
 10
20.81691643383283
 20
10.624079248158523
 30
0.0
 40
0.8754000508001016
0
HATCH
5
786
100
AcDbEntity
8
BottomSolderMaskLayer
100
AcDbHatch
10
0
20
0
30
0
210
0
220
0
230
1
2
SOLID
70
1
71
0
91
1
92
7
72
1
73
1
93
2
10
19.941516383032727
20
10.624079248158523
42
1
10
21.692316484632933
20
10.624079248158523
42
1
97
1
330

75
0
76
1
47
0.8681437583925616
98
1
10
3.629517071192367
20
33.92795499968543
450
0
451
0
460
0
461
0
452
1
462
1
453
2
463
0
63
5
421
255
463
1
63
7
421
16777215
470
LINEAR
1001
ACAD
1010
0
1020
0
1030
0
  0
CIRCLE
  5
787
330
1F
100
AcDbEntity
  8
Multi-Layer
100
AcDbCircle
 10
20.816992633985137
 20
10.624003048006102
 30
0.0
 40
0.5500127000254001
  0
CIRCLE
  5
788
330
1F
100
AcDbEntity
  8
Multi-Layer
100
AcDbCircle
 10
20.81691643383283
 20
10.624079248158523
 30
0.0
 40
0.8500000000000001
0
HATCH
5
789
100
AcDbEntity
8
Multi-Layer
100
AcDbHatch
10
0
20
0
30
0
210
0
220
0
230
1
2
SOLID
70
1
71
0
91
1
92
7
72
1
73
1
93
2
10
19.96691643383283
20
10.624079248158523
42
1
10
21.66691643383283
20
10.624079248158523
42
1
97
1
330

75
0
76
1
47
0.8681437583925616
98
1
10
3.629517071192367
20
33.92795499968543
450
0
451
0
460
0
461
0
452
1
462
1
453
2
463
0
63
5
421
255
463
1
63
7
421
16777215
470
LINEAR
1001
ACAD
1010
0
1020
0
1030
0
  0
CIRCLE
  5
78a
330
1F
100
AcDbEntity
  8
TopSolderMaskLayer
100
AcDbCircle
 10
18.276987553975005
 20
10.624003048006102
 30
0.0
 40
0.5664484065211015
  0
CIRCLE
  5
78b
330
1F
100
AcDbEntity
  8
TopSolderMaskLayer
100
AcDbCircle
 10
18.276911353822697
 20
10.624079248158523
 30
0.0
 40
0.8754000508001016
0
HATCH
5
78c
100
AcDbEntity
8
TopSolderMaskLayer
100
AcDbHatch
10
0
20
0
30
0
210
0
220
0
230
1
2
SOLID
70
1
71
0
91
1
92
7
72
1
73
1
93
2
10
17.401511303022595
20
10.624079248158523
42
1
10
19.1523114046228
20
10.624079248158523
42
1
97
1
330

75
0
76
1
47
0.8681437583925616
98
1
10
3.629517071192367
20
33.92795499968543
450
0
451
0
460
0
461
0
452
1
462
1
453
2
463
0
63
5
421
255
463
1
63
7
421
16777215
470
LINEAR
1001
ACAD
1010
0
1020
0
1030
0
  0
CIRCLE
  5
78d
330
1F
100
AcDbEntity
  8
BottomSolderMaskLayer
100
AcDbCircle
 10
18.276987553975005
 20
10.624003048006102
 30
0.0
 40
0.5664484065211015
  0
CIRCLE
  5
78e
330
1F
100
AcDbEntity
  8
BottomSolderMaskLayer
100
AcDbCircle
 10
18.276911353822697
 20
10.624079248158523
 30
0.0
 40
0.8754000508001016
0
HATCH
5
78f
100
AcDbEntity
8
BottomSolderMaskLayer
100
AcDbHatch
10
0
20
0
30
0
210
0
220
0
230
1
2
SOLID
70
1
71
0
91
1
92
7
72
1
73
1
93
2
10
17.401511303022595
20
10.624079248158523
42
1
10
19.1523114046228
20
10.624079248158523
42
1
97
1
330

75
0
76
1
47
0.8681437583925616
98
1
10
3.629517071192367
20
33.92795499968543
450
0
451
0
460
0
461
0
452
1
462
1
453
2
463
0
63
5
421
255
463
1
63
7
421
16777215
470
LINEAR
1001
ACAD
1010
0
1020
0
1030
0
  0
CIRCLE
  5
790
330
1F
100
AcDbEntity
  8
Multi-Layer
100
AcDbCircle
 10
18.276987553975005
 20
10.624003048006102
 30
0.0
 40
0.5500127000254001
  0
CIRCLE
  5
791
330
1F
100
AcDbEntity
  8
Multi-Layer
100
AcDbCircle
 10
18.276911353822697
 20
10.624079248158523
 30
0.0
 40
0.8500000000000001
0
HATCH
5
792
100
AcDbEntity
8
Multi-Layer
100
AcDbHatch
10
0
20
0
30
0
210
0
220
0
230
1
2
SOLID
70
1
71
0
91
1
92
7
72
1
73
1
93
2
10
17.426911353822696
20
10.624079248158523
42
1
10
19.1269113538227
20
10.624079248158523
42
1
97
1
330

75
0
76
1
47
0.8681437583925616
98
1
10
3.629517071192367
20
33.92795499968543
450
0
451
0
460
0
461
0
452
1
462
1
453
2
463
0
63
5
421
255
463
1
63
7
421
16777215
470
LINEAR
1001
ACAD
1010
0
1020
0
1030
0
0
HATCH
5
552
100
AcDbEntity
8
TopSolderMaskLayer
100
AcDbHatch
10
0
20
0
30
0
210
0
220
0
230
1
2
SOLID
70
1
71
0
91
1
92
7
72
0
73
1
93
4
10
27.58194102471134
20
6.315593871657029
10
24.731140923111298
20
6.315593871657029
10
24.731140923111298
20
7.466393973257141
10
27.58194102471134
20
7.466393973257141
97
1
330

75
0
76
1
47
0.4128176842155181
98
1
10
34.90568961886538
20
22.81183545379326
450
0
451
0
460
0
461
0
452
1
462
1
453
2
463
0
63
5
421
255
463
1
63
7
421
16777215
470
LINEAR
1001
ACAD
1010
0
1020
0
1030
0
0
HATCH
5
555
100
AcDbEntity
8
TopPasteMaskLayer
100
AcDbHatch
10
0
20
0
30
0
210
0
220
0
230
1
2
SOLID
70
1
71
0
91
1
92
7
72
0
73
1
93
4
10
27.55654051308079
20
6.340995681991444
10
24.756540513081063
20
6.340995681991444
10
24.756540513081063
20
7.440995681991353
10
27.55654051308079
20
7.440995681991353
97
1
330

75
0
76
1
47
0.4128176842155181
98
1
10
34.90568961886538
20
22.81183545379326
450
0
451
0
460
0
461
0
452
1
462
1
453
2
463
0
63
5
421
255
463
1
63
7
421
16777215
470
LINEAR
1001
ACAD
1010
0
1020
0
1030
0
0
HATCH
5
558
100
AcDbEntity
8
TopLayer
100
AcDbHatch
10
0
20
0
30
0
210
0
220
0
230
1
2
SOLID
70
1
71
0
91
1
92
7
72
0
73
1
93
4
10
27.55654051308079
20
6.340995681991444
10
24.756540513081063
20
6.340995681991444
10
24.756540513081063
20
7.440995681991353
10
27.55654051308079
20
7.440995681991353
97
1
330

75
0
76
1
47
0.4128176842155181
98
1
10
34.90568961886538
20
22.81183545379326
450
0
451
0
460
0
461
0
452
1
462
1
453
2
463
0
63
5
421
255
463
1
63
7
421
16777215
470
LINEAR
1001
ACAD
1010
0
1020
0
1030
0
0
HATCH
5
55b
100
AcDbEntity
8
TopSolderMaskLayer
100
AcDbHatch
10
0
20
0
30
0
210
0
220
0
230
1
2
SOLID
70
1
71
0
91
1
92
7
72
0
73
1
93
4
10
24.260884382598306
20
6.315593871657029
10
21.410084280998262
20
6.315593871657029
10
21.410084280998262
20
7.466393973257141
10
24.260884382598306
20
7.466393973257141
97
1
330

75
0
76
1
47
0.4128176842155181
98
1
10
34.90568961886538
20
22.81183545379326
450
0
451
0
460
0
461
0
452
1
462
1
453
2
463
0
63
5
421
255
463
1
63
7
421
16777215
470
LINEAR
1001
ACAD
1010
0
1020
0
1030
0
0
HATCH
5
55e
100
AcDbEntity
8
TopPasteMaskLayer
100
AcDbHatch
10
0
20
0
30
0
210
0
220
0
230
1
2
SOLID
70
1
71
0
91
1
92
7
72
0
73
1
93
4
10
24.235483870967755
20
6.340995681991444
10
21.4354838709678
20
6.340995681991444
10
21.4354838709678
20
7.440995681991353
10
24.235483870967755
20
7.440995681991353
97
1
330

75
0
76
1
47
0.4128176842155181
98
1
10
34.90568961886538
20
22.81183545379326
450
0
451
0
460
0
461
0
452
1
462
1
453
2
463
0
63
5
421
255
463
1
63
7
421
16777215
470
LINEAR
1001
ACAD
1010
0
1020
0
1030
0
0
HATCH
5
561
100
AcDbEntity
8
TopLayer
100
AcDbHatch
10
0
20
0
30
0
210
0
220
0
230
1
2
SOLID
70
1
71
0
91
1
92
7
72
0
73
1
93
4
10
24.235483870967755
20
6.340995681991444
10
21.4354838709678
20
6.340995681991444
10
21.4354838709678
20
7.440995681991353
10
24.235483870967755
20
7.440995681991353
97
1
330

75
0
76
1
47
0.4128176842155181
98
1
10
34.90568961886538
20
22.81183545379326
450
0
451
0
460
0
461
0
452
1
462
1
453
2
463
0
63
5
421
255
463
1
63
7
421
16777215
470
LINEAR
1001
ACAD
1010
0
1020
0
1030
0
0
HATCH
5
564
100
AcDbEntity
8
TopSolderMaskLayer
100
AcDbHatch
10
0
20
0
30
0
210
0
220
0
230
1
2
SOLID
70
1
71
0
91
1
92
7
72
0
73
1
93
4
10
5.178989838163943
20
-31.39180846514182
10
5.178989838163943
20
-34.321117814669606
10
4.059032655392457
20
-34.321117814669606
10
4.059032655392457
20
-31.39180846514182
97
1
330

75
0
76
1
47
0.4128176842155181
98
1
10
34.90568961886538
20
22.81183545379326
450
0
451
0
460
0
461
0
452
1
462
1
453
2
463
0
63
5
421
255
463
1
63
7
421
16777215
470
LINEAR
1001
ACAD
1010
0
1020
0
1030
0
0
HATCH
5
567
100
AcDbEntity
8
TopPasteMaskLayer
100
AcDbHatch
10
0
20
0
30
0
210
0
220
0
230
1
2
SOLID
70
1
71
0
91
1
92
7
72
0
73
1
93
4
10
5.169011938023914
20
-31.456464312928574
10
5.169011938023914
20
-34.25646431292853
10
4.0690119380237775
20
-34.25646431292853
10
4.0690119380237775
20
-31.456464312928574
97
1
330

75
0
76
1
47
0.4128176842155181
98
1
10
34.90568961886538
20
22.81183545379326
450
0
451
0
460
0
461
0
452
1
462
1
453
2
463
0
63
5
421
255
463
1
63
7
421
16777215
470
LINEAR
1001
ACAD
1010
0
1020
0
1030
0
0
HATCH
5
56a
100
AcDbEntity
8
TopLayer
100
AcDbHatch
10
0
20
0
30
0
210
0
220
0
230
1
2
SOLID
70
1
71
0
91
1
92
7
72
0
73
1
93
4
10
5.169011938023914
20
-31.456464312928574
10
5.169011938023914
20
-34.25646431292853
10
4.0690119380237775
20
-34.25646431292853
10
4.0690119380237775
20
-31.456464312928574
97
1
330

75
0
76
1
47
0.4128176842155181
98
1
10
34.90568961886538
20
22.81183545379326
450
0
451
0
460
0
461
0
452
1
462
1
453
2
463
0
63
5
421
255
463
1
63
7
421
16777215
470
LINEAR
1001
ACAD
1010
0
1020
0
1030
0
0
HATCH
5
56d
100
AcDbEntity
8
TopSolderMaskLayer
100
AcDbHatch
10
0
20
0
30
0
210
0
220
0
230
1
2
SOLID
70
1
71
0
91
1
92
7
72
0
73
1
93
4
10
5.178989838163943
20
-34.7128651072552
10
5.178989838163943
20
-37.64217445678298
10
4.059032655392457
20
-37.64217445678298
10
4.059032655392457
20
-34.7128651072552
97
1
330

75
0
76
1
47
0.4128176842155181
98
1
10
34.90568961886538
20
22.81183545379326
450
0
451
0
460
0
461
0
452
1
462
1
453
2
463
0
63
5
421
255
463
1
63
7
421
16777215
470
LINEAR
1001
ACAD
1010
0
1020
0
1030
0
0
HATCH
5
570
100
AcDbEntity
8
TopPasteMaskLayer
100
AcDbHatch
10
0
20
0
30
0
210
0
220
0
230
1
2
SOLID
70
1
71
0
91
1
92
7
72
0
73
1
93
4
10
5.169011938023914
20
-34.77752095504195
10
5.169011938023914
20
-37.577520955041905
10
4.0690119380237775
20
-37.577520955041905
10
4.0690119380237775
20
-34.77752095504195
97
1
330

75
0
76
1
47
0.4128176842155181
98
1
10
34.90568961886538
20
22.81183545379326
450
0
451
0
460
0
461
0
452
1
462
1
453
2
463
0
63
5
421
255
463
1
63
7
421
16777215
470
LINEAR
1001
ACAD
1010
0
1020
0
1030
0
0
HATCH
5
573
100
AcDbEntity
8
TopLayer
100
AcDbHatch
10
0
20
0
30
0
210
0
220
0
230
1
2
SOLID
70
1
71
0
91
1
92
7
72
0
73
1
93
4
10
5.169011938023914
20
-34.77752095504195
10
5.169011938023914
20
-37.577520955041905
10
4.0690119380237775
20
-37.577520955041905
10
4.0690119380237775
20
-34.77752095504195
97
1
330

75
0
76
1
47
0.4128176842155181
98
1
10
34.90568961886538
20
22.81183545379326
450
0
451
0
460
0
461
0
452
1
462
1
453
2
463
0
63
5
421
255
463
1
63
7
421
16777215
470
LINEAR
1001
ACAD
1010
0
1020
0
1030
0
0
HATCH
5
576
100
AcDbEntity
8
TopSolderMaskLayer
100
AcDbHatch
10
0
20
0
30
0
210
0
220
0
230
1
2
SOLID
70
1
71
0
91
1
92
7
72
0
73
1
93
4
10
4.447020735516162
20
-5.554195718948563
10
4.447020735516162
20
-2.6248863694207785
10
5.566977918287648
20
-2.6248863694207785
10
5.566977918287648
20
-5.554195718948563
97
1
330

75
0
76
1
47
0.4128176842155181
98
1
10
34.90568961886538
20
22.81183545379326
450
0
451
0
460
0
461
0
452
1
462
1
453
2
463
0
63
5
421
255
463
1
63
7
421
16777215
470
LINEAR
1001
ACAD
1010
0
1020
0
1030
0
0
HATCH
5
579
100
AcDbEntity
8
TopPasteMaskLayer
100
AcDbHatch
10
0
20
0
30
0
210
0
220
0
230
1
2
SOLID
70
1
71
0
91
1
92
7
72
0
73
1
93
4
10
4.456997713995406
20
-5.489535179070231
10
4.456997713995406
20
-2.689535179070276
10
5.556997713995315
20
-2.689535179070276
10
5.556997713995315
20
-5.489535179070231
97
1
330

75
0
76
1
47
0.4128176842155181
98
1
10
34.90568961886538
20
22.81183545379326
450
0
451
0
460
0
461
0
452
1
462
1
453
2
463
0
63
5
421
255
463
1
63
7
421
16777215
470
LINEAR
1001
ACAD
1010
0
1020
0
1030
0
0
HATCH
5
57c
100
AcDbEntity
8
TopLayer
100
AcDbHatch
10
0
20
0
30
0
210
0
220
0
230
1
2
SOLID
70
1
71
0
91
1
92
7
72
0
73
1
93
4
10
4.456997713995406
20
-5.489535179070231
10
4.456997713995406
20
-2.689535179070276
10
5.556997713995315
20
-2.689535179070276
10
5.556997713995315
20
-5.489535179070231
97
1
330

75
0
76
1
47
0.4128176842155181
98
1
10
34.90568961886538
20
22.81183545379326
450
0
451
0
460
0
461
0
452
1
462
1
453
2
463
0
63
5
421
255
463
1
63
7
421
16777215
470
LINEAR
1001
ACAD
1010
0
1020
0
1030
0
0
HATCH
5
57f
100
AcDbEntity
8
TopSolderMaskLayer
100
AcDbHatch
10
0
20
0
30
0
210
0
220
0
230
1
2
SOLID
70
1
71
0
91
1
92
7
72
0
73
1
93
4
10
4.447020735516162
20
-2.2331390768353003
10
4.447020735516162
20
0.6961702726924841
10
5.566977918287648
20
0.6961702726924841
10
5.566977918287648
20
-2.2331390768353003
97
1
330

75
0
76
1
47
0.4128176842155181
98
1
10
34.90568961886538
20
22.81183545379326
450
0
451
0
460
0
461
0
452
1
462
1
453
2
463
0
63
5
421
255
463
1
63
7
421
16777215
470
LINEAR
1001
ACAD
1010
0
1020
0
1030
0
0
HATCH
5
582
100
AcDbEntity
8
TopPasteMaskLayer
100
AcDbHatch
10
0
20
0
30
0
210
0
220
0
230
1
2
SOLID
70
1
71
0
91
1
92
7
72
0
73
1
93
4
10
4.456997713995406
20
-2.168478536957082
10
4.456997713995406
20
0.6315214630429864
10
5.556997713995315
20
0.6315214630429864
10
5.556997713995315
20
-2.168478536957082
97
1
330

75
0
76
1
47
0.4128176842155181
98
1
10
34.90568961886538
20
22.81183545379326
450
0
451
0
460
0
461
0
452
1
462
1
453
2
463
0
63
5
421
255
463
1
63
7
421
16777215
470
LINEAR
1001
ACAD
1010
0
1020
0
1030
0
0
HATCH
5
585
100
AcDbEntity
8
TopLayer
100
AcDbHatch
10
0
20
0
30
0
210
0
220
0
230
1
2
SOLID
70
1
71
0
91
1
92
7
72
0
73
1
93
4
10
4.456997713995406
20
-2.168478536957082
10
4.456997713995406
20
0.6315214630429864
10
5.556997713995315
20
0.6315214630429864
10
5.556997713995315
20
-2.168478536957082
97
1
330

75
0
76
1
47
0.4128176842155181
98
1
10
34.90568961886538
20
22.81183545379326
450
0
451
0
460
0
461
0
452
1
462
1
453
2
463
0
63
5
421
255
463
1
63
7
421
16777215
470
LINEAR
1001
ACAD
1010
0
1020
0
1030
0
0
HATCH
5
588
100
AcDbEntity
8
TopSolderMaskLayer
100
AcDbHatch
10
0
20
0
30
0
210
0
220
0
230
1
2
SOLID
70
1
71
0
91
1
92
7
72
0
73
1
93
4
10
33.216995110487915
20
-12.053173851802285
10
33.216995110487915
20
-9.1238645022745
10
34.3369522932594
20
-9.1238645022745
10
34.3369522932594
20
-12.053173851802285
97
1
330

75
0
76
1
47
0.4128176842155181
98
1
10
34.90568961886538
20
22.81183545379326
450
0
451
0
460
0
461
0
452
1
462
1
453
2
463
0
63
5
421
255
463
1
63
7
421
16777215
470
LINEAR
1001
ACAD
1010
0
1020
0
1030
0
0
HATCH
5
58b
100
AcDbEntity
8
TopPasteMaskLayer
100
AcDbHatch
10
0
20
0
30
0
210
0
220
0
230
1
2
SOLID
70
1
71
0
91
1
92
7
72
0
73
1
93
4
10
33.22697485394974
20
-11.98851917703837
10
33.22697485394974
20
-9.188519177038415
10
34.32697485394965
20
-9.188519177038415
10
34.32697485394965
20
-11.98851917703837
97
1
330

75
0
76
1
47
0.4128176842155181
98
1
10
34.90568961886538
20
22.81183545379326
450
0
451
0
460
0
461
0
452
1
462
1
453
2
463
0
63
5
421
255
463
1
63
7
421
16777215
470
LINEAR
1001
ACAD
1010
0
1020
0
1030
0
0
HATCH
5
58e
100
AcDbEntity
8
TopLayer
100
AcDbHatch
10
0
20
0
30
0
210
0
220
0
230
1
2
SOLID
70
1
71
0
91
1
92
7
72
0
73
1
93
4
10
33.22697485394974
20
-11.98851917703837
10
33.22697485394974
20
-9.188519177038415
10
34.32697485394965
20
-9.188519177038415
10
34.32697485394965
20
-11.98851917703837
97
1
330

75
0
76
1
47
0.4128176842155181
98
1
10
34.90568961886538
20
22.81183545379326
450
0
451
0
460
0
461
0
452
1
462
1
453
2
463
0
63
5
421
255
463
1
63
7
421
16777215
470
LINEAR
1001
ACAD
1010
0
1020
0
1030
0
0
HATCH
5
591
100
AcDbEntity
8
TopSolderMaskLayer
100
AcDbHatch
10
0
20
0
30
0
210
0
220
0
230
1
2
SOLID
70
1
71
0
91
1
92
7
72
0
73
1
93
4
10
33.216995110487915
20
-8.732117209688795
10
33.216995110487915
20
-5.8028078601610105
10
34.3369522932594
20
-5.8028078601610105
10
34.3369522932594
20
-8.732117209688795
97
1
330

75
0
76
1
47
0.4128176842155181
98
1
10
34.90568961886538
20
22.81183545379326
450
0
451
0
460
0
461
0
452
1
462
1
453
2
463
0
63
5
421
255
463
1
63
7
421
16777215
470
LINEAR
1001
ACAD
1010
0
1020
0
1030
0
0
HATCH
5
594
100
AcDbEntity
8
TopPasteMaskLayer
100
AcDbHatch
10
0
20
0
30
0
210
0
220
0
230
1
2
SOLID
70
1
71
0
91
1
92
7
72
0
73
1
93
4
10
33.22697485394974
20
-8.667462534924994
10
33.22697485394974
20
-5.867462534925039
10
34.32697485394965
20
-5.867462534925039
10
34.32697485394965
20
-8.667462534924994
97
1
330

75
0
76
1
47
0.4128176842155181
98
1
10
34.90568961886538
20
22.81183545379326
450
0
451
0
460
0
461
0
452
1
462
1
453
2
463
0
63
5
421
255
463
1
63
7
421
16777215
470
LINEAR
1001
ACAD
1010
0
1020
0
1030
0
0
HATCH
5
597
100
AcDbEntity
8
TopLayer
100
AcDbHatch
10
0
20
0
30
0
210
0
220
0
230
1
2
SOLID
70
1
71
0
91
1
92
7
72
0
73
1
93
4
10
33.22697485394974
20
-8.667462534924994
10
33.22697485394974
20
-5.867462534925039
10
34.32697485394965
20
-5.867462534925039
10
34.32697485394965
20
-8.667462534924994
97
1
330

75
0
76
1
47
0.4128176842155181
98
1
10
34.90568961886538
20
22.81183545379326
450
0
451
0
460
0
461
0
452
1
462
1
453
2
463
0
63
5
421
255
463
1
63
7
421
16777215
470
LINEAR
1001
ACAD
1010
0
1020
0
1030
0
0
HATCH
5
59a
100
AcDbEntity
8
TopSolderMaskLayer
100
AcDbHatch
10
0
20
0
30
0
210
0
220
0
230
1
2
SOLID
70
1
71
0
91
1
92
7
72
0
73
1
93
4
10
33.17701819551098
20
-21.154186334765654
10
33.17701819551098
20
-18.22487698523787
10
34.29697537828224
20
-18.22487698523787
10
34.29697537828224
20
-21.154186334765654
97
1
330

75
0
76
1
47
0.4128176842155181
98
1
10
34.90568961886538
20
22.81183545379326
450
0
451
0
460
0
461
0
452
1
462
1
453
2
463
0
63
5
421
255
463
1
63
7
421
16777215
470
LINEAR
1001
ACAD
1010
0
1020
0
1030
0
0
HATCH
5
59d
100
AcDbEntity
8
TopPasteMaskLayer
100
AcDbHatch
10
0
20
0
30
0
210
0
220
0
230
1
2
SOLID
70
1
71
0
91
1
92
7
72
0
73
1
93
4
10
33.186995173990454
20
-21.089535179070367
10
33.186995173990454
20
-18.289535179070413
10
34.286995173990135
20
-18.289535179070413
10
34.286995173990135
20
-21.089535179070367
97
1
330

75
0
76
1
47
0.4128176842155181
98
1
10
34.90568961886538
20
22.81183545379326
450
0
451
0
460
0
461
0
452
1
462
1
453
2
463
0
63
5
421
255
463
1
63
7
421
16777215
470
LINEAR
1001
ACAD
1010
0
1020
0
1030
0
0
HATCH
5
5a0
100
AcDbEntity
8
TopLayer
100
AcDbHatch
10
0
20
0
30
0
210
0
220
0
230
1
2
SOLID
70
1
71
0
91
1
92
7
72
0
73
1
93
4
10
33.186995173990454
20
-21.089535179070367
10
33.186995173990454
20
-18.289535179070413
10
34.286995173990135
20
-18.289535179070413
10
34.286995173990135
20
-21.089535179070367
97
1
330

75
0
76
1
47
0.4128176842155181
98
1
10
34.90568961886538
20
22.81183545379326
450
0
451
0
460
0
461
0
452
1
462
1
453
2
463
0
63
5
421
255
463
1
63
7
421
16777215
470
LINEAR
1001
ACAD
1010
0
1020
0
1030
0
0
HATCH
5
5a3
100
AcDbEntity
8
TopSolderMaskLayer
100
AcDbHatch
10
0
20
0
30
0
210
0
220
0
230
1
2
SOLID
70
1
71
0
91
1
92
7
72
0
73
1
93
4
10
33.17701819551098
20
-17.833129692652278
10
33.17701819551098
20
-14.903820343124494
10
34.29697537828224
20
-14.903820343124494
10
34.29697537828224
20
-17.833129692652278
97
1
330

75
0
76
1
47
0.4128176842155181
98
1
10
34.90568961886538
20
22.81183545379326
450
0
451
0
460
0
461
0
452
1
462
1
453
2
463
0
63
5
421
255
463
1
63
7
421
16777215
470
LINEAR
1001
ACAD
1010
0
1020
0
1030
0
0
HATCH
5
5a6
100
AcDbEntity
8
TopPasteMaskLayer
100
AcDbHatch
10
0
20
0
30
0
210
0
220
0
230
1
2
SOLID
70
1
71
0
91
1
92
7
72
0
73
1
93
4
10
33.186995173990454
20
-17.76847853695699
10
33.186995173990454
20
-14.968478536957036
10
34.286995173990135
20
-14.968478536957036
10
34.286995173990135
20
-17.76847853695699
97
1
330

75
0
76
1
47
0.4128176842155181
98
1
10
34.90568961886538
20
22.81183545379326
450
0
451
0
460
0
461
0
452
1
462
1
453
2
463
0
63
5
421
255
463
1
63
7
421
16777215
470
LINEAR
1001
ACAD
1010
0
1020
0
1030
0
0
HATCH
5
5a9
100
AcDbEntity
8
TopLayer
100
AcDbHatch
10
0
20
0
30
0
210
0
220
0
230
1
2
SOLID
70
1
71
0
91
1
92
7
72
0
73
1
93
4
10
33.186995173990454
20
-17.76847853695699
10
33.186995173990454
20
-14.968478536957036
10
34.286995173990135
20
-14.968478536957036
10
34.286995173990135
20
-17.76847853695699
97
1
330

75
0
76
1
47
0.4128176842155181
98
1
10
34.90568961886538
20
22.81183545379326
450
0
451
0
460
0
461
0
452
1
462
1
453
2
463
0
63
5
421
255
463
1
63
7
421
16777215
470
LINEAR
1001
ACAD
1010
0
1020
0
1030
0
0
HATCH
5
5ac
100
AcDbEntity
8
TopSolderMaskLayer
100
AcDbHatch
10
0
20
0
30
0
210
0
220
0
230
1
2
SOLID
70
1
71
0
91
1
92
7
72
0
73
1
93
4
10
36.572059022458916
20
-2.494584510576715
10
39.42285912405919
20
-2.494584510576715
10
39.42285912405919
20
-3.6453846121768265
10
36.572059022458916
20
-3.6453846121768265
97
1
330

75
0
76
1
47
0.4128176842155181
98
1
10
34.90568961886538
20
22.81183545379326
450
0
451
0
460
0
461
0
452
1
462
1
453
2
463
0
63
5
421
255
463
1
63
7
421
16777215
470
LINEAR
1001
ACAD
1010
0
1020
0
1030
0
0
HATCH
5
5af
100
AcDbEntity
8
TopPasteMaskLayer
100
AcDbHatch
10
0
20
0
30
0
210
0
220
0
230
1
2
SOLID
70
1
71
0
91
1
92
7
72
0
73
1
93
4
10
36.59745999491997
20
-2.5199898399797576
10
39.39745999491993
20
-2.5199898399797576
10
39.39745999491993
20
-3.6199898399796666
10
36.59745999491997
20
-3.6199898399796666
97
1
330

75
0
76
1
47
0.4128176842155181
98
1
10
34.90568961886538
20
22.81183545379326
450
0
451
0
460
0
461
0
452
1
462
1
453
2
463
0
63
5
421
255
463
1
63
7
421
16777215
470
LINEAR
1001
ACAD
1010
0
1020
0
1030
0
0
HATCH
5
5b2
100
AcDbEntity
8
TopLayer
100
AcDbHatch
10
0
20
0
30
0
210
0
220
0
230
1
2
SOLID
70
1
71
0
91
1
92
7
72
0
73
1
93
4
10
36.59745999491997
20
-2.5199898399797576
10
39.39745999491993
20
-2.5199898399797576
10
39.39745999491993
20
-3.6199898399796666
10
36.59745999491997
20
-3.6199898399796666
97
1
330

75
0
76
1
47
0.4128176842155181
98
1
10
34.90568961886538
20
22.81183545379326
450
0
451
0
460
0
461
0
452
1
462
1
453
2
463
0
63
5
421
255
463
1
63
7
421
16777215
470
LINEAR
1001
ACAD
1010
0
1020
0
1030
0
0
HATCH
5
5b5
100
AcDbEntity
8
TopSolderMaskLayer
100
AcDbHatch
10
0
20
0
30
0
210
0
220
0
230
1
2
SOLID
70
1
71
0
91
1
92
7
72
0
73
1
93
4
10
39.89311566457218
20
-2.494584510576715
10
42.74391576617245
20
-2.494584510576715
10
42.74391576617245
20
-3.6453846121768265
10
39.89311566457218
20
-3.6453846121768265
97
1
330

75
0
76
1
47
0.4128176842155181
98
1
10
34.90568961886538
20
22.81183545379326
450
0
451
0
460
0
461
0
452
1
462
1
453
2
463
0
63
5
421
255
463
1
63
7
421
16777215
470
LINEAR
1001
ACAD
1010
0
1020
0
1030
0
0
HATCH
5
5b8
100
AcDbEntity
8
TopPasteMaskLayer
100
AcDbHatch
10
0
20
0
30
0
210
0
220
0
230
1
2
SOLID
70
1
71
0
91
1
92
7
72
0
73
1
93
4
10
39.918516637033235
20
-2.5199898399797576
10
42.71851663703319
20
-2.5199898399797576
10
42.71851663703319
20
-3.6199898399796666
10
39.918516637033235
20
-3.6199898399796666
97
1
330

75
0
76
1
47
0.4128176842155181
98
1
10
34.90568961886538
20
22.81183545379326
450
0
451
0
460
0
461
0
452
1
462
1
453
2
463
0
63
5
421
255
463
1
63
7
421
16777215
470
LINEAR
1001
ACAD
1010
0
1020
0
1030
0
0
HATCH
5
5bb
100
AcDbEntity
8
TopLayer
100
AcDbHatch
10
0
20
0
30
0
210
0
220
0
230
1
2
SOLID
70
1
71
0
91
1
92
7
72
0
73
1
93
4
10
39.918516637033235
20
-2.5199898399797576
10
42.71851663703319
20
-2.5199898399797576
10
42.71851663703319
20
-3.6199898399796666
10
39.918516637033235
20
-3.6199898399796666
97
1
330

75
0
76
1
47
0.4128176842155181
98
1
10
34.90568961886538
20
22.81183545379326
450
0
451
0
460
0
461
0
452
1
462
1
453
2
463
0
63
5
421
255
463
1
63
7
421
16777215
470
LINEAR
1001
ACAD
1010
0
1020
0
1030
0
0
HATCH
5
5be
100
AcDbEntity
8
TopSolderMaskLayer
100
AcDbHatch
10
0
20
0
30
0
210
0
220
0
230
1
2
SOLID
70
1
71
0
91
1
92
7
72
0
73
1
93
4
10
13.698931815375317
20
-8.89342197335418
10
10.84813171377482
20
-8.89342197335418
10
10.84813171377482
20
-7.742621871754068
10
13.698931815375317
20
-7.742621871754068
97
1
330

75
0
76
1
47
0.4128176842155181
98
1
10
34.90568961886538
20
22.81183545379326
450
0
451
0
460
0
461
0
452
1
462
1
453
2
463
0
63
5
421
255
463
1
63
7
421
16777215
470
LINEAR
1001
ACAD
1010
0
1020
0
1030
0
0
HATCH
5
5c1
100
AcDbEntity
8
TopPasteMaskLayer
100
AcDbHatch
10
0
20
0
30
0
210
0
220
0
230
1
2
SOLID
70
1
71
0
91
1
92
7
72
0
73
1
93
4
10
13.673533147066337
20
-8.868021336042602
10
10.873533147066155
20
-8.868021336042602
10
10.873533147066155
20
-7.768021336042693
10
13.673533147066337
20
-7.768021336042693
97
1
330

75
0
76
1
47
0.4128176842155181
98
1
10
34.90568961886538
20
22.81183545379326
450
0
451
0
460
0
461
0
452
1
462
1
453
2
463
0
63
5
421
255
463
1
63
7
421
16777215
470
LINEAR
1001
ACAD
1010
0
1020
0
1030
0
0
HATCH
5
5c4
100
AcDbEntity
8
TopLayer
100
AcDbHatch
10
0
20
0
30
0
210
0
220
0
230
1
2
SOLID
70
1
71
0
91
1
92
7
72
0
73
1
93
4
10
13.673533147066337
20
-8.868021336042602
10
10.873533147066155
20
-8.868021336042602
10
10.873533147066155
20
-7.768021336042693
10
13.673533147066337
20
-7.768021336042693
97
1
330

75
0
76
1
47
0.4128176842155181
98
1
10
34.90568961886538
20
22.81183545379326
450
0
451
0
460
0
461
0
452
1
462
1
453
2
463
0
63
5
421
255
463
1
63
7
421
16777215
470
LINEAR
1001
ACAD
1010
0
1020
0
1030
0
0
HATCH
5
5c7
100
AcDbEntity
8
TopSolderMaskLayer
100
AcDbHatch
10
0
20
0
30
0
210
0
220
0
230
1
2
SOLID
70
1
71
0
91
1
92
7
72
0
73
1
93
4
10
10.377875173261828
20
-8.89342197335418
10
7.527075071661557
20
-8.89342197335418
10
7.527075071661557
20
-7.742621871754068
10
10.377875173261828
20
-7.742621871754068
97
1
330

75
0
76
1
47
0.4128176842155181
98
1
10
34.90568961886538
20
22.81183545379326
450
0
451
0
460
0
461
0
452
1
462
1
453
2
463
0
63
5
421
255
463
1
63
7
421
16777215
470
LINEAR
1001
ACAD
1010
0
1020
0
1030
0
0
HATCH
5
5ca
100
AcDbEntity
8
TopPasteMaskLayer
100
AcDbHatch
10
0
20
0
30
0
210
0
220
0
230
1
2
SOLID
70
1
71
0
91
1
92
7
72
0
73
1
93
4
10
10.352476504953074
20
-8.868021336042602
10
7.55247650495312
20
-8.868021336042602
10
7.55247650495312
20
-7.768021336042693
10
10.352476504953074
20
-7.768021336042693
97
1
330

75
0
76
1
47
0.4128176842155181
98
1
10
34.90568961886538
20
22.81183545379326
450
0
451
0
460
0
461
0
452
1
462
1
453
2
463
0
63
5
421
255
463
1
63
7
421
16777215
470
LINEAR
1001
ACAD
1010
0
1020
0
1030
0
0
HATCH
5
5cd
100
AcDbEntity
8
TopLayer
100
AcDbHatch
10
0
20
0
30
0
210
0
220
0
230
1
2
SOLID
70
1
71
0
91
1
92
7
72
0
73
1
93
4
10
10.352476504953074
20
-8.868021336042602
10
7.55247650495312
20
-8.868021336042602
10
7.55247650495312
20
-7.768021336042693
10
10.352476504953074
20
-7.768021336042693
97
1
330

75
0
76
1
47
0.4128176842155181
98
1
10
34.90568961886538
20
22.81183545379326
450
0
451
0
460
0
461
0
452
1
462
1
453
2
463
0
63
5
421
255
463
1
63
7
421
16777215
470
LINEAR
1001
ACAD
1010
0
1020
0
1030
0
0
HATCH
5
5d0
100
AcDbEntity
8
TopSolderMaskLayer
100
AcDbHatch
10
0
20
0
30
0
210
0
220
0
230
1
2
SOLID
70
1
71
0
91
1
92
7
72
0
73
1
93
4
10
2.510012861500172
20
-46.291172327799245
10
2.510012861500172
20
-43.36186297827146
10
3.629970044271886
20
-43.36186297827146
10
3.629970044271886
20
-46.291172327799245
97
1
330

75
0
76
1
47
0.4128176842155181
98
1
10
34.90568961886538
20
22.81183545379326
450
0
451
0
460
0
461
0
452
1
462
1
453
2
463
0
63
5
421
255
463
1
63
7
421
16777215
470
LINEAR
1001
ACAD
1010
0
1020
0
1030
0
0
HATCH
5
5d3
100
AcDbEntity
8
TopPasteMaskLayer
100
AcDbHatch
10
0
20
0
30
0
210
0
220
0
230
1
2
SOLID
70
1
71
0
91
1
92
7
72
0
73
1
93
4
10
2.519989839979644
20
-46.22651765303533
10
2.519989839979644
20
-43.426517653035376
10
3.619989839979553
20
-43.426517653035376
10
3.619989839979553
20
-46.22651765303533
97
1
330

75
0
76
1
47
0.4128176842155181
98
1
10
34.90568961886538
20
22.81183545379326
450
0
451
0
460
0
461
0
452
1
462
1
453
2
463
0
63
5
421
255
463
1
63
7
421
16777215
470
LINEAR
1001
ACAD
1010
0
1020
0
1030
0
0
HATCH
5
5d6
100
AcDbEntity
8
TopLayer
100
AcDbHatch
10
0
20
0
30
0
210
0
220
0
230
1
2
SOLID
70
1
71
0
91
1
92
7
72
0
73
1
93
4
10
2.519989839979644
20
-46.22651765303533
10
2.519989839979644
20
-43.426517653035376
10
3.619989839979553
20
-43.426517653035376
10
3.619989839979553
20
-46.22651765303533
97
1
330

75
0
76
1
47
0.4128176842155181
98
1
10
34.90568961886538
20
22.81183545379326
450
0
451
0
460
0
461
0
452
1
462
1
453
2
463
0
63
5
421
255
463
1
63
7
421
16777215
470
LINEAR
1001
ACAD
1010
0
1020
0
1030
0
0
HATCH
5
5d9
100
AcDbEntity
8
TopSolderMaskLayer
100
AcDbHatch
10
0
20
0
30
0
210
0
220
0
230
1
2
SOLID
70
1
71
0
91
1
92
7
72
0
73
1
93
4
10
2.510012861500172
20
-42.97011568568587
10
2.510012861500172
20
-40.040806336158084
10
3.629970044271886
20
-40.040806336158084
10
3.629970044271886
20
-42.97011568568587
97
1
330

75
0
76
1
47
0.4128176842155181
98
1
10
34.90568961886538
20
22.81183545379326
450
0
451
0
460
0
461
0
452
1
462
1
453
2
463
0
63
5
421
255
463
1
63
7
421
16777215
470
LINEAR
1001
ACAD
1010
0
1020
0
1030
0
0
HATCH
5
5dc
100
AcDbEntity
8
TopPasteMaskLayer
100
AcDbHatch
10
0
20
0
30
0
210
0
220
0
230
1
2
SOLID
70
1
71
0
91
1
92
7
72
0
73
1
93
4
10
2.519989839979644
20
-42.905461010921954
10
2.519989839979644
20
-40.105461010922
10
3.619989839979553
20
-40.105461010922
10
3.619989839979553
20
-42.905461010921954
97
1
330

75
0
76
1
47
0.4128176842155181
98
1
10
34.90568961886538
20
22.81183545379326
450
0
451
0
460
0
461
0
452
1
462
1
453
2
463
0
63
5
421
255
463
1
63
7
421
16777215
470
LINEAR
1001
ACAD
1010
0
1020
0
1030
0
0
HATCH
5
5df
100
AcDbEntity
8
TopLayer
100
AcDbHatch
10
0
20
0
30
0
210
0
220
0
230
1
2
SOLID
70
1
71
0
91
1
92
7
72
0
73
1
93
4
10
2.519989839979644
20
-42.905461010921954
10
2.519989839979644
20
-40.105461010922
10
3.619989839979553
20
-40.105461010922
10
3.619989839979553
20
-42.905461010921954
97
1
330

75
0
76
1
47
0.4128176842155181
98
1
10
34.90568961886538
20
22.81183545379326
450
0
451
0
460
0
461
0
452
1
462
1
453
2
463
0
63
5
421
255
463
1
63
7
421
16777215
470
LINEAR
1001
ACAD
1010
0
1020
0
1030
0
0
HATCH
5
5e2
100
AcDbEntity
8
TopSolderMaskLayer
100
AcDbHatch
10
0
20
0
30
0
210
0
220
0
230
1
2
SOLID
70
1
71
0
91
1
92
7
72
0
73
1
93
4
10
25.441582302519464
20
-4.5624093133491215
10
25.441582302519464
20
-5.407564959215847
10
24.484405175262054
20
-5.407564959215847
10
24.484405175262054
20
-4.5624093133491215
97
1
330

75
0
76
1
47
0.4128176842155181
98
1
10
34.90568961886538
20
22.81183545379326
450
0
451
0
460
0
461
0
452
1
462
1
453
2
463
0
63
5
421
255
463
1
63
7
421
16777215
470
LINEAR
1001
ACAD
1010
0
1020
0
1030
0
0
HATCH
5
5e5
100
AcDbEntity
8
TopPasteMaskLayer
100
AcDbHatch
10
0
20
0
30
0
210
0
220
0
230
1
2
SOLID
70
1
71
0
91
1
92
7
72
0
73
1
93
4
10
25.413004826009683
20
-4.584988569977213
10
25.413004826009683
20
-5.384988569977054
10
24.512979425958974
20
-5.384988569977054
10
24.512979425958974
20
-4.584988569977213
97
1
330

75
0
76
1
47
0.4128176842155181
98
1
10
34.90568961886538
20
22.81183545379326
450
0
451
0
460
0
461
0
452
1
462
1
453
2
463
0
63
5
421
255
463
1
63
7
421
16777215
470
LINEAR
1001
ACAD
1010
0
1020
0
1030
0
0
HATCH
5
5e8
100
AcDbEntity
8
TopLayer
100
AcDbHatch
10
0
20
0
30
0
210
0
220
0
230
1
2
SOLID
70
1
71
0
91
1
92
7
72
0
73
1
93
4
10
25.413004826009683
20
-4.584988569977213
10
25.413004826009683
20
-5.384988569977054
10
24.512979425958974
20
-5.384988569977054
10
24.512979425958974
20
-4.584988569977213
97
1
330

75
0
76
1
47
0.4128176842155181
98
1
10
34.90568961886538
20
22.81183545379326
450
0
451
0
460
0
461
0
452
1
462
1
453
2
463
0
63
5
421
255
463
1
63
7
421
16777215
470
LINEAR
1001
ACAD
1010
0
1020
0
1030
0
0
HATCH
5
5eb
100
AcDbEntity
8
TopSolderMaskLayer
100
AcDbHatch
10
0
20
0
30
0
210
0
220
0
230
1
2
SOLID
70
1
71
0
91
1
92
7
72
0
73
1
93
4
10
25.441582302519464
20
-3.162412180738329
10
25.441582302519464
20
-4.007567826605168
10
24.484405175262054
20
-4.007567826605168
10
24.484405175262054
20
-3.162412180738329
97
1
330

75
0
76
1
47
0.4128176842155181
98
1
10
34.90568961886538
20
22.81183545379326
450
0
451
0
460
0
461
0
452
1
462
1
453
2
463
0
63
5
421
255
463
1
63
7
421
16777215
470
LINEAR
1001
ACAD
1010
0
1020
0
1030
0
0
HATCH
5
5ee
100
AcDbEntity
8
TopPasteMaskLayer
100
AcDbHatch
10
0
20
0
30
0
210
0
220
0
230
1
2
SOLID
70
1
71
0
91
1
92
7
72
0
73
1
93
4
10
25.413004826009683
20
-3.184988569977122
10
25.413004826009683
20
-3.9849885699771903
10
24.512979425958974
20
-3.9849885699771903
10
24.512979425958974
20
-3.184988569977122
97
1
330

75
0
76
1
47
0.4128176842155181
98
1
10
34.90568961886538
20
22.81183545379326
450
0
451
0
460
0
461
0
452
1
462
1
453
2
463
0
63
5
421
255
463
1
63
7
421
16777215
470
LINEAR
1001
ACAD
1010
0
1020
0
1030
0
0
HATCH
5
5f1
100
AcDbEntity
8
TopLayer
100
AcDbHatch
10
0
20
0
30
0
210
0
220
0
230
1
2
SOLID
70
1
71
0
91
1
92
7
72
0
73
1
93
4
10
25.413004826009683
20
-3.184988569977122
10
25.413004826009683
20
-3.9849885699771903
10
24.512979425958974
20
-3.9849885699771903
10
24.512979425958974
20
-3.184988569977122
97
1
330

75
0
76
1
47
0.4128176842155181
98
1
10
34.90568961886538
20
22.81183545379326
450
0
451
0
460
0
461
0
452
1
462
1
453
2
463
0
63
5
421
255
463
1
63
7
421
16777215
470
LINEAR
1001
ACAD
1010
0
1020
0
1030
0
0
HATCH
5
5f4
100
AcDbEntity
8
TopSolderMaskLayer
100
AcDbHatch
10
0
20
0
30
0
210
0
220
0
230
1
2
SOLID
70
1
71
0
91
1
92
7
72
0
73
1
93
4
10
24.436399885702713
20
-21.216413450748064
10
23.58559978410267
20
-21.216413450748064
10
23.58559978410267
20
-20.265586515402333
10
24.436399885702713
20
-20.265586515402333
97
1
330

75
0
76
1
47
0.4128176842155181
98
1
10
34.90568961886538
20
22.81183545379326
450
0
451
0
460
0
461
0
452
1
462
1
453
2
463
0
63
5
421
255
463
1
63
7
421
16777215
470
LINEAR
1001
ACAD
1010
0
1020
0
1030
0
0
HATCH
5
5f7
100
AcDbEntity
8
TopPasteMaskLayer
100
AcDbHatch
10
0
20
0
30
0
210
0
220
0
230
1
2
SOLID
70
1
71
0
91
1
92
7
72
0
73
1
93
4
10
24.41099822199635
20
-21.191008382016776
10
23.610998221996397
20
-21.191008382016776
10
23.610998221996397
20
-20.290982981965954
10
24.41099822199635
20
-20.290982981965954
97
1
330

75
0
76
1
47
0.4128176842155181
98
1
10
34.90568961886538
20
22.81183545379326
450
0
451
0
460
0
461
0
452
1
462
1
453
2
463
0
63
5
421
255
463
1
63
7
421
16777215
470
LINEAR
1001
ACAD
1010
0
1020
0
1030
0
0
HATCH
5
5fa
100
AcDbEntity
8
TopLayer
100
AcDbHatch
10
0
20
0
30
0
210
0
220
0
230
1
2
SOLID
70
1
71
0
91
1
92
7
72
0
73
1
93
4
10
24.41099822199635
20
-21.191008382016776
10
23.610998221996397
20
-21.191008382016776
10
23.610998221996397
20
-20.290982981965954
10
24.41099822199635
20
-20.290982981965954
97
1
330

75
0
76
1
47
0.4128176842155181
98
1
10
34.90568961886538
20
22.81183545379326
450
0
451
0
460
0
461
0
452
1
462
1
453
2
463
0
63
5
421
255
463
1
63
7
421
16777215
470
LINEAR
1001
ACAD
1010
0
1020
0
1030
0
0
HATCH
5
5fd
100
AcDbEntity
8
TopSolderMaskLayer
100
AcDbHatch
10
0
20
0
30
0
210
0
220
0
230
1
2
SOLID
70
1
71
0
91
1
92
7
72
0
73
1
93
4
10
25.836396659889942
20
-21.216413450748064
10
24.9855965582899
20
-21.216413450748064
10
24.9855965582899
20
-20.265586515402333
10
25.836396659889942
20
-20.265586515402333
97
1
330

75
0
76
1
47
0.4128176842155181
98
1
10
34.90568961886538
20
22.81183545379326
450
0
451
0
460
0
461
0
452
1
462
1
453
2
463
0
63
5
421
255
463
1
63
7
421
16777215
470
LINEAR
1001
ACAD
1010
0
1020
0
1030
0
0
HATCH
5
600
100
AcDbEntity
8
TopPasteMaskLayer
100
AcDbHatch
10
0
20
0
30
0
210
0
220
0
230
1
2
SOLID
70
1
71
0
91
1
92
7
72
0
73
1
93
4
10
25.810998221996442
20
-21.191008382016776
10
25.010998221996488
20
-21.191008382016776
10
25.010998221996488
20
-20.290982981965954
10
25.810998221996442
20
-20.290982981965954
97
1
330

75
0
76
1
47
0.4128176842155181
98
1
10
34.90568961886538
20
22.81183545379326
450
0
451
0
460
0
461
0
452
1
462
1
453
2
463
0
63
5
421
255
463
1
63
7
421
16777215
470
LINEAR
1001
ACAD
1010
0
1020
0
1030
0
0
HATCH
5
603
100
AcDbEntity
8
TopLayer
100
AcDbHatch
10
0
20
0
30
0
210
0
220
0
230
1
2
SOLID
70
1
71
0
91
1
92
7
72
0
73
1
93
4
10
25.810998221996442
20
-21.191008382016776
10
25.010998221996488
20
-21.191008382016776
10
25.010998221996488
20
-20.290982981965954
10
25.810998221996442
20
-20.290982981965954
97
1
330

75
0
76
1
47
0.4128176842155181
98
1
10
34.90568961886538
20
22.81183545379326
450
0
451
0
460
0
461
0
452
1
462
1
453
2
463
0
63
5
421
255
463
1
63
7
421
16777215
470
LINEAR
1001
ACAD
1010
0
1020
0
1030
0
0
HATCH
5
606
100
AcDbEntity
8
TopSolderMaskLayer
100
AcDbHatch
10
0
20
0
30
0
210
0
220
0
230
1
2
SOLID
70
1
71
0
91
1
92
7
72
0
73
1
93
4
10
24.373601282686195
20
3.7434108373593062
10
25.224401384286693
20
3.7434108373593062
10
25.224401384286693
20
2.792583902013689
10
24.373601282686195
20
2.792583902013689
97
1
330

75
0
76
1
47
0.4128176842155181
98
1
10
34.90568961886538
20
22.81183545379326
450
0
451
0
460
0
461
0
452
1
462
1
453
2
463
0
63
5
421
255
463
1
63
7
421
16777215
470
LINEAR
1001
ACAD
1010
0
1020
0
1030
0
0
HATCH
5
609
100
AcDbEntity
8
TopPasteMaskLayer
100
AcDbHatch
10
0
20
0
30
0
210
0
220
0
230
1
2
SOLID
70
1
71
0
91
1
92
7
72
0
73
1
93
4
10
24.399009398018734
20
3.7180086360173163
10
25.199009398018916
20
3.7180086360173163
10
25.199009398018916
20
2.8179832359664942
10
24.399009398018734
20
2.8179832359664942
97
1
330

75
0
76
1
47
0.4128176842155181
98
1
10
34.90568961886538
20
22.81183545379326
450
0
451
0
460
0
461
0
452
1
462
1
453
2
463
0
63
5
421
255
463
1
63
7
421
16777215
470
LINEAR
1001
ACAD
1010
0
1020
0
1030
0
0
HATCH
5
60c
100
AcDbEntity
8
TopLayer
100
AcDbHatch
10
0
20
0
30
0
210
0
220
0
230
1
2
SOLID
70
1
71
0
91
1
92
7
72
0
73
1
93
4
10
24.399009398018734
20
3.7180086360173163
10
25.199009398018916
20
3.7180086360173163
10
25.199009398018916
20
2.8179832359664942
10
24.399009398018734
20
2.8179832359664942
97
1
330

75
0
76
1
47
0.4128176842155181
98
1
10
34.90568961886538
20
22.81183545379326
450
0
451
0
460
0
461
0
452
1
462
1
453
2
463
0
63
5
421
255
463
1
63
7
421
16777215
470
LINEAR
1001
ACAD
1010
0
1020
0
1030
0
0
HATCH
5
60f
100
AcDbEntity
8
TopSolderMaskLayer
100
AcDbHatch
10
0
20
0
30
0
210
0
220
0
230
1
2
SOLID
70
1
71
0
91
1
92
7
72
0
73
1
93
4
10
22.97360450849942
20
3.7434108373593062
10
23.824404610099464
20
3.7434108373593062
10
23.824404610099464
20
2.792583902013689
10
22.97360450849942
20
2.792583902013689
97
1
330

75
0
76
1
47
0.4128176842155181
98
1
10
34.90568961886538
20
22.81183545379326
450
0
451
0
460
0
461
0
452
1
462
1
453
2
463
0
63
5
421
255
463
1
63
7
421
16777215
470
LINEAR
1001
ACAD
1010
0
1020
0
1030
0
0
HATCH
5
612
100
AcDbEntity
8
TopPasteMaskLayer
100
AcDbHatch
10
0
20
0
30
0
210
0
220
0
230
1
2
SOLID
70
1
71
0
91
1
92
7
72
0
73
1
93
4
10
22.99900939801887
20
3.7180086360173163
10
23.799009398018825
20
3.7180086360173163
10
23.799009398018825
20
2.8179832359664942
10
22.99900939801887
20
2.8179832359664942
97
1
330

75
0
76
1
47
0.4128176842155181
98
1
10
34.90568961886538
20
22.81183545379326
450
0
451
0
460
0
461
0
452
1
462
1
453
2
463
0
63
5
421
255
463
1
63
7
421
16777215
470
LINEAR
1001
ACAD
1010
0
1020
0
1030
0
0
HATCH
5
615
100
AcDbEntity
8
TopLayer
100
AcDbHatch
10
0
20
0
30
0
210
0
220
0
230
1
2
SOLID
70
1
71
0
91
1
92
7
72
0
73
1
93
4
10
22.99900939801887
20
3.7180086360173163
10
23.799009398018825
20
3.7180086360173163
10
23.799009398018825
20
2.8179832359664942
10
22.99900939801887
20
2.8179832359664942
97
1
330

75
0
76
1
47
0.4128176842155181
98
1
10
34.90568961886538
20
22.81183545379326
450
0
451
0
460
0
461
0
452
1
462
1
453
2
463
0
63
5
421
255
463
1
63
7
421
16777215
470
LINEAR
1001
ACAD
1010
0
1020
0
1030
0
0
HATCH
5
618
100
AcDbEntity
8
TopSolderMaskLayer
100
AcDbHatch
10
0
20
0
30
0
210
0
220
0
230
1
2
SOLID
70
1
71
0
91
1
92
7
72
0
73
1
93
4
10
20.732585845816857
20
0.18856285382821625
10
20.732585845816857
20
-0.6565927920385093
10
19.77540871855922
20
-0.6565927920385093
10
19.77540871855922
20
0.18856285382821625
97
1
330

75
0
76
1
47
0.4128176842155181
98
1
10
34.90568961886538
20
22.81183545379326
450
0
451
0
460
0
461
0
452
1
462
1
453
2
463
0
63
5
421
255
463
1
63
7
421
16777215
470
LINEAR
1001
ACAD
1010
0
1020
0
1030
0
0
HATCH
5
61b
100
AcDbEntity
8
TopPasteMaskLayer
100
AcDbHatch
10
0
20
0
30
0
210
0
220
0
230
1
2
SOLID
70
1
71
0
91
1
92
7
72
0
73
1
93
4
10
20.704013208026254
20
0.16598933197860788
10
20.704013208026254
20
-0.634010668021233
10
19.803987807975545
20
-0.634010668021233
10
19.803987807975545
20
0.16598933197860788
97
1
330

75
0
76
1
47
0.4128176842155181
98
1
10
34.90568961886538
20
22.81183545379326
450
0
451
0
460
0
461
0
452
1
462
1
453
2
463
0
63
5
421
255
463
1
63
7
421
16777215
470
LINEAR
1001
ACAD
1010
0
1020
0
1030
0
0
HATCH
5
61e
100
AcDbEntity
8
TopLayer
100
AcDbHatch
10
0
20
0
30
0
210
0
220
0
230
1
2
SOLID
70
1
71
0
91
1
92
7
72
0
73
1
93
4
10
20.704013208026254
20
0.16598933197860788
10
20.704013208026254
20
-0.634010668021233
10
19.803987807975545
20
-0.634010668021233
10
19.803987807975545
20
0.16598933197860788
97
1
330

75
0
76
1
47
0.4128176842155181
98
1
10
34.90568961886538
20
22.81183545379326
450
0
451
0
460
0
461
0
452
1
462
1
453
2
463
0
63
5
421
255
463
1
63
7
421
16777215
470
LINEAR
1001
ACAD
1010
0
1020
0
1030
0
0
HATCH
5
621
100
AcDbEntity
8
TopSolderMaskLayer
100
AcDbHatch
10
0
20
0
30
0
210
0
220
0
230
1
2
SOLID
70
1
71
0
91
1
92
7
72
0
73
1
93
4
10
20.732585845816857
20
1.5885599864390088
10
20.732585845816857
20
0.7434043405721695
10
19.77540871855922
20
0.7434043405721695
10
19.77540871855922
20
1.5885599864390088
97
1
330

75
0
76
1
47
0.4128176842155181
98
1
10
34.90568961886538
20
22.81183545379326
450
0
451
0
460
0
461
0
452
1
462
1
453
2
463
0
63
5
421
255
463
1
63
7
421
16777215
470
LINEAR
1001
ACAD
1010
0
1020
0
1030
0
0
HATCH
5
624
100
AcDbEntity
8
TopPasteMaskLayer
100
AcDbHatch
10
0
20
0
30
0
210
0
220
0
230
1
2
SOLID
70
1
71
0
91
1
92
7
72
0
73
1
93
4
10
20.704013208026254
20
1.5659893319786988
10
20.704013208026254
20
0.7659893319786306
10
19.803987807975545
20
0.7659893319786306
10
19.803987807975545
20
1.5659893319786988
97
1
330

75
0
76
1
47
0.4128176842155181
98
1
10
34.90568961886538
20
22.81183545379326
450
0
451
0
460
0
461
0
452
1
462
1
453
2
463
0
63
5
421
255
463
1
63
7
421
16777215
470
LINEAR
1001
ACAD
1010
0
1020
0
1030
0
0
HATCH
5
627
100
AcDbEntity
8
TopLayer
100
AcDbHatch
10
0
20
0
30
0
210
0
220
0
230
1
2
SOLID
70
1
71
0
91
1
92
7
72
0
73
1
93
4
10
20.704013208026254
20
1.5659893319786988
10
20.704013208026254
20
0.7659893319786306
10
19.803987807975545
20
0.7659893319786306
10
19.803987807975545
20
1.5659893319786988
97
1
330

75
0
76
1
47
0.4128176842155181
98
1
10
34.90568961886538
20
22.81183545379326
450
0
451
0
460
0
461
0
452
1
462
1
453
2
463
0
63
5
421
255
463
1
63
7
421
16777215
470
LINEAR
1001
ACAD
1010
0
1020
0
1030
0
0
HATCH
5
62a
100
AcDbEntity
8
TopSolderMaskLayer
100
AcDbHatch
10
0
20
0
30
0
210
0
220
0
230
1
2
SOLID
70
1
71
0
91
1
92
7
72
0
73
1
93
4
10
30.99561062993098
20
9.516414884442838
10
31.846410731531023
20
9.516414884442838
10
31.846410731531023
20
8.565587949097107
10
30.99561062993098
20
8.565587949097107
97
1
330

75
0
76
1
47
0.4128176842155181
98
1
10
34.90568961886538
20
22.81183545379326
450
0
451
0
460
0
461
0
452
1
462
1
453
2
463
0
63
5
421
255
463
1
63
7
421
16777215
470
LINEAR
1001
ACAD
1010
0
1020
0
1030
0
0
HATCH
5
62d
100
AcDbEntity
8
TopPasteMaskLayer
100
AcDbHatch
10
0
20
0
30
0
210
0
220
0
230
1
2
SOLID
70
1
71
0
91
1
92
7
72
0
73
1
93
4
10
31.02100584201162
20
9.491008382016844
10
31.821005842011573
20
9.491008382016844
10
31.821005842011573
20
8.590982981966022
10
31.02100584201162
20
8.590982981966022
97
1
330

75
0
76
1
47
0.4128176842155181
98
1
10
34.90568961886538
20
22.81183545379326
450
0
451
0
460
0
461
0
452
1
462
1
453
2
463
0
63
5
421
255
463
1
63
7
421
16777215
470
LINEAR
1001
ACAD
1010
0
1020
0
1030
0
0
HATCH
5
630
100
AcDbEntity
8
TopLayer
100
AcDbHatch
10
0
20
0
30
0
210
0
220
0
230
1
2
SOLID
70
1
71
0
91
1
92
7
72
0
73
1
93
4
10
31.02100584201162
20
9.491008382016844
10
31.821005842011573
20
9.491008382016844
10
31.821005842011573
20
8.590982981966022
10
31.02100584201162
20
8.590982981966022
97
1
330

75
0
76
1
47
0.4128176842155181
98
1
10
34.90568961886538
20
22.81183545379326
450
0
451
0
460
0
461
0
452
1
462
1
453
2
463
0
63
5
421
255
463
1
63
7
421
16777215
470
LINEAR
1001
ACAD
1010
0
1020
0
1030
0
0
HATCH
5
633
100
AcDbEntity
8
TopSolderMaskLayer
100
AcDbHatch
10
0
20
0
30
0
210
0
220
0
230
1
2
SOLID
70
1
71
0
91
1
92
7
72
0
73
1
93
4
10
29.595597726679216
20
9.516414884442838
10
30.446397828279714
20
9.516414884442838
10
30.446397828279714
20
8.565587949097107
10
29.595597726679216
20
8.565587949097107
97
1
330

75
0
76
1
47
0.4128176842155181
98
1
10
34.90568961886538
20
22.81183545379326
450
0
451
0
460
0
461
0
452
1
462
1
453
2
463
0
63
5
421
255
463
1
63
7
421
16777215
470
LINEAR
1001
ACAD
1010
0
1020
0
1030
0
0
HATCH
5
636
100
AcDbEntity
8
TopPasteMaskLayer
100
AcDbHatch
10
0
20
0
30
0
210
0
220
0
230
1
2
SOLID
70
1
71
0
91
1
92
7
72
0
73
1
93
4
10
29.621005842011527
20
9.491008382016844
10
30.42100584201171
20
9.491008382016844
10
30.42100584201171
20
8.590982981966022
10
29.621005842011527
20
8.590982981966022
97
1
330

75
0
76
1
47
0.4128176842155181
98
1
10
34.90568961886538
20
22.81183545379326
450
0
451
0
460
0
461
0
452
1
462
1
453
2
463
0
63
5
421
255
463
1
63
7
421
16777215
470
LINEAR
1001
ACAD
1010
0
1020
0
1030
0
0
HATCH
5
639
100
AcDbEntity
8
TopLayer
100
AcDbHatch
10
0
20
0
30
0
210
0
220
0
230
1
2
SOLID
70
1
71
0
91
1
92
7
72
0
73
1
93
4
10
29.621005842011527
20
9.491008382016844
10
30.42100584201171
20
9.491008382016844
10
30.42100584201171
20
8.590982981966022
10
29.621005842011527
20
8.590982981966022
97
1
330

75
0
76
1
47
0.4128176842155181
98
1
10
34.90568961886538
20
22.81183545379326
450
0
451
0
460
0
461
0
452
1
462
1
453
2
463
0
63
5
421
255
463
1
63
7
421
16777215
470
LINEAR
1001
ACAD
1010
0
1020
0
1030
0
0
HATCH
5
63c
100
AcDbEntity
8
TopSolderMaskLayer
100
AcDbHatch
10
0
20
0
30
0
210
0
220
0
230
1
2
SOLID
70
1
71
0
91
1
92
7
72
0
73
1
93
4
10
37.9176054610175
20
-19.061597273732218
10
38.768405562617545
20
-19.061597273732218
10
38.768405562617545
20
-20.012424209077835
10
37.9176054610175
20
-20.012424209077835
97
1
330

75
0
76
1
47
0.4128176842155181
98
1
10
34.90568961886538
20
22.81183545379326
450
0
451
0
460
0
461
0
452
1
462
1
453
2
463
0
63
5
421
255
463
1
63
7
421
16777215
470
LINEAR
1001
ACAD
1010
0
1020
0
1030
0
0
HATCH
5
63f
100
AcDbEntity
8
TopPasteMaskLayer
100
AcDbHatch
10
0
20
0
30
0
210
0
220
0
230
1
2
SOLID
70
1
71
0
91
1
92
7
72
0
73
1
93
4
10
37.943002286004685
20
-19.086995173990317
10
38.74300228600464
20
-19.086995173990317
10
38.74300228600464
20
-19.98702057404114
10
37.943002286004685
20
-19.98702057404114
97
1
330

75
0
76
1
47
0.4128176842155181
98
1
10
34.90568961886538
20
22.81183545379326
450
0
451
0
460
0
461
0
452
1
462
1
453
2
463
0
63
5
421
255
463
1
63
7
421
16777215
470
LINEAR
1001
ACAD
1010
0
1020
0
1030
0
0
HATCH
5
642
100
AcDbEntity
8
TopLayer
100
AcDbHatch
10
0
20
0
30
0
210
0
220
0
230
1
2
SOLID
70
1
71
0
91
1
92
7
72
0
73
1
93
4
10
37.943002286004685
20
-19.086995173990317
10
38.74300228600464
20
-19.086995173990317
10
38.74300228600464
20
-19.98702057404114
10
37.943002286004685
20
-19.98702057404114
97
1
330

75
0
76
1
47
0.4128176842155181
98
1
10
34.90568961886538
20
22.81183545379326
450
0
451
0
460
0
461
0
452
1
462
1
453
2
463
0
63
5
421
255
463
1
63
7
421
16777215
470
LINEAR
1001
ACAD
1010
0
1020
0
1030
0
0
HATCH
5
645
100
AcDbEntity
8
TopSolderMaskLayer
100
AcDbHatch
10
0
20
0
30
0
210
0
220
0
230
1
2
SOLID
70
1
71
0
91
1
92
7
72
0
73
1
93
4
10
36.51760868683027
20
-19.061597273732218
10
37.368408788430315
20
-19.061597273732218
10
37.368408788430315
20
-20.012424209077835
10
36.51760868683027
20
-20.012424209077835
97
1
330

75
0
76
1
47
0.4128176842155181
98
1
10
34.90568961886538
20
22.81183545379326
450
0
451
0
460
0
461
0
452
1
462
1
453
2
463
0
63
5
421
255
463
1
63
7
421
16777215
470
LINEAR
1001
ACAD
1010
0
1020
0
1030
0
0
HATCH
5
648
100
AcDbEntity
8
TopPasteMaskLayer
100
AcDbHatch
10
0
20
0
30
0
210
0
220
0
230
1
2
SOLID
70
1
71
0
91
1
92
7
72
0
73
1
93
4
10
36.543002286004594
20
-19.086995173990317
10
37.34300228600455
20
-19.086995173990317
10
37.34300228600455
20
-19.98702057404114
10
36.543002286004594
20
-19.98702057404114
97
1
330

75
0
76
1
47
0.4128176842155181
98
1
10
34.90568961886538
20
22.81183545379326
450
0
451
0
460
0
461
0
452
1
462
1
453
2
463
0
63
5
421
255
463
1
63
7
421
16777215
470
LINEAR
1001
ACAD
1010
0
1020
0
1030
0
0
HATCH
5
64b
100
AcDbEntity
8
TopLayer
100
AcDbHatch
10
0
20
0
30
0
210
0
220
0
230
1
2
SOLID
70
1
71
0
91
1
92
7
72
0
73
1
93
4
10
36.543002286004594
20
-19.086995173990317
10
37.34300228600455
20
-19.086995173990317
10
37.34300228600455
20
-19.98702057404114
10
36.543002286004594
20
-19.98702057404114
97
1
330

75
0
76
1
47
0.4128176842155181
98
1
10
34.90568961886538
20
22.81183545379326
450
0
451
0
460
0
461
0
452
1
462
1
453
2
463
0
63
5
421
255
463
1
63
7
421
16777215
470
LINEAR
1001
ACAD
1010
0
1020
0
1030
0
0
HATCH
5
64e
100
AcDbEntity
8
TopSolderMaskLayer
100
AcDbHatch
10
0
20
0
30
0
210
0
220
0
230
1
2
SOLID
70
1
71
0
91
1
92
7
72
0
73
1
93
4
10
39.2425910464724
20
-8.98257628199849
10
40.09339114807267
20
-8.98257628199849
10
40.09339114807267
20
-9.933403217343994
10
39.2425910464724
20
-9.933403217343994
97
1
330

75
0
76
1
47
0.4128176842155181
98
1
10
34.90568961886538
20
22.81183545379326
450
0
451
0
460
0
461
0
452
1
462
1
453
2
463
0
63
5
421
255
463
1
63
7
421
16777215
470
LINEAR
1001
ACAD
1010
0
1020
0
1030
0
0
HATCH
5
651
100
AcDbEntity
8
TopPasteMaskLayer
100
AcDbHatch
10
0
20
0
30
0
210
0
220
0
230
1
2
SOLID
70
1
71
0
91
1
92
7
72
0
73
1
93
4
10
39.26799593599185
20
-9.007975615951182
10
40.06799593599203
20
-9.007975615951182
10
40.06799593599203
20
-9.908001016002004
10
39.26799593599185
20
-9.908001016002004
97
1
330

75
0
76
1
47
0.4128176842155181
98
1
10
34.90568961886538
20
22.81183545379326
450
0
451
0
460
0
461
0
452
1
462
1
453
2
463
0
63
5
421
255
463
1
63
7
421
16777215
470
LINEAR
1001
ACAD
1010
0
1020
0
1030
0
0
HATCH
5
654
100
AcDbEntity
8
TopLayer
100
AcDbHatch
10
0
20
0
30
0
210
0
220
0
230
1
2
SOLID
70
1
71
0
91
1
92
7
72
0
73
1
93
4
10
39.26799593599185
20
-9.007975615951182
10
40.06799593599203
20
-9.007975615951182
10
40.06799593599203
20
-9.908001016002004
10
39.26799593599185
20
-9.908001016002004
97
1
330

75
0
76
1
47
0.4128176842155181
98
1
10
34.90568961886538
20
22.81183545379326
450
0
451
0
460
0
461
0
452
1
462
1
453
2
463
0
63
5
421
255
463
1
63
7
421
16777215
470
LINEAR
1001
ACAD
1010
0
1020
0
1030
0
0
HATCH
5
657
100
AcDbEntity
8
TopSolderMaskLayer
100
AcDbHatch
10
0
20
0
30
0
210
0
220
0
230
1
2
SOLID
70
1
71
0
91
1
92
7
72
0
73
1
93
4
10
37.842594272285396
20
-8.98257628199849
10
38.69339437388567
20
-8.98257628199849
10
38.69339437388567
20
-9.933403217343994
10
37.842594272285396
20
-9.933403217343994
97
1
330

75
0
76
1
47
0.4128176842155181
98
1
10
34.90568961886538
20
22.81183545379326
450
0
451
0
460
0
461
0
452
1
462
1
453
2
463
0
63
5
421
255
463
1
63
7
421
16777215
470
LINEAR
1001
ACAD
1010
0
1020
0
1030
0
0
HATCH
5
65a
100
AcDbEntity
8
TopPasteMaskLayer
100
AcDbHatch
10
0
20
0
30
0
210
0
220
0
230
1
2
SOLID
70
1
71
0
91
1
92
7
72
0
73
1
93
4
10
37.867995935991985
20
-9.007975615951182
10
38.66799593599194
20
-9.007975615951182
10
38.66799593599194
20
-9.908001016002004
10
37.867995935991985
20
-9.908001016002004
97
1
330

75
0
76
1
47
0.4128176842155181
98
1
10
34.90568961886538
20
22.81183545379326
450
0
451
0
460
0
461
0
452
1
462
1
453
2
463
0
63
5
421
255
463
1
63
7
421
16777215
470
LINEAR
1001
ACAD
1010
0
1020
0
1030
0
0
HATCH
5
65d
100
AcDbEntity
8
TopLayer
100
AcDbHatch
10
0
20
0
30
0
210
0
220
0
230
1
2
SOLID
70
1
71
0
91
1
92
7
72
0
73
1
93
4
10
37.867995935991985
20
-9.007975615951182
10
38.66799593599194
20
-9.007975615951182
10
38.66799593599194
20
-9.908001016002004
10
37.867995935991985
20
-9.908001016002004
97
1
330

75
0
76
1
47
0.4128176842155181
98
1
10
34.90568961886538
20
22.81183545379326
450
0
451
0
460
0
461
0
452
1
462
1
453
2
463
0
63
5
421
255
463
1
63
7
421
16777215
470
LINEAR
1001
ACAD
1010
0
1020
0
1030
0
0
HATCH
5
660
100
AcDbEntity
8
TopSolderMaskLayer
100
AcDbHatch
10
0
20
0
30
0
210
0
220
0
230
1
2
SOLID
70
1
71
0
91
1
92
7
72
0
73
1
93
4
10
10.614609867929403
20
-4.4995871475613285
10
11.465409969529674
20
-4.4995871475613285
10
11.465409969529674
20
-5.450414082906946
10
10.614609867929403
20
-5.450414082906946
97
1
330

75
0
76
1
47
0.4128176842155181
98
1
10
34.90568961886538
20
22.81183545379326
450
0
451
0
460
0
461
0
452
1
462
1
453
2
463
0
63
5
421
255
463
1
63
7
421
16777215
470
LINEAR
1001
ACAD
1010
0
1020
0
1030
0
0
HATCH
5
663
100
AcDbEntity
8
TopPasteMaskLayer
100
AcDbHatch
10
0
20
0
30
0
210
0
220
0
230
1
2
SOLID
70
1
71
0
91
1
92
7
72
0
73
1
93
4
10
10.640005080010269
20
-4.524993649987209
10
11.440005080010224
20
-4.524993649987209
10
11.440005080010224
20
-5.425019050038031
10
10.640005080010269
20
-5.425019050038031
97
1
330

75
0
76
1
47
0.4128176842155181
98
1
10
34.90568961886538
20
22.81183545379326
450
0
451
0
460
0
461
0
452
1
462
1
453
2
463
0
63
5
421
255
463
1
63
7
421
16777215
470
LINEAR
1001
ACAD
1010
0
1020
0
1030
0
0
HATCH
5
666
100
AcDbEntity
8
TopLayer
100
AcDbHatch
10
0
20
0
30
0
210
0
220
0
230
1
2
SOLID
70
1
71
0
91
1
92
7
72
0
73
1
93
4
10
10.640005080010269
20
-4.524993649987209
10
11.440005080010224
20
-4.524993649987209
10
11.440005080010224
20
-5.425019050038031
10
10.640005080010269
20
-5.425019050038031
97
1
330

75
0
76
1
47
0.4128176842155181
98
1
10
34.90568961886538
20
22.81183545379326
450
0
451
0
460
0
461
0
452
1
462
1
453
2
463
0
63
5
421
255
463
1
63
7
421
16777215
470
LINEAR
1001
ACAD
1010
0
1020
0
1030
0
0
HATCH
5
669
100
AcDbEntity
8
TopSolderMaskLayer
100
AcDbHatch
10
0
20
0
30
0
210
0
220
0
230
1
2
SOLID
70
1
71
0
91
1
92
7
72
0
73
1
93
4
10
9.214596964677867
20
-4.4995871475613285
10
10.06539706627791
20
-4.4995871475613285
10
10.06539706627791
20
-5.450414082906946
10
9.214596964677867
20
-5.450414082906946
97
1
330

75
0
76
1
47
0.4128176842155181
98
1
10
34.90568961886538
20
22.81183545379326
450
0
451
0
460
0
461
0
452
1
462
1
453
2
463
0
63
5
421
255
463
1
63
7
421
16777215
470
LINEAR
1001
ACAD
1010
0
1020
0
1030
0
0
HATCH
5
66c
100
AcDbEntity
8
TopPasteMaskLayer
100
AcDbHatch
10
0
20
0
30
0
210
0
220
0
230
1
2
SOLID
70
1
71
0
91
1
92
7
72
0
73
1
93
4
10
9.240005080010178
20
-4.524993649987209
10
10.040005080010133
20
-4.524993649987209
10
10.040005080010133
20
-5.425019050038031
10
9.240005080010178
20
-5.425019050038031
97
1
330

75
0
76
1
47
0.4128176842155181
98
1
10
34.90568961886538
20
22.81183545379326
450
0
451
0
460
0
461
0
452
1
462
1
453
2
463
0
63
5
421
255
463
1
63
7
421
16777215
470
LINEAR
1001
ACAD
1010
0
1020
0
1030
0
0
HATCH
5
66f
100
AcDbEntity
8
TopLayer
100
AcDbHatch
10
0
20
0
30
0
210
0
220
0
230
1
2
SOLID
70
1
71
0
91
1
92
7
72
0
73
1
93
4
10
9.240005080010178
20
-4.524993649987209
10
10.040005080010133
20
-4.524993649987209
10
10.040005080010133
20
-5.425019050038031
10
9.240005080010178
20
-5.425019050038031
97
1
330

75
0
76
1
47
0.4128176842155181
98
1
10
34.90568961886538
20
22.81183545379326
450
0
451
0
460
0
461
0
452
1
462
1
453
2
463
0
63
5
421
255
463
1
63
7
421
16777215
470
LINEAR
1001
ACAD
1010
0
1020
0
1030
0
0
HATCH
5
672
100
AcDbEntity
8
TopSolderMaskLayer
100
AcDbHatch
10
0
20
0
30
0
210
0
220
0
230
1
2
SOLID
70
1
71
0
91
1
92
7
72
0
73
1
93
4
10
11.64359374525202
20
-43.31041397566662
10
11.64359374525202
20
-44.15556962153346
10
10.686416617994382
20
-44.15556962153346
10
10.686416617994382
20
-43.31041397566662
97
1
330

75
0
76
1
47
0.4128176842155181
98
1
10
34.90568961886538
20
22.81183545379326
450
0
451
0
460
0
461
0
452
1
462
1
453
2
463
0
63
5
421
255
463
1
63
7
421
16777215
470
LINEAR
1001
ACAD
1010
0
1020
0
1030
0
0
HATCH
5
675
100
AcDbEntity
8
TopPasteMaskLayer
100
AcDbHatch
10
0
20
0
30
0
210
0
220
0
230
1
2
SOLID
70
1
71
0
91
1
92
7
72
0
73
1
93
4
10
11.615011430022832
20
-43.332994665989304
10
11.615011430022832
20
-44.13299466598937
10
10.714986029971897
20
-44.13299466598937
10
10.714986029971897
20
-43.332994665989304
97
1
330

75
0
76
1
47
0.4128176842155181
98
1
10
34.90568961886538
20
22.81183545379326
450
0
451
0
460
0
461
0
452
1
462
1
453
2
463
0
63
5
421
255
463
1
63
7
421
16777215
470
LINEAR
1001
ACAD
1010
0
1020
0
1030
0
0
HATCH
5
678
100
AcDbEntity
8
TopLayer
100
AcDbHatch
10
0
20
0
30
0
210
0
220
0
230
1
2
SOLID
70
1
71
0
91
1
92
7
72
0
73
1
93
4
10
11.615011430022832
20
-43.332994665989304
10
11.615011430022832
20
-44.13299466598937
10
10.714986029971897
20
-44.13299466598937
10
10.714986029971897
20
-43.332994665989304
97
1
330

75
0
76
1
47
0.4128176842155181
98
1
10
34.90568961886538
20
22.81183545379326
450
0
451
0
460
0
461
0
452
1
462
1
453
2
463
0
63
5
421
255
463
1
63
7
421
16777215
470
LINEAR
1001
ACAD
1010
0
1020
0
1030
0
0
HATCH
5
67b
100
AcDbEntity
8
TopSolderMaskLayer
100
AcDbHatch
10
0
20
0
30
0
210
0
220
0
230
1
2
SOLID
70
1
71
0
91
1
92
7
72
0
73
1
93
4
10
11.64359374525202
20
-41.91041684305594
10
11.64359374525202
20
-42.75557248892267
10
10.686416617994382
20
-42.75557248892267
10
10.686416617994382
20
-41.91041684305594
97
1
330

75
0
76
1
47
0.4128176842155181
98
1
10
34.90568961886538
20
22.81183545379326
450
0
451
0
460
0
461
0
452
1
462
1
453
2
463
0
63
5
421
255
463
1
63
7
421
16777215
470
LINEAR
1001
ACAD
1010
0
1020
0
1030
0
0
HATCH
5
67e
100
AcDbEntity
8
TopPasteMaskLayer
100
AcDbHatch
10
0
20
0
30
0
210
0
220
0
230
1
2
SOLID
70
1
71
0
91
1
92
7
72
0
73
1
93
4
10
11.615011430022832
20
-41.93299466598933
10
11.615011430022832
20
-42.73299466598928
10
10.714986029971897
20
-42.73299466598928
10
10.714986029971897
20
-41.93299466598933
97
1
330

75
0
76
1
47
0.4128176842155181
98
1
10
34.90568961886538
20
22.81183545379326
450
0
451
0
460
0
461
0
452
1
462
1
453
2
463
0
63
5
421
255
463
1
63
7
421
16777215
470
LINEAR
1001
ACAD
1010
0
1020
0
1030
0
0
HATCH
5
681
100
AcDbEntity
8
TopLayer
100
AcDbHatch
10
0
20
0
30
0
210
0
220
0
230
1
2
SOLID
70
1
71
0
91
1
92
7
72
0
73
1
93
4
10
11.615011430022832
20
-41.93299466598933
10
11.615011430022832
20
-42.73299466598928
10
10.714986029971897
20
-42.73299466598928
10
10.714986029971897
20
-41.93299466598933
97
1
330

75
0
76
1
47
0.4128176842155181
98
1
10
34.90568961886538
20
22.81183545379326
450
0
451
0
460
0
461
0
452
1
462
1
453
2
463
0
63
5
421
255
463
1
63
7
421
16777215
470
LINEAR
1001
ACAD
1010
0
1020
0
1030
0
0
HATCH
5
684
100
AcDbEntity
8
TopSolderMaskLayer
100
AcDbHatch
10
0
20
0
30
0
210
0
220
0
230
1
2
SOLID
70
1
71
0
91
1
92
7
72
0
73
1
93
4
10
42.759992443487135
20
-19.589834299316635
10
42.759992443487135
20
-22.51914364884442
10
41.64003526071565
20
-22.51914364884442
10
41.64003526071565
20
-19.589834299316635
97
1
330

75
0
76
1
47
0.4128176842155181
98
1
10
34.90568961886538
20
22.81183545379326
450
0
451
0
460
0
461
0
452
1
462
1
453
2
463
0
63
5
421
255
463
1
63
7
421
16777215
470
LINEAR
1001
ACAD
1010
0
1020
0
1030
0
0
HATCH
5
687
100
AcDbEntity
8
TopPasteMaskLayer
100
AcDbHatch
10
0
20
0
30
0
210
0
220
0
230
1
2
SOLID
70
1
71
0
91
1
92
7
72
0
73
1
93
4
10
42.75001270002531
20
-19.654483108966247
10
42.75001270002531
20
-22.4544831089662
10
41.6500127000254
20
-22.4544831089662
10
41.6500127000254
20
-19.654483108966247
97
1
330

75
0
76
1
47
0.4128176842155181
98
1
10
34.90568961886538
20
22.81183545379326
450
0
451
0
460
0
461
0
452
1
462
1
453
2
463
0
63
5
421
255
463
1
63
7
421
16777215
470
LINEAR
1001
ACAD
1010
0
1020
0
1030
0
0
HATCH
5
68a
100
AcDbEntity
8
TopLayer
100
AcDbHatch
10
0
20
0
30
0
210
0
220
0
230
1
2
SOLID
70
1
71
0
91
1
92
7
72
0
73
1
93
4
10
42.75001270002531
20
-19.654483108966247
10
42.75001270002531
20
-22.4544831089662
10
41.6500127000254
20
-22.4544831089662
10
41.6500127000254
20
-19.654483108966247
97
1
330

75
0
76
1
47
0.4128176842155181
98
1
10
34.90568961886538
20
22.81183545379326
450
0
451
0
460
0
461
0
452
1
462
1
453
2
463
0
63
5
421
255
463
1
63
7
421
16777215
470
LINEAR
1001
ACAD
1010
0
1020
0
1030
0
0
HATCH
5
68d
100
AcDbEntity
8
TopSolderMaskLayer
100
AcDbHatch
10
0
20
0
30
0
210
0
220
0
230
1
2
SOLID
70
1
71
0
91
1
92
7
72
0
73
1
93
4
10
42.759992443487135
20
-22.910879211201177
10
42.759992443487135
20
-25.840188560729075
10
41.64003526071565
20
-25.840188560729075
10
41.64003526071565
20
-22.910879211201177
97
1
330

75
0
76
1
47
0.4128176842155181
98
1
10
34.90568961886538
20
22.81183545379326
450
0
451
0
460
0
461
0
452
1
462
1
453
2
463
0
63
5
421
255
463
1
63
7
421
16777215
470
LINEAR
1001
ACAD
1010
0
1020
0
1030
0
0
HATCH
5
690
100
AcDbEntity
8
TopPasteMaskLayer
100
AcDbHatch
10
0
20
0
30
0
210
0
220
0
230
1
2
SOLID
70
1
71
0
91
1
92
7
72
0
73
1
93
4
10
42.75001270002531
20
-22.975539751079396
10
42.75001270002531
20
-25.775539751079577
10
41.6500127000254
20
-25.775539751079577
10
41.6500127000254
20
-22.975539751079396
97
1
330

75
0
76
1
47
0.4128176842155181
98
1
10
34.90568961886538
20
22.81183545379326
450
0
451
0
460
0
461
0
452
1
462
1
453
2
463
0
63
5
421
255
463
1
63
7
421
16777215
470
LINEAR
1001
ACAD
1010
0
1020
0
1030
0
0
HATCH
5
693
100
AcDbEntity
8
TopLayer
100
AcDbHatch
10
0
20
0
30
0
210
0
220
0
230
1
2
SOLID
70
1
71
0
91
1
92
7
72
0
73
1
93
4
10
42.75001270002531
20
-22.975539751079396
10
42.75001270002531
20
-25.775539751079577
10
41.6500127000254
20
-25.775539751079577
10
41.6500127000254
20
-22.975539751079396
97
1
330

75
0
76
1
47
0.4128176842155181
98
1
10
34.90568961886538
20
22.81183545379326
450
0
451
0
460
0
461
0
452
1
462
1
453
2
463
0
63
5
421
255
463
1
63
7
421
16777215
470
LINEAR
1001
ACAD
1010
0
1020
0
1030
0
0
HATCH
5
696
100
AcDbEntity
8
TopSolderMaskLayer
100
AcDbHatch
10
0
20
0
30
0
210
0
220
0
230
1
2
SOLID
70
1
71
0
91
1
92
7
72
0
73
1
93
4
10
19.490931260203297
20
-34.63442117441423
10
16.640131158603253
20
-34.63442117441423
10
16.640131158603253
20
-33.483621072814
10
19.490931260203297
20
-33.483621072814
97
1
330

75
0
76
1
47
0.4128176842155181
98
1
10
34.90568961886538
20
22.81183545379326
450
0
451
0
460
0
461
0
452
1
462
1
453
2
463
0
63
5
421
255
463
1
63
7
421
16777215
470
LINEAR
1001
ACAD
1010
0
1020
0
1030
0
0
HATCH
5
699
100
AcDbEntity
8
TopPasteMaskLayer
100
AcDbHatch
10
0
20
0
30
0
210
0
220
0
230
1
2
SOLID
70
1
71
0
91
1
92
7
72
0
73
1
93
4
10
19.465532131064037
20
-34.609017018034024
10
16.66553213106431
20
-34.609017018034024
10
16.66553213106431
20
-33.509017018034115
10
19.465532131064037
20
-33.509017018034115
97
1
330

75
0
76
1
47
0.4128176842155181
98
1
10
34.90568961886538
20
22.81183545379326
450
0
451
0
460
0
461
0
452
1
462
1
453
2
463
0
63
5
421
255
463
1
63
7
421
16777215
470
LINEAR
1001
ACAD
1010
0
1020
0
1030
0
0
HATCH
5
69c
100
AcDbEntity
8
TopLayer
100
AcDbHatch
10
0
20
0
30
0
210
0
220
0
230
1
2
SOLID
70
1
71
0
91
1
92
7
72
0
73
1
93
4
10
19.465532131064037
20
-34.609017018034024
10
16.66553213106431
20
-34.609017018034024
10
16.66553213106431
20
-33.509017018034115
10
19.465532131064037
20
-33.509017018034115
97
1
330

75
0
76
1
47
0.4128176842155181
98
1
10
34.90568961886538
20
22.81183545379326
450
0
451
0
460
0
461
0
452
1
462
1
453
2
463
0
63
5
421
255
463
1
63
7
421
16777215
470
LINEAR
1001
ACAD
1010
0
1020
0
1030
0
0
HATCH
5
69f
100
AcDbEntity
8
TopSolderMaskLayer
100
AcDbHatch
10
0
20
0
30
0
210
0
220
0
230
1
2
SOLID
70
1
71
0
91
1
92
7
72
0
73
1
93
4
10
16.169874618090034
20
-34.63442117441423
10
13.31907451648999
20
-34.63442117441423
10
13.31907451648999
20
-33.483621072814
10
16.169874618090034
20
-33.483621072814
97
1
330

75
0
76
1
47
0.4128176842155181
98
1
10
34.90568961886538
20
22.81183545379326
450
0
451
0
460
0
461
0
452
1
462
1
453
2
463
0
63
5
421
255
463
1
63
7
421
16777215
470
LINEAR
1001
ACAD
1010
0
1020
0
1030
0
0
HATCH
5
6a2
100
AcDbEntity
8
TopPasteMaskLayer
100
AcDbHatch
10
0
20
0
30
0
210
0
220
0
230
1
2
SOLID
70
1
71
0
91
1
92
7
72
0
73
1
93
4
10
16.144475488951002
20
-34.609017018034024
10
13.344475488951048
20
-34.609017018034024
10
13.344475488951048
20
-33.509017018034115
10
16.144475488951002
20
-33.509017018034115
97
1
330

75
0
76
1
47
0.4128176842155181
98
1
10
34.90568961886538
20
22.81183545379326
450
0
451
0
460
0
461
0
452
1
462
1
453
2
463
0
63
5
421
255
463
1
63
7
421
16777215
470
LINEAR
1001
ACAD
1010
0
1020
0
1030
0
0
HATCH
5
6a5
100
AcDbEntity
8
TopLayer
100
AcDbHatch
10
0
20
0
30
0
210
0
220
0
230
1
2
SOLID
70
1
71
0
91
1
92
7
72
0
73
1
93
4
10
16.144475488951002
20
-34.609017018034024
10
13.344475488951048
20
-34.609017018034024
10
13.344475488951048
20
-33.509017018034115
10
16.144475488951002
20
-33.509017018034115
97
1
330

75
0
76
1
47
0.4128176842155181
98
1
10
34.90568961886538
20
22.81183545379326
450
0
451
0
460
0
461
0
452
1
462
1
453
2
463
0
63
5
421
255
463
1
63
7
421
16777215
470
LINEAR
1001
ACAD
1010
0
1020
0
1030
0
0
HATCH
5
6a8
100
AcDbEntity
8
TopSolderMaskLayer
100
AcDbHatch
10
0
20
0
30
0
210
0
220
0
230
1
2
SOLID
70
1
71
0
91
1
92
7
72
0
73
1
93
4
10
7.209022259519088
20
-46.30018348071894
10
7.209022259519088
20
-43.37087413119116
10
8.328979442290574
20
-43.37087413119116
10
8.328979442290574
20
-46.30018348071894
97
1
330

75
0
76
1
47
0.4128176842155181
98
1
10
34.90568961886538
20
22.81183545379326
450
0
451
0
460
0
461
0
452
1
462
1
453
2
463
0
63
5
421
255
463
1
63
7
421
16777215
470
LINEAR
1001
ACAD
1010
0
1020
0
1030
0
0
HATCH
5
6ab
100
AcDbEntity
8
TopPasteMaskLayer
100
AcDbHatch
10
0
20
0
30
0
210
0
220
0
230
1
2
SOLID
70
1
71
0
91
1
92
7
72
0
73
1
93
4
10
7.218999237998332
20
-46.23553467106933
10
7.218999237998332
20
-43.43553467106938
10
8.318999237998469
20
-43.43553467106938
10
8.318999237998469
20
-46.23553467106933
97
1
330

75
0
76
1
47
0.4128176842155181
98
1
10
34.90568961886538
20
22.81183545379326
450
0
451
0
460
0
461
0
452
1
462
1
453
2
463
0
63
5
421
255
463
1
63
7
421
16777215
470
LINEAR
1001
ACAD
1010
0
1020
0
1030
0
0
HATCH
5
6ae
100
AcDbEntity
8
TopLayer
100
AcDbHatch
10
0
20
0
30
0
210
0
220
0
230
1
2
SOLID
70
1
71
0
91
1
92
7
72
0
73
1
93
4
10
7.218999237998332
20
-46.23553467106933
10
7.218999237998332
20
-43.43553467106938
10
8.318999237998469
20
-43.43553467106938
10
8.318999237998469
20
-46.23553467106933
97
1
330

75
0
76
1
47
0.4128176842155181
98
1
10
34.90568961886538
20
22.81183545379326
450
0
451
0
460
0
461
0
452
1
462
1
453
2
463
0
63
5
421
255
463
1
63
7
421
16777215
470
LINEAR
1001
ACAD
1010
0
1020
0
1030
0
0
HATCH
5
6b1
100
AcDbEntity
8
TopSolderMaskLayer
100
AcDbHatch
10
0
20
0
30
0
210
0
220
0
230
1
2
SOLID
70
1
71
0
91
1
92
7
72
0
73
1
93
4
10
7.209022259519088
20
-42.979126838605566
10
7.209022259519088
20
-40.04981748907778
10
8.328979442290574
20
-40.04981748907778
10
8.328979442290574
20
-42.979126838605566
97
1
330

75
0
76
1
47
0.4128176842155181
98
1
10
34.90568961886538
20
22.81183545379326
450
0
451
0
460
0
461
0
452
1
462
1
453
2
463
0
63
5
421
255
463
1
63
7
421
16777215
470
LINEAR
1001
ACAD
1010
0
1020
0
1030
0
0
HATCH
5
6b4
100
AcDbEntity
8
TopPasteMaskLayer
100
AcDbHatch
10
0
20
0
30
0
210
0
220
0
230
1
2
SOLID
70
1
71
0
91
1
92
7
72
0
73
1
93
4
10
7.218999237998332
20
-42.91447802895607
10
7.218999237998332
20
-40.114478028956
10
8.318999237998469
20
-40.114478028956
10
8.318999237998469
20
-42.91447802895607
97
1
330

75
0
76
1
47
0.4128176842155181
98
1
10
34.90568961886538
20
22.81183545379326
450
0
451
0
460
0
461
0
452
1
462
1
453
2
463
0
63
5
421
255
463
1
63
7
421
16777215
470
LINEAR
1001
ACAD
1010
0
1020
0
1030
0
0
HATCH
5
6b7
100
AcDbEntity
8
TopLayer
100
AcDbHatch
10
0
20
0
30
0
210
0
220
0
230
1
2
SOLID
70
1
71
0
91
1
92
7
72
0
73
1
93
4
10
7.218999237998332
20
-42.91447802895607
10
7.218999237998332
20
-40.114478028956
10
8.318999237998469
20
-40.114478028956
10
8.318999237998469
20
-42.91447802895607
97
1
330

75
0
76
1
47
0.4128176842155181
98
1
10
34.90568961886538
20
22.81183545379326
450
0
451
0
460
0
461
0
452
1
462
1
453
2
463
0
63
5
421
255
463
1
63
7
421
16777215
470
LINEAR
1001
ACAD
1010
0
1020
0
1030
0
0
HATCH
5
6ba
100
AcDbEntity
8
TopSolderMaskLayer
100
AcDbHatch
10
0
20
0
30
0
210
0
220
0
230
1
2
SOLID
70
1
71
0
91
1
92
7
72
0
73
1
93
4
10
14.549403098806351
20
-19.600411679415743
10
11.698602997205853
20
-19.600411679415743
10
11.698602997205853
20
-18.449611577815517
10
14.549403098806351
20
-18.449611577815517
97
1
330

75
0
76
1
47
0.4128176842155181
98
1
10
34.90568961886538
20
22.81183545379326
450
0
451
0
460
0
461
0
452
1
462
1
453
2
463
0
63
5
421
255
463
1
63
7
421
16777215
470
LINEAR
1001
ACAD
1010
0
1020
0
1030
0
0
HATCH
5
6bd
100
AcDbEntity
8
TopPasteMaskLayer
100
AcDbHatch
10
0
20
0
30
0
210
0
220
0
230
1
2
SOLID
70
1
71
0
91
1
92
7
72
0
73
1
93
4
10
14.52400304800608
20
-19.5750063500127
10
11.724003048005898
20
-19.5750063500127
10
11.724003048005898
20
-18.475006350012677
10
14.52400304800608
20
-18.475006350012677
97
1
330

75
0
76
1
47
0.4128176842155181
98
1
10
34.90568961886538
20
22.81183545379326
450
0
451
0
460
0
461
0
452
1
462
1
453
2
463
0
63
5
421
255
463
1
63
7
421
16777215
470
LINEAR
1001
ACAD
1010
0
1020
0
1030
0
0
HATCH
5
6c0
100
AcDbEntity
8
TopLayer
100
AcDbHatch
10
0
20
0
30
0
210
0
220
0
230
1
2
SOLID
70
1
71
0
91
1
92
7
72
0
73
1
93
4
10
14.52400304800608
20
-19.5750063500127
10
11.724003048005898
20
-19.5750063500127
10
11.724003048005898
20
-18.475006350012677
10
14.52400304800608
20
-18.475006350012677
97
1
330

75
0
76
1
47
0.4128176842155181
98
1
10
34.90568961886538
20
22.81183545379326
450
0
451
0
460
0
461
0
452
1
462
1
453
2
463
0
63
5
421
255
463
1
63
7
421
16777215
470
LINEAR
1001
ACAD
1010
0
1020
0
1030
0
0
HATCH
5
6c3
100
AcDbEntity
8
TopSolderMaskLayer
100
AcDbHatch
10
0
20
0
30
0
210
0
220
0
230
1
2
SOLID
70
1
71
0
91
1
92
7
72
0
73
1
93
4
10
10.349401255484509
20
-19.600411679415743
10
7.498601153884238
20
-19.600411679415743
10
7.498601153884238
20
-18.449611577815517
10
10.349401255484509
20
-18.449611577815517
97
1
330

75
0
76
1
47
0.4128176842155181
98
1
10
34.90568961886538
20
22.81183545379326
450
0
451
0
460
0
461
0
452
1
462
1
453
2
463
0
63
5
421
255
463
1
63
7
421
16777215
470
LINEAR
1001
ACAD
1010
0
1020
0
1030
0
0
HATCH
5
6c6
100
AcDbEntity
8
TopPasteMaskLayer
100
AcDbHatch
10
0
20
0
30
0
210
0
220
0
230
1
2
SOLID
70
1
71
0
91
1
92
7
72
0
73
1
93
4
10
10.324003048006034
20
-19.5750063500127
10
7.5240030480060796
20
-19.5750063500127
10
7.5240030480060796
20
-18.475006350012677
10
10.324003048006034
20
-18.475006350012677
97
1
330

75
0
76
1
47
0.4128176842155181
98
1
10
34.90568961886538
20
22.81183545379326
450
0
451
0
460
0
461
0
452
1
462
1
453
2
463
0
63
5
421
255
463
1
63
7
421
16777215
470
LINEAR
1001
ACAD
1010
0
1020
0
1030
0
0
HATCH
5
6c9
100
AcDbEntity
8
TopLayer
100
AcDbHatch
10
0
20
0
30
0
210
0
220
0
230
1
2
SOLID
70
1
71
0
91
1
92
7
72
0
73
1
93
4
10
10.324003048006034
20
-19.5750063500127
10
7.5240030480060796
20
-19.5750063500127
10
7.5240030480060796
20
-18.475006350012677
10
10.324003048006034
20
-18.475006350012677
97
1
330

75
0
76
1
47
0.4128176842155181
98
1
10
34.90568961886538
20
22.81183545379326
450
0
451
0
460
0
461
0
452
1
462
1
453
2
463
0
63
5
421
255
463
1
63
7
421
16777215
470
LINEAR
1001
ACAD
1010
0
1020
0
1030
0
0
HATCH
5
6cc
100
AcDbEntity
8
TopSolderMaskLayer
100
AcDbHatch
10
0
20
0
30
0
210
0
220
0
230
1
2
SOLID
70
1
71
0
91
1
92
7
72
0
73
1
93
4
10
14.43939501796035
20
-14.035408257326822
10
11.588594916360307
20
-14.035408257326822
10
11.588594916360307
20
-12.884608155726596
10
14.43939501796035
20
-12.884608155726596
97
1
330

75
0
76
1
47
0.4128176842155181
98
1
10
34.90568961886538
20
22.81183545379326
450
0
451
0
460
0
461
0
452
1
462
1
453
2
463
0
63
5
421
255
463
1
63
7
421
16777215
470
LINEAR
1001
ACAD
1010
0
1020
0
1030
0
0
HATCH
5
6cf
100
AcDbEntity
8
TopPasteMaskLayer
100
AcDbHatch
10
0
20
0
30
0
210
0
220
0
230
1
2
SOLID
70
1
71
0
91
1
92
7
72
0
73
1
93
4
10
14.413995427990812
20
-14.010007620015244
10
11.613995427990858
20
-14.010007620015244
10
11.613995427990858
20
-12.910007620015222
10
14.413995427990812
20
-12.910007620015222
97
1
330

75
0
76
1
47
0.4128176842155181
98
1
10
34.90568961886538
20
22.81183545379326
450
0
451
0
460
0
461
0
452
1
462
1
453
2
463
0
63
5
421
255
463
1
63
7
421
16777215
470
LINEAR
1001
ACAD
1010
0
1020
0
1030
0
0
HATCH
5
6d2
100
AcDbEntity
8
TopLayer
100
AcDbHatch
10
0
20
0
30
0
210
0
220
0
230
1
2
SOLID
70
1
71
0
91
1
92
7
72
0
73
1
93
4
10
14.413995427990812
20
-14.010007620015244
10
11.613995427990858
20
-14.010007620015244
10
11.613995427990858
20
-12.910007620015222
10
14.413995427990812
20
-12.910007620015222
97
1
330

75
0
76
1
47
0.4128176842155181
98
1
10
34.90568961886538
20
22.81183545379326
450
0
451
0
460
0
461
0
452
1
462
1
453
2
463
0
63
5
421
255
463
1
63
7
421
16777215
470
LINEAR
1001
ACAD
1010
0
1020
0
1030
0
0
HATCH
5
6d5
100
AcDbEntity
8
TopSolderMaskLayer
100
AcDbHatch
10
0
20
0
30
0
210
0
220
0
230
1
2
SOLID
70
1
71
0
91
1
92
7
72
0
73
1
93
4
10
10.239393174638963
20
-14.035408257326822
10
7.388593073038692
20
-14.035408257326822
10
7.388593073038692
20
-12.884608155726596
10
10.239393174638963
20
-12.884608155726596
97
1
330

75
0
76
1
47
0.4128176842155181
98
1
10
34.90568961886538
20
22.81183545379326
450
0
451
0
460
0
461
0
452
1
462
1
453
2
463
0
63
5
421
255
463
1
63
7
421
16777215
470
LINEAR
1001
ACAD
1010
0
1020
0
1030
0
0
HATCH
5
6d8
100
AcDbEntity
8
TopPasteMaskLayer
100
AcDbHatch
10
0
20
0
30
0
210
0
220
0
230
1
2
SOLID
70
1
71
0
91
1
92
7
72
0
73
1
93
4
10
10.213995427990767
20
-14.010007620015244
10
7.4139954279908125
20
-14.010007620015244
10
7.4139954279908125
20
-12.910007620015222
10
10.213995427990767
20
-12.910007620015222
97
1
330

75
0
76
1
47
0.4128176842155181
98
1
10
34.90568961886538
20
22.81183545379326
450
0
451
0
460
0
461
0
452
1
462
1
453
2
463
0
63
5
421
255
463
1
63
7
421
16777215
470
LINEAR
1001
ACAD
1010
0
1020
0
1030
0
0
HATCH
5
6db
100
AcDbEntity
8
TopLayer
100
AcDbHatch
10
0
20
0
30
0
210
0
220
0
230
1
2
SOLID
70
1
71
0
91
1
92
7
72
0
73
1
93
4
10
10.213995427990767
20
-14.010007620015244
10
7.4139954279908125
20
-14.010007620015244
10
7.4139954279908125
20
-12.910007620015222
10
10.213995427990767
20
-12.910007620015222
97
1
330

75
0
76
1
47
0.4128176842155181
98
1
10
34.90568961886538
20
22.81183545379326
450
0
451
0
460
0
461
0
452
1
462
1
453
2
463
0
63
5
421
255
463
1
63
7
421
16777215
470
LINEAR
1001
ACAD
1010
0
1020
0
1030
0
0
HATCH
5
6de
100
AcDbEntity
8
TopSolderMaskLayer
100
AcDbHatch
10
0
20
0
30
0
210
0
220
0
230
1
2
SOLID
70
1
71
0
91
1
92
7
72
0
73
1
93
4
10
8.895400440263074
20
-1.756437837606768
10
7.644600338663167
20
-1.756437837606768
10
7.644600338663167
20
-0.5056377360067472
10
8.895400440263074
20
-0.5056377360067472
97
1
330

75
0
76
1
47
0.4128176842155181
98
1
10
34.90568961886538
20
22.81183545379326
450
0
451
0
460
0
461
0
452
1
462
1
453
2
463
0
63
5
421
255
463
1
63
7
421
16777215
470
LINEAR
1001
ACAD
1010
0
1020
0
1030
0
0
HATCH
5
6e1
100
AcDbEntity
8
TopPasteMaskLayer
100
AcDbHatch
10
0
20
0
30
0
210
0
220
0
230
1
2
SOLID
70
1
71
0
91
1
92
7
72
0
73
1
93
4
10
8.870002540005089
20
-1.7310388620776394
10
7.670002540005044
20
-1.7310388620776394
10
7.670002540005044
20
-0.5310388620777076
10
8.870002540005089
20
-0.5310388620777076
97
1
330

75
0
76
1
47
0.4128176842155181
98
1
10
34.90568961886538
20
22.81183545379326
450
0
451
0
460
0
461
0
452
1
462
1
453
2
463
0
63
5
421
255
463
1
63
7
421
16777215
470
LINEAR
1001
ACAD
1010
0
1020
0
1030
0
0
HATCH
5
6e4
100
AcDbEntity
8
TopLayer
100
AcDbHatch
10
0
20
0
30
0
210
0
220
0
230
1
2
SOLID
70
1
71
0
91
1
92
7
72
0
73
1
93
4
10
8.870002540005089
20
-1.7310388620776394
10
7.670002540005044
20
-1.7310388620776394
10
7.670002540005044
20
-0.5310388620777076
10
8.870002540005089
20
-0.5310388620777076
97
1
330

75
0
76
1
47
0.4128176842155181
98
1
10
34.90568961886538
20
22.81183545379326
450
0
451
0
460
0
461
0
452
1
462
1
453
2
463
0
63
5
421
255
463
1
63
7
421
16777215
470
LINEAR
1001
ACAD
1010
0
1020
0
1030
0
0
HATCH
5
6e7
100
AcDbEntity
8
TopSolderMaskLayer
100
AcDbHatch
10
0
20
0
30
0
210
0
220
0
230
1
2
SOLID
70
1
71
0
91
1
92
7
72
0
73
1
93
4
10
12.095404741347238
20
-1.756437837606768
10
10.844604639746876
20
-1.756437837606768
10
10.844604639746876
20
-0.5056377360067472
10
12.095404741347238
20
-0.5056377360067472
97
1
330

75
0
76
1
47
0.4128176842155181
98
1
10
34.90568961886538
20
22.81183545379326
450
0
451
0
460
0
461
0
452
1
462
1
453
2
463
0
63
5
421
255
463
1
63
7
421
16777215
470
LINEAR
1001
ACAD
1010
0
1020
0
1030
0
0
HATCH
5
6ea
100
AcDbEntity
8
TopPasteMaskLayer
100
AcDbHatch
10
0
20
0
30
0
210
0
220
0
230
1
2
SOLID
70
1
71
0
91
1
92
7
72
0
73
1
93
4
10
12.070002540005135
20
-1.7310388620776394
10
10.870002540005089
20
-1.7310388620776394
10
10.870002540005089
20
-0.5310388620777076
10
12.070002540005135
20
-0.5310388620777076
97
1
330

75
0
76
1
47
0.4128176842155181
98
1
10
34.90568961886538
20
22.81183545379326
450
0
451
0
460
0
461
0
452
1
462
1
453
2
463
0
63
5
421
255
463
1
63
7
421
16777215
470
LINEAR
1001
ACAD
1010
0
1020
0
1030
0
0
HATCH
5
6ed
100
AcDbEntity
8
TopLayer
100
AcDbHatch
10
0
20
0
30
0
210
0
220
0
230
1
2
SOLID
70
1
71
0
91
1
92
7
72
0
73
1
93
4
10
12.070002540005135
20
-1.7310388620776394
10
10.870002540005089
20
-1.7310388620776394
10
10.870002540005089
20
-0.5310388620777076
10
12.070002540005135
20
-0.5310388620777076
97
1
330

75
0
76
1
47
0.4128176842155181
98
1
10
34.90568961886538
20
22.81183545379326
450
0
451
0
460
0
461
0
452
1
462
1
453
2
463
0
63
5
421
255
463
1
63
7
421
16777215
470
LINEAR
1001
ACAD
1010
0
1020
0
1030
0
0
HATCH
5
6f0
100
AcDbEntity
8
TopSolderMaskLayer
100
AcDbHatch
10
0
20
0
30
0
210
0
220
0
230
1
2
SOLID
70
1
71
0
91
1
92
7
72
0
73
1
93
4
10
14.910439420878902
20
-42.99659424265087
10
14.910439420878902
20
-44.247394344251006
10
13.65963931927854
20
-44.247394344251006
10
13.65963931927854
20
-42.99659424265087
97
1
330

75
0
76
1
47
0.4128176842155181
98
1
10
34.90568961886538
20
22.81183545379326
450
0
451
0
460
0
461
0
452
1
462
1
453
2
463
0
63
5
421
255
463
1
63
7
421
16777215
470
LINEAR
1001
ACAD
1010
0
1020
0
1030
0
0
HATCH
5
6f3
100
AcDbEntity
8
TopPasteMaskLayer
100
AcDbHatch
10
0
20
0
30
0
210
0
220
0
230
1
2
SOLID
70
1
71
0
91
1
92
7
72
0
73
1
93
4
10
14.885039370078857
20
-43.02199644399286
10
14.885039370078857
20
-44.22199644399279
10
13.685039370078812
20
-44.22199644399279
10
13.685039370078812
20
-43.02199644399286
97
1
330

75
0
76
1
47
0.4128176842155181
98
1
10
34.90568961886538
20
22.81183545379326
450
0
451
0
460
0
461
0
452
1
462
1
453
2
463
0
63
5
421
255
463
1
63
7
421
16777215
470
LINEAR
1001
ACAD
1010
0
1020
0
1030
0
0
HATCH
5
6f6
100
AcDbEntity
8
TopLayer
100
AcDbHatch
10
0
20
0
30
0
210
0
220
0
230
1
2
SOLID
70
1
71
0
91
1
92
7
72
0
73
1
93
4
10
14.885039370078857
20
-43.02199644399286
10
14.885039370078857
20
-44.22199644399279
10
13.685039370078812
20
-44.22199644399279
10
13.685039370078812
20
-43.02199644399286
97
1
330

75
0
76
1
47
0.4128176842155181
98
1
10
34.90568961886538
20
22.81183545379326
450
0
451
0
460
0
461
0
452
1
462
1
453
2
463
0
63
5
421
255
463
1
63
7
421
16777215
470
LINEAR
1001
ACAD
1010
0
1020
0
1030
0
0
HATCH
5
6f9
100
AcDbEntity
8
TopSolderMaskLayer
100
AcDbHatch
10
0
20
0
30
0
210
0
220
0
230
1
2
SOLID
70
1
71
0
91
1
92
7
72
0
73
1
93
4
10
14.910439420878902
20
-39.79660069427666
10
14.910439420878902
20
-41.0474007958768
10
13.65963931927854
20
-41.0474007958768
10
13.65963931927854
20
-39.79660069427666
97
1
330

75
0
76
1
47
0.4128176842155181
98
1
10
34.90568961886538
20
22.81183545379326
450
0
451
0
460
0
461
0
452
1
462
1
453
2
463
0
63
5
421
255
463
1
63
7
421
16777215
470
LINEAR
1001
ACAD
1010
0
1020
0
1030
0
0
HATCH
5
6fc
100
AcDbEntity
8
TopPasteMaskLayer
100
AcDbHatch
10
0
20
0
30
0
210
0
220
0
230
1
2
SOLID
70
1
71
0
91
1
92
7
72
0
73
1
93
4
10
14.885039370078857
20
-39.821996443992816
10
14.885039370078857
20
-41.02199644399286
10
13.685039370078812
20
-41.02199644399286
10
13.685039370078812
20
-39.821996443992816
97
1
330

75
0
76
1
47
0.4128176842155181
98
1
10
34.90568961886538
20
22.81183545379326
450
0
451
0
460
0
461
0
452
1
462
1
453
2
463
0
63
5
421
255
463
1
63
7
421
16777215
470
LINEAR
1001
ACAD
1010
0
1020
0
1030
0
0
HATCH
5
6ff
100
AcDbEntity
8
TopLayer
100
AcDbHatch
10
0
20
0
30
0
210
0
220
0
230
1
2
SOLID
70
1
71
0
91
1
92
7
72
0
73
1
93
4
10
14.885039370078857
20
-39.821996443992816
10
14.885039370078857
20
-41.02199644399286
10
13.685039370078812
20
-41.02199644399286
10
13.685039370078812
20
-39.821996443992816
97
1
330

75
0
76
1
47
0.4128176842155181
98
1
10
34.90568961886538
20
22.81183545379326
450
0
451
0
460
0
461
0
452
1
462
1
453
2
463
0
63
5
421
255
463
1
63
7
421
16777215
470
LINEAR
1001
ACAD
1010
0
1020
0
1030
0
0
HATCH
5
702
100
AcDbEntity
8
TopSolderMaskLayer
100
AcDbHatch
10
0
20
0
30
0
210
0
220
0
230
1
2
SOLID
70
1
71
0
91
1
92
7
72
0
73
1
93
4
10
10.44858586384612
20
-3.7519903482509562
10
10.44858586384612
20
-2.7940034545689514
10
11.3725381117506
20
-2.7940034545689514
10
11.3725381117506
20
-3.7519903482509562
97
1
330

75
0
76
1
47
0.4128176842155181
98
1
10
34.90568961886538
20
22.81183545379326
450
0
451
0
460
0
461
0
452
1
462
1
453
2
463
0
63
5
421
255
463
1
63
7
421
16777215
470
LINEAR
1001
ACAD
1010
0
1020
0
1030
0
0
HATCH
5
705
100
AcDbEntity
8
TopLayer
100
AcDbHatch
10
0
20
0
30
0
210
0
220
0
230
1
2
SOLID
70
1
71
0
91
1
92
7
72
0
73
1
93
4
10
10.473990347980589
20
-3.726593853187751
10
10.473990347980589
20
-2.8194056388111903
10
11.34714249428498
20
-2.8194056388111903
10
11.34714249428498
20
-3.726593853187751
97
1
330

75
0
76
1
47
0.4128176842155181
98
1
10
34.90568961886538
20
22.81183545379326
450
0
451
0
460
0
461
0
452
1
462
1
453
2
463
0
63
5
421
255
463
1
63
7
421
16777215
470
LINEAR
1001
ACAD
1010
0
1020
0
1030
0
0
HATCH
5
708
100
AcDbEntity
8
TopSolderMaskLayer
100
AcDbHatch
10
0
20
0
30
0
210
0
220
0
230
1
2
SOLID
70
1
71
0
91
1
92
7
72
0
73
1
93
4
10
10.129405869935908
20
-3.7519903482509562
10
10.129405869935908
20
-2.7940034545689514
10
9.2054536220312
20
-2.7940034545689514
10
9.2054536220312
20
-3.7519903482509562
97
1
330

75
0
76
1
47
0.4128176842155181
98
1
10
34.90568961886538
20
22.81183545379326
450
0
451
0
460
0
461
0
452
1
462
1
453
2
463
0
63
5
421
255
463
1
63
7
421
16777215
470
LINEAR
1001
ACAD
1010
0
1020
0
1030
0
0
HATCH
5
70b
100
AcDbEntity
8
TopLayer
100
AcDbHatch
10
0
20
0
30
0
210
0
220
0
230
1
2
SOLID
70
1
71
0
91
1
92
7
72
0
73
1
93
4
10
10.104013208026345
20
-3.726593853187751
10
10.104013208026345
20
-2.8194056388111903
10
9.23086106172218
20
-2.8194056388111903
10
9.23086106172218
20
-3.726593853187751
97
1
330

75
0
76
1
47
0.4128176842155181
98
1
10
34.90568961886538
20
22.81183545379326
450
0
451
0
460
0
461
0
452
1
462
1
453
2
463
0
63
5
421
255
463
1
63
7
421
16777215
470
LINEAR
1001
ACAD
1010
0
1020
0
1030
0
  0
CIRCLE
  5
739
330
1F
100
AcDbEntity
  8
TopSolderMaskLayer
100
AcDbCircle
 10
0.7849885699770311
 20
-11.517932435864964
 30
0.0
 40
0.5664484065211015
0
HATCH
5
73b
100
AcDbEntity
8
TopSolderMaskLayer
100
AcDbHatch
10
0
20
0
30
0
210
0
220
0
230
1
2
SOLID
70
1
71
0
91
1
92
7
72
0
73
1
93
4
10
1.6604039773544628
20
-10.64252006454683
10
1.6604039773544628
20
-12.39334632521252
10
-0.09042228331122715
20
-12.39334632521252
10
-0.09042228331122715
20
-10.64252006454683
97
1
330

75
0
76
1
47
0.4128176842155181
98
1
10
34.90568961886538
20
22.81183545379326
450
0
451
0
460
0
461
0
452
1
462
1
453
2
463
0
63
5
421
255
463
1
63
7
421
16777215
470
LINEAR
1001
ACAD
1010
0
1020
0
1030
0
  0
CIRCLE
  5
73c
330
1F
100
AcDbEntity
  8
BottomSolderMaskLayer
100
AcDbCircle
 10
0.7849885699770311
 20
-11.517932435864964
 30
0.0
 40
0.5664484065211015
0
HATCH
5
73e
100
AcDbEntity
8
BottomSolderMaskLayer
100
AcDbHatch
10
0
20
0
30
0
210
0
220
0
230
1
2
SOLID
70
1
71
0
91
1
92
7
72
0
73
1
93
4
10
1.6604039773544628
20
-10.64252006454683
10
1.6604039773544628
20
-12.39334632521252
10
-0.09042228331122715
20
-12.39334632521252
10
-0.09042228331122715
20
-10.64252006454683
97
1
330

75
0
76
1
47
0.4128176842155181
98
1
10
34.90568961886538
20
22.81183545379326
450
0
451
0
460
0
461
0
452
1
462
1
453
2
463
0
63
5
421
255
463
1
63
7
421
16777215
470
LINEAR
1001
ACAD
1010
0
1020
0
1030
0
  0
CIRCLE
  5
73f
330
1F
100
AcDbEntity
  8
Multi-Layer
100
AcDbCircle
 10
0.7849885699770311
 20
-11.517932435864964
 30
0.0
 40
0.5500127000254001
0
HATCH
5
741
100
AcDbEntity
8
Multi-Layer
100
AcDbHatch
10
0
20
0
30
0
210
0
220
0
230
1
2
SOLID
70
1
71
0
91
1
92
7
72
0
73
1
93
4
10
1.6350012700024763
20
-10.667919735839519
10
1.6350012700024763
20
-12.367945135890182
10
-0.06502413004818663
20
-12.367945135890182
10
-0.06502413004818663
20
-10.667919735839519
97
1
330

75
0
76
1
47
0.4128176842155181
98
1
10
34.90568961886538
20
22.81183545379326
450
0
451
0
460
0
461
0
452
1
462
1
453
2
463
0
63
5
421
255
463
1
63
7
421
16777215
470
LINEAR
1001
ACAD
1010
0
1020
0
1030
0
  0
CIRCLE
  5
76f
330
1F
100
AcDbEntity
  8
TopSolderMaskLayer
100
AcDbCircle
 10
25.897002794005402
 20
10.624003048006102
 30
0.0
 40
0.5664484065211015
0
HATCH
5
771
100
AcDbEntity
8
TopSolderMaskLayer
100
AcDbHatch
10
0
20
0
30
0
210
0
220
0
230
1
2
SOLID
70
1
71
0
91
1
92
7
72
0
73
1
93
4
10
26.77241820138306
20
9.748587640628898
10
25.021591940716917
20
9.748587640628898
10
25.021591940716917
20
11.499413901294702
10
26.77241820138306
20
11.499413901294702
97
1
330

75
0
76
1
47
0.4128176842155181
98
1
10
34.90568961886538
20
22.81183545379326
450
0
451
0
460
0
461
0
452
1
462
1
453
2
463
0
63
5
421
255
463
1
63
7
421
16777215
470
LINEAR
1001
ACAD
1010
0
1020
0
1030
0
  0
CIRCLE
  5
772
330
1F
100
AcDbEntity
  8
BottomSolderMaskLayer
100
AcDbCircle
 10
25.897002794005402
 20
10.624003048006102
 30
0.0
 40
0.5664484065211015
0
HATCH
5
774
100
AcDbEntity
8
BottomSolderMaskLayer
100
AcDbHatch
10
0
20
0
30
0
210
0
220
0
230
1
2
SOLID
70
1
71
0
91
1
92
7
72
0
73
1
93
4
10
26.77241820138306
20
9.748587640628898
10
25.021591940716917
20
9.748587640628898
10
25.021591940716917
20
11.499413901294702
10
26.77241820138306
20
11.499413901294702
97
1
330

75
0
76
1
47
0.4128176842155181
98
1
10
34.90568961886538
20
22.81183545379326
450
0
451
0
460
0
461
0
452
1
462
1
453
2
463
0
63
5
421
255
463
1
63
7
421
16777215
470
LINEAR
1001
ACAD
1010
0
1020
0
1030
0
  0
CIRCLE
  5
775
330
1F
100
AcDbEntity
  8
Multi-Layer
100
AcDbCircle
 10
25.897002794005402
 20
10.624003048006102
 30
0.0
 40
0.5500127000254001
0
HATCH
5
777
100
AcDbEntity
8
Multi-Layer
100
AcDbHatch
10
0
20
0
30
0
210
0
220
0
230
1
2
SOLID
70
1
71
0
91
1
92
7
72
0
73
1
93
4
10
26.747015494031075
20
9.773990347980657
10
25.046990093980185
20
9.773990347980657
10
25.046990093980185
20
11.474015748031547
10
26.747015494031075
20
11.474015748031547
97
1
330

75
0
76
1
47
0.4128176842155181
98
1
10
34.90568961886538
20
22.81183545379326
450
0
451
0
460
0
461
0
452
1
462
1
453
2
463
0
63
5
421
255
463
1
63
7
421
16777215
470
LINEAR
1001
ACAD
1010
0
1020
0
1030
0
0
HATCH
5
795
100
AcDbEntity
8
TopSolderMaskLayer
100
AcDbHatch
10
0
20
0
30
0
210
0
220
0
230
1
2
SOLID
70
1
71
0
91
1
92
7
72
0
73
1
93
4
10
19.995319939026786
20
-24.948452002893077
10
19.995319939026786
20
-23.912154362239676
10
18.524680223553787
20
-23.912154362239676
10
18.524680223553787
20
-24.948452002893077
97
1
330

75
0
76
1
47
0.4128176842155181
98
1
10
34.90568961886538
20
22.81183545379326
450
0
451
0
460
0
461
0
452
1
462
1
453
2
463
0
63
5
421
255
463
1
63
7
421
16777215
470
LINEAR
1001
ACAD
1010
0
1020
0
1030
0
0
HATCH
5
798
100
AcDbEntity
8
TopPasteMaskLayer
100
AcDbHatch
10
0
20
0
30
0
210
0
220
0
230
1
2
SOLID
70
1
71
0
91
1
92
7
72
0
73
1
93
4
10
19.95976631953272
20
-24.930302260604435
10
19.95976631953272
20
-23.93030226060455
10
18.560223520446925
20
-23.93030226060455
10
18.560223520446925
20
-24.930302260604435
97
1
330

75
0
76
1
47
0.4128176842155181
98
1
10
34.90568961886538
20
22.81183545379326
450
0
451
0
460
0
461
0
452
1
462
1
453
2
463
0
63
5
421
255
463
1
63
7
421
16777215
470
LINEAR
1001
ACAD
1010
0
1020
0
1030
0
0
HATCH
5
79b
100
AcDbEntity
8
TopLayer
100
AcDbHatch
10
0
20
0
30
0
210
0
220
0
230
1
2
SOLID
70
1
71
0
91
1
92
7
72
0
73
1
93
4
10
19.95976631953272
20
-24.930302260604435
10
19.95976631953272
20
-23.93030226060455
10
18.560223520446925
20
-23.93030226060455
10
18.560223520446925
20
-24.930302260604435
97
1
330

75
0
76
1
47
0.4128176842155181
98
1
10
34.90568961886538
20
22.81183545379326
450
0
451
0
460
0
461
0
452
1
462
1
453
2
463
0
63
5
421
255
463
1
63
7
421
16777215
470
LINEAR
1001
ACAD
1010
0
1020
0
1030
0
0
HATCH
5
79e
100
AcDbEntity
8
TopSolderMaskLayer
100
AcDbHatch
10
0
20
0
30
0
210
0
220
0
230
1
2
SOLID
70
1
71
0
91
1
92
7
72
0
73
1
93
4
10
19.995319939026786
20
-21.81157016107136
10
19.995319939026786
20
-22.847867801724647
10
18.524680223553787
20
-22.847867801724647
10
18.524680223553787
20
-21.81157016107136
97
1
330

75
0
76
1
47
0.4128176842155181
98
1
10
34.90568961886538
20
22.81183545379326
450
0
451
0
460
0
461
0
452
1
462
1
453
2
463
0
63
5
421
255
463
1
63
7
421
16777215
470
LINEAR
1001
ACAD
1010
0
1020
0
1030
0
0
HATCH
5
7a1
100
AcDbEntity
8
TopPasteMaskLayer
100
AcDbHatch
10
0
20
0
30
0
210
0
220
0
230
1
2
SOLID
70
1
71
0
91
1
92
7
72
0
73
1
93
4
10
19.95976631953272
20
-21.829718059436118
10
19.95976631953272
20
-22.829718059436118
10
18.560223520446925
20
-22.829718059436118
10
18.560223520446925
20
-21.829718059436118
97
1
330

75
0
76
1
47
0.4128176842155181
98
1
10
34.90568961886538
20
22.81183545379326
450
0
451
0
460
0
461
0
452
1
462
1
453
2
463
0
63
5
421
255
463
1
63
7
421
16777215
470
LINEAR
1001
ACAD
1010
0
1020
0
1030
0
0
HATCH
5
7a4
100
AcDbEntity
8
TopLayer
100
AcDbHatch
10
0
20
0
30
0
210
0
220
0
230
1
2
SOLID
70
1
71
0
91
1
92
7
72
0
73
1
93
4
10
19.95976631953272
20
-21.829718059436118
10
19.95976631953272
20
-22.829718059436118
10
18.560223520446925
20
-22.829718059436118
10
18.560223520446925
20
-21.829718059436118
97
1
330

75
0
76
1
47
0.4128176842155181
98
1
10
34.90568961886538
20
22.81183545379326
450
0
451
0
460
0
461
0
452
1
462
1
453
2
463
0
63
5
421
255
463
1
63
7
421
16777215
470
LINEAR
1001
ACAD
1010
0
1020
0
1030
0
0
HATCH
5
7a7
100
AcDbEntity
8
TopSolderMaskLayer
100
AcDbHatch
10
0
20
0
30
0
210
0
220
0
230
1
2
SOLID
70
1
71
0
91
1
92
7
72
0
73
1
93
4
10
22.395317358376587
20
-24.995442096873262
10
22.395317358376587
20
-23.95914445621986
10
20.92467764290359
20
-23.95914445621986
10
20.92467764290359
20
-24.995442096873262
97
1
330

75
0
76
1
47
0.4128176842155181
98
1
10
34.90568961886538
20
22.81183545379326
450
0
451
0
460
0
461
0
452
1
462
1
453
2
463
0
63
5
421
255
463
1
63
7
421
16777215
470
LINEAR
1001
ACAD
1010
0
1020
0
1030
0
0
HATCH
5
7aa
100
AcDbEntity
8
TopPasteMaskLayer
100
AcDbHatch
10
0
20
0
30
0
210
0
220
0
230
1
2
SOLID
70
1
71
0
91
1
92
7
72
0
73
1
93
4
10
22.359766319532582
20
-24.97729235458462
10
22.359766319532582
20
-23.977292354584733
10
20.960223520447016
20
-23.977292354584733
10
20.960223520447016
20
-24.97729235458462
97
1
330

75
0
76
1
47
0.4128176842155181
98
1
10
34.90568961886538
20
22.81183545379326
450
0
451
0
460
0
461
0
452
1
462
1
453
2
463
0
63
5
421
255
463
1
63
7
421
16777215
470
LINEAR
1001
ACAD
1010
0
1020
0
1030
0
0
HATCH
5
7ad
100
AcDbEntity
8
TopLayer
100
AcDbHatch
10
0
20
0
30
0
210
0
220
0
230
1
2
SOLID
70
1
71
0
91
1
92
7
72
0
73
1
93
4
10
22.359766319532582
20
-24.97729235458462
10
22.359766319532582
20
-23.977292354584733
10
20.960223520447016
20
-23.977292354584733
10
20.960223520447016
20
-24.97729235458462
97
1
330

75
0
76
1
47
0.4128176842155181
98
1
10
34.90568961886538
20
22.81183545379326
450
0
451
0
460
0
461
0
452
1
462
1
453
2
463
0
63
5
421
255
463
1
63
7
421
16777215
470
LINEAR
1001
ACAD
1010
0
1020
0
1030
0
0
HATCH
5
7b0
100
AcDbEntity
8
TopSolderMaskLayer
100
AcDbHatch
10
0
20
0
30
0
210
0
220
0
230
1
2
SOLID
70
1
71
0
91
1
92
7
72
0
73
1
93
4
10
22.395317358376587
20
-21.858560255051543
10
22.395317358376587
20
-22.89485789570483
10
20.92467764290359
20
-22.89485789570483
10
20.92467764290359
20
-21.858560255051543
97
1
330

75
0
76
1
47
0.4128176842155181
98
1
10
34.90568961886538
20
22.81183545379326
450
0
451
0
460
0
461
0
452
1
462
1
453
2
463
0
63
5
421
255
463
1
63
7
421
16777215
470
LINEAR
1001
ACAD
1010
0
1020
0
1030
0
0
HATCH
5
7b3
100
AcDbEntity
8
TopPasteMaskLayer
100
AcDbHatch
10
0
20
0
30
0
210
0
220
0
230
1
2
SOLID
70
1
71
0
91
1
92
7
72
0
73
1
93
4
10
22.359766319532582
20
-21.876708153416303
10
22.359766319532582
20
-22.876708153416303
10
20.960223520447016
20
-22.876708153416303
10
20.960223520447016
20
-21.876708153416303
97
1
330

75
0
76
1
47
0.4128176842155181
98
1
10
34.90568961886538
20
22.81183545379326
450
0
451
0
460
0
461
0
452
1
462
1
453
2
463
0
63
5
421
255
463
1
63
7
421
16777215
470
LINEAR
1001
ACAD
1010
0
1020
0
1030
0
0
HATCH
5
7b6
100
AcDbEntity
8
TopLayer
100
AcDbHatch
10
0
20
0
30
0
210
0
220
0
230
1
2
SOLID
70
1
71
0
91
1
92
7
72
0
73
1
93
4
10
22.359766319532582
20
-21.876708153416303
10
22.359766319532582
20
-22.876708153416303
10
20.960223520447016
20
-22.876708153416303
10
20.960223520447016
20
-21.876708153416303
97
1
330

75
0
76
1
47
0.4128176842155181
98
1
10
34.90568961886538
20
22.81183545379326
450
0
451
0
460
0
461
0
452
1
462
1
453
2
463
0
63
5
421
255
463
1
63
7
421
16777215
470
LINEAR
1001
ACAD
1010
0
1020
0
1030
0
0
HATCH
5
7b9
100
AcDbEntity
8
TopSolderMaskLayer
100
AcDbHatch
10
0
20
0
30
0
210
0
220
0
230
1
2
SOLID
70
1
71
0
91
1
92
7
72
0
73
1
93
4
10
30.0243164744395
20
-25.239431297011492
10
30.0243164744395
20
-24.203133656357977
10
28.553676758966503
20
-24.203133656357977
10
28.553676758966503
20
-25.239431297011492
97
1
330

75
0
76
1
47
0.4128176842155181
98
1
10
34.90568961886538
20
22.81183545379326
450
0
451
0
460
0
461
0
452
1
462
1
453
2
463
0
63
5
421
255
463
1
63
7
421
16777215
470
LINEAR
1001
ACAD
1010
0
1020
0
1030
0
0
HATCH
5
7bc
100
AcDbEntity
8
TopPasteMaskLayer
100
AcDbHatch
10
0
20
0
30
0
210
0
220
0
230
1
2
SOLID
70
1
71
0
91
1
92
7
72
0
73
1
93
4
10
29.988773177546364
20
-25.221285242570502
10
29.988773177546364
20
-24.22128524257039
10
28.58923037846057
20
-24.22128524257039
10
28.58923037846057
20
-25.221285242570502
97
1
330

75
0
76
1
47
0.4128176842155181
98
1
10
34.90568961886538
20
22.81183545379326
450
0
451
0
460
0
461
0
452
1
462
1
453
2
463
0
63
5
421
255
463
1
63
7
421
16777215
470
LINEAR
1001
ACAD
1010
0
1020
0
1030
0
0
HATCH
5
7bf
100
AcDbEntity
8
TopLayer
100
AcDbHatch
10
0
20
0
30
0
210
0
220
0
230
1
2
SOLID
70
1
71
0
91
1
92
7
72
0
73
1
93
4
10
29.988773177546364
20
-25.221285242570502
10
29.988773177546364
20
-24.22128524257039
10
28.58923037846057
20
-24.22128524257039
10
28.58923037846057
20
-25.221285242570502
97
1
330

75
0
76
1
47
0.4128176842155181
98
1
10
34.90568961886538
20
22.81183545379326
450
0
451
0
460
0
461
0
452
1
462
1
453
2
463
0
63
5
421
255
463
1
63
7
421
16777215
470
LINEAR
1001
ACAD
1010
0
1020
0
1030
0
0
HATCH
5
7c2
100
AcDbEntity
8
TopSolderMaskLayer
100
AcDbHatch
10
0
20
0
30
0
210
0
220
0
230
1
2
SOLID
70
1
71
0
91
1
92
7
72
0
73
1
93
4
10
30.0243164744395
20
-22.10254945518966
10
30.0243164744395
20
-23.138847095842948
10
28.553676758966503
20
-23.138847095842948
10
28.553676758966503
20
-22.10254945518966
97
1
330

75
0
76
1
47
0.4128176842155181
98
1
10
34.90568961886538
20
22.81183545379326
450
0
451
0
460
0
461
0
452
1
462
1
453
2
463
0
63
5
421
255
463
1
63
7
421
16777215
470
LINEAR
1001
ACAD
1010
0
1020
0
1030
0
0
HATCH
5
7c5
100
AcDbEntity
8
TopPasteMaskLayer
100
AcDbHatch
10
0
20
0
30
0
210
0
220
0
230
1
2
SOLID
70
1
71
0
91
1
92
7
72
0
73
1
93
4
10
29.988773177546364
20
-22.12070104140207
10
29.988773177546364
20
-23.120701041401958
10
28.58923037846057
20
-23.120701041401958
10
28.58923037846057
20
-22.12070104140207
97
1
330

75
0
76
1
47
0.4128176842155181
98
1
10
34.90568961886538
20
22.81183545379326
450
0
451
0
460
0
461
0
452
1
462
1
453
2
463
0
63
5
421
255
463
1
63
7
421
16777215
470
LINEAR
1001
ACAD
1010
0
1020
0
1030
0
0
HATCH
5
7c8
100
AcDbEntity
8
TopLayer
100
AcDbHatch
10
0
20
0
30
0
210
0
220
0
230
1
2
SOLID
70
1
71
0
91
1
92
7
72
0
73
1
93
4
10
29.988773177546364
20
-22.12070104140207
10
29.988773177546364
20
-23.120701041401958
10
28.58923037846057
20
-23.120701041401958
10
28.58923037846057
20
-22.12070104140207
97
1
330

75
0
76
1
47
0.4128176842155181
98
1
10
34.90568961886538
20
22.81183545379326
450
0
451
0
460
0
461
0
452
1
462
1
453
2
463
0
63
5
421
255
463
1
63
7
421
16777215
470
LINEAR
1001
ACAD
1010
0
1020
0
1030
0
0
HATCH
5
7cb
100
AcDbEntity
8
TopSolderMaskLayer
100
AcDbHatch
10
0
20
0
30
0
210
0
220
0
230
1
2
SOLID
70
1
71
0
91
1
92
7
72
0
73
1
93
4
10
30.902673456959974
20
-2.6955708949529935
10
30.902673456959974
20
-3.731868535606395
10
32.37331317243297
20
-3.731868535606395
10
32.37331317243297
20
-2.6955708949529935
97
1
330

75
0
76
1
47
0.4128176842155181
98
1
10
34.90568961886538
20
22.81183545379326
450
0
451
0
460
0
461
0
452
1
462
1
453
2
463
0
63
5
421
255
463
1
63
7
421
16777215
470
LINEAR
1001
ACAD
1010
0
1020
0
1030
0
0
HATCH
5
7ce
100
AcDbEntity
8
TopPasteMaskLayer
100
AcDbHatch
10
0
20
0
30
0
210
0
220
0
230
1
2
SOLID
70
1
71
0
91
1
92
7
72
0
73
1
93
4
10
30.938227076454268
20
-2.713716027432042
10
30.938227076454268
20
-3.713716027432042
10
32.337769875539834
20
-3.713716027432042
10
32.337769875539834
20
-2.713716027432042
97
1
330

75
0
76
1
47
0.4128176842155181
98
1
10
34.90568961886538
20
22.81183545379326
450
0
451
0
460
0
461
0
452
1
462
1
453
2
463
0
63
5
421
255
463
1
63
7
421
16777215
470
LINEAR
1001
ACAD
1010
0
1020
0
1030
0
0
HATCH
5
7d1
100
AcDbEntity
8
TopLayer
100
AcDbHatch
10
0
20
0
30
0
210
0
220
0
230
1
2
SOLID
70
1
71
0
91
1
92
7
72
0
73
1
93
4
10
30.938227076454268
20
-2.713716027432042
10
30.938227076454268
20
-3.713716027432042
10
32.337769875539834
20
-3.713716027432042
10
32.337769875539834
20
-2.713716027432042
97
1
330

75
0
76
1
47
0.4128176842155181
98
1
10
34.90568961886538
20
22.81183545379326
450
0
451
0
460
0
461
0
452
1
462
1
453
2
463
0
63
5
421
255
463
1
63
7
421
16777215
470
LINEAR
1001
ACAD
1010
0
1020
0
1030
0
0
HATCH
5
7d4
100
AcDbEntity
8
TopSolderMaskLayer
100
AcDbHatch
10
0
20
0
30
0
210
0
220
0
230
1
2
SOLID
70
1
71
0
91
1
92
7
72
0
73
1
93
4
10
30.902673456959974
20
-5.832452736774826
10
30.902673456959974
20
-4.796155096121424
10
32.37331317243297
20
-4.796155096121424
10
32.37331317243297
20
-5.832452736774826
97
1
330

75
0
76
1
47
0.4128176842155181
98
1
10
34.90568961886538
20
22.81183545379326
450
0
451
0
460
0
461
0
452
1
462
1
453
2
463
0
63
5
421
255
463
1
63
7
421
16777215
470
LINEAR
1001
ACAD
1010
0
1020
0
1030
0
0
HATCH
5
7d7
100
AcDbEntity
8
TopPasteMaskLayer
100
AcDbHatch
10
0
20
0
30
0
210
0
220
0
230
1
2
SOLID
70
1
71
0
91
1
92
7
72
0
73
1
93
4
10
30.938227076454268
20
-5.814300228600359
10
30.938227076454268
20
-4.814300228600473
10
32.337769875539834
20
-4.814300228600473
10
32.337769875539834
20
-5.814300228600359
97
1
330

75
0
76
1
47
0.4128176842155181
98
1
10
34.90568961886538
20
22.81183545379326
450
0
451
0
460
0
461
0
452
1
462
1
453
2
463
0
63
5
421
255
463
1
63
7
421
16777215
470
LINEAR
1001
ACAD
1010
0
1020
0
1030
0
0
HATCH
5
7da
100
AcDbEntity
8
TopLayer
100
AcDbHatch
10
0
20
0
30
0
210
0
220
0
230
1
2
SOLID
70
1
71
0
91
1
92
7
72
0
73
1
93
4
10
30.938227076454268
20
-5.814300228600359
10
30.938227076454268
20
-4.814300228600473
10
32.337769875539834
20
-4.814300228600473
10
32.337769875539834
20
-5.814300228600359
97
1
330

75
0
76
1
47
0.4128176842155181
98
1
10
34.90568961886538
20
22.81183545379326
450
0
451
0
460
0
461
0
452
1
462
1
453
2
463
0
63
5
421
255
463
1
63
7
421
16777215
470
LINEAR
1001
ACAD
1010
0
1020
0
1030
0
0
HATCH
5
7dd
100
AcDbEntity
8
TopSolderMaskLayer
100
AcDbHatch
10
0
20
0
30
0
210
0
220
0
230
1
2
SOLID
70
1
71
0
91
1
92
7
72
0
73
1
93
4
10
28.531685476274333
20
-2.6955708949529935
10
28.531685476274333
20
-3.731868535606395
10
30.002325191747104
20
-3.731868535606395
10
30.002325191747104
20
-2.6955708949529935
97
1
330

75
0
76
1
47
0.4128176842155181
98
1
10
34.90568961886538
20
22.81183545379326
450
0
451
0
460
0
461
0
452
1
462
1
453
2
463
0
63
5
421
255
463
1
63
7
421
16777215
470
LINEAR
1001
ACAD
1010
0
1020
0
1030
0
0
HATCH
5
7e0
100
AcDbEntity
8
TopPasteMaskLayer
100
AcDbHatch
10
0
20
0
30
0
210
0
220
0
230
1
2
SOLID
70
1
71
0
91
1
92
7
72
0
73
1
93
4
10
28.567233934467822
20
-2.713716027432042
10
28.567233934467822
20
-3.713716027432042
10
29.966776733553388
20
-3.713716027432042
10
29.966776733553388
20
-2.713716027432042
97
1
330

75
0
76
1
47
0.4128176842155181
98
1
10
34.90568961886538
20
22.81183545379326
450
0
451
0
460
0
461
0
452
1
462
1
453
2
463
0
63
5
421
255
463
1
63
7
421
16777215
470
LINEAR
1001
ACAD
1010
0
1020
0
1030
0
0
HATCH
5
7e3
100
AcDbEntity
8
TopLayer
100
AcDbHatch
10
0
20
0
30
0
210
0
220
0
230
1
2
SOLID
70
1
71
0
91
1
92
7
72
0
73
1
93
4
10
28.567233934467822
20
-2.713716027432042
10
28.567233934467822
20
-3.713716027432042
10
29.966776733553388
20
-3.713716027432042
10
29.966776733553388
20
-2.713716027432042
97
1
330

75
0
76
1
47
0.4128176842155181
98
1
10
34.90568961886538
20
22.81183545379326
450
0
451
0
460
0
461
0
452
1
462
1
453
2
463
0
63
5
421
255
463
1
63
7
421
16777215
470
LINEAR
1001
ACAD
1010
0
1020
0
1030
0
0
HATCH
5
7e6
100
AcDbEntity
8
TopSolderMaskLayer
100
AcDbHatch
10
0
20
0
30
0
210
0
220
0
230
1
2
SOLID
70
1
71
0
91
1
92
7
72
0
73
1
93
4
10
28.531685476274333
20
-5.832452736774826
10
28.531685476274333
20
-4.796155096121424
10
30.002325191747104
20
-4.796155096121424
10
30.002325191747104
20
-5.832452736774826
97
1
330

75
0
76
1
47
0.4128176842155181
98
1
10
34.90568961886538
20
22.81183545379326
450
0
451
0
460
0
461
0
452
1
462
1
453
2
463
0
63
5
421
255
463
1
63
7
421
16777215
470
LINEAR
1001
ACAD
1010
0
1020
0
1030
0
0
HATCH
5
7e9
100
AcDbEntity
8
TopPasteMaskLayer
100
AcDbHatch
10
0
20
0
30
0
210
0
220
0
230
1
2
SOLID
70
1
71
0
91
1
92
7
72
0
73
1
93
4
10
28.567233934467822
20
-5.814300228600359
10
28.567233934467822
20
-4.814300228600473
10
29.966776733553388
20
-4.814300228600473
10
29.966776733553388
20
-5.814300228600359
97
1
330

75
0
76
1
47
0.4128176842155181
98
1
10
34.90568961886538
20
22.81183545379326
450
0
451
0
460
0
461
0
452
1
462
1
453
2
463
0
63
5
421
255
463
1
63
7
421
16777215
470
LINEAR
1001
ACAD
1010
0
1020
0
1030
0
0
HATCH
5
7ec
100
AcDbEntity
8
TopLayer
100
AcDbHatch
10
0
20
0
30
0
210
0
220
0
230
1
2
SOLID
70
1
71
0
91
1
92
7
72
0
73
1
93
4
10
28.567233934467822
20
-5.814300228600359
10
28.567233934467822
20
-4.814300228600473
10
29.966776733553388
20
-4.814300228600473
10
29.966776733553388
20
-5.814300228600359
97
1
330

75
0
76
1
47
0.4128176842155181
98
1
10
34.90568961886538
20
22.81183545379326
450
0
451
0
460
0
461
0
452
1
462
1
453
2
463
0
63
5
421
255
463
1
63
7
421
16777215
470
LINEAR
1001
ACAD
1010
0
1020
0
1030
0
0
HATCH
5
7ef
100
AcDbEntity
8
TopSolderMaskLayer
100
AcDbHatch
10
0
20
0
30
0
210
0
220
0
230
1
2
SOLID
70
1
71
0
91
1
92
7
72
0
73
1
93
4
10
40.812618225412734
20
-28.155397510794955
10
40.812618225412734
20
-27.240589281178586
10
41.66989533996707
20
-27.240589281178586
10
41.66989533996707
20
-28.155397510794955
97
1
330

75
0
76
1
47
0.4128176842155181
98
1
10
34.90568961886538
20
22.81183545379326
450
0
451
0
460
0
461
0
452
1
462
1
453
2
463
0
63
5
421
255
463
1
63
7
421
16777215
470
LINEAR
1001
ACAD
1010
0
1020
0
1030
0
0
HATCH
5
7f2
100
AcDbEntity
8
TopLayer
100
AcDbHatch
10
0
20
0
30
0
210
0
220
0
230
1
2
SOLID
70
1
71
0
91
1
92
7
72
0
73
1
93
4
10
40.8380238760476
20
-28.12999745999491
10
40.8380238760476
20
-27.26598933197863
10
41.64450088900185
20
-27.26598933197863
10
41.64450088900185
20
-28.12999745999491
97
1
330

75
0
76
1
47
0.4128176842155181
98
1
10
34.90568961886538
20
22.81183545379326
450
0
451
0
460
0
461
0
452
1
462
1
453
2
463
0
63
5
421
255
463
1
63
7
421
16777215
470
LINEAR
1001
ACAD
1010
0
1020
0
1030
0
0
HATCH
5
7f5
100
AcDbEntity
8
TopSolderMaskLayer
100
AcDbHatch
10
0
20
0
30
0
210
0
220
0
230
1
2
SOLID
70
1
71
0
91
1
92
7
72
0
73
1
93
4
10
40.16339132700955
20
-28.155397510794955
10
40.16339132700955
20
-27.240589281178586
10
39.306114212454986
20
-27.240589281178586
10
39.306114212454986
20
-28.155397510794955
97
1
330

75
0
76
1
47
0.4128176842155181
98
1
10
34.90568961886538
20
22.81183545379326
450
0
451
0
460
0
461
0
452
1
462
1
453
2
463
0
63
5
421
255
463
1
63
7
421
16777215
470
LINEAR
1001
ACAD
1010
0
1020
0
1030
0
0
HATCH
5
7f8
100
AcDbEntity
8
TopLayer
100
AcDbHatch
10
0
20
0
30
0
210
0
220
0
230
1
2
SOLID
70
1
71
0
91
1
92
7
72
0
73
1
93
4
10
40.13799847599694
20
-28.12999745999491
10
40.13799847599694
20
-27.26598933197863
10
39.33152146304292
20
-27.26598933197863
10
39.33152146304292
20
-28.12999745999491
97
1
330

75
0
76
1
47
0.4128176842155181
98
1
10
34.90568961886538
20
22.81183545379326
450
0
451
0
460
0
461
0
452
1
462
1
453
2
463
0
63
5
421
255
463
1
63
7
421
16777215
470
LINEAR
1001
ACAD
1010
0
1020
0
1030
0
0
HATCH
5
7fb
100
AcDbEntity
8
TopSolderMaskLayer
100
AcDbHatch
10
0
20
0
30
0
210
0
220
0
230
1
2
SOLID
70
1
71
0
91
1
92
7
72
0
73
1
93
4
10
19.67121128515214
20
-27.85170334461077
10
18.752779162425668
20
-27.85170334461077
10
18.752779162425668
20
-26.99780882148775
10
19.67121128515214
20
-26.99780882148775
97
1
330

75
0
76
1
47
0.4128176842155181
98
1
10
34.90568961886538
20
22.81183545379326
450
0
451
0
460
0
461
0
452
1
462
1
453
2
463
0
63
5
421
255
463
1
63
7
421
16777215
470
LINEAR
1001
ACAD
1010
0
1020
0
1030
0
0
HATCH
5
7fe
100
AcDbEntity
8
TopLayer
100
AcDbHatch
10
0
20
0
30
0
210
0
220
0
230
1
2
SOLID
70
1
71
0
91
1
92
7
72
0
73
1
93
4
10
19.64399288798586
20
-27.827990855981625
10
18.779984759969466
20
-27.827990855981625
10
18.779984759969466
20
-27.021513843027606
10
19.64399288798586
20
-27.021513843027606
97
1
330

75
0
76
1
47
0.4128176842155181
98
1
10
34.90568961886538
20
22.81183545379326
450
0
451
0
460
0
461
0
452
1
462
1
453
2
463
0
63
5
421
255
463
1
63
7
421
16777215
470
LINEAR
1001
ACAD
1010
0
1020
0
1030
0
0
HATCH
5
801
100
AcDbEntity
8
TopSolderMaskLayer
100
AcDbHatch
10
0
20
0
30
0
210
0
220
0
230
1
2
SOLID
70
1
71
0
91
1
92
7
72
0
73
1
93
4
10
19.67121128515214
20
-28.504312727910587
10
18.752779162425668
20
-28.504312727910587
10
18.752779162425668
20
-29.35820725103349
10
19.67121128515214
20
-29.35820725103349
97
1
330

75
0
76
1
47
0.4128176842155181
98
1
10
34.90568961886538
20
22.81183545379326
450
0
451
0
460
0
461
0
452
1
462
1
453
2
463
0
63
5
421
255
463
1
63
7
421
16777215
470
LINEAR
1001
ACAD
1010
0
1020
0
1030
0
0
HATCH
5
804
100
AcDbEntity
8
TopLayer
100
AcDbHatch
10
0
20
0
30
0
210
0
220
0
230
1
2
SOLID
70
1
71
0
91
1
92
7
72
0
73
1
93
4
10
19.64399288798586
20
-28.528016256032515
10
18.779984759969466
20
-28.528016256032515
10
18.779984759969466
20
-29.334493268986535
10
19.64399288798586
20
-29.334493268986535
97
1
330

75
0
76
1
47
0.4128176842155181
98
1
10
34.90568961886538
20
22.81183545379326
450
0
451
0
460
0
461
0
452
1
462
1
453
2
463
0
63
5
421
255
463
1
63
7
421
16777215
470
LINEAR
1001
ACAD
1010
0
1020
0
1030
0
0
HATCH
5
807
100
AcDbEntity
8
TopSolderMaskLayer
100
AcDbHatch
10
0
20
0
30
0
210
0
220
0
230
1
2
SOLID
70
1
71
0
91
1
92
7
72
0
73
1
93
4
10
22.10123414519785
20
-27.832707093447993
10
21.182802022471378
20
-27.832707093447993
10
21.182802022471378
20
-26.978812570324976
10
22.10123414519785
20
-26.978812570324976
97
1
330

75
0
76
1
47
0.4128176842155181
98
1
10
34.90568961886538
20
22.81183545379326
450
0
451
0
460
0
461
0
452
1
462
1
453
2
463
0
63
5
421
255
463
1
63
7
421
16777215
470
LINEAR
1001
ACAD
1010
0
1020
0
1030
0
0
HATCH
5
80a
100
AcDbEntity
8
TopLayer
100
AcDbHatch
10
0
20
0
30
0
210
0
220
0
230
1
2
SOLID
70
1
71
0
91
1
92
7
72
0
73
1
93
4
10
22.07401574803157
20
-27.808991617983224
10
21.210007620015176
20
-27.808991617983224
10
21.210007620015176
20
-27.002514605029205
10
22.07401574803157
20
-27.002514605029205
97
1
330

75
0
76
1
47
0.4128176842155181
98
1
10
34.90568961886538
20
22.81183545379326
450
0
451
0
460
0
461
0
452
1
462
1
453
2
463
0
63
5
421
255
463
1
63
7
421
16777215
470
LINEAR
1001
ACAD
1010
0
1020
0
1030
0
0
HATCH
5
80d
100
AcDbEntity
8
TopSolderMaskLayer
100
AcDbHatch
10
0
20
0
30
0
210
0
220
0
230
1
2
SOLID
70
1
71
0
91
1
92
7
72
0
73
1
93
4
10
22.10123414519785
20
-28.485301542569232
10
21.182802022471378
20
-28.485301542569232
10
21.182802022471378
20
-29.33919606569225
10
22.10123414519785
20
-29.33919606569225
97
1
330

75
0
76
1
47
0.4128176842155181
98
1
10
34.90568961886538
20
22.81183545379326
450
0
451
0
460
0
461
0
452
1
462
1
453
2
463
0
63
5
421
255
463
1
63
7
421
16777215
470
LINEAR
1001
ACAD
1010
0
1020
0
1030
0
0
HATCH
5
810
100
AcDbEntity
8
TopLayer
100
AcDbHatch
10
0
20
0
30
0
210
0
220
0
230
1
2
SOLID
70
1
71
0
91
1
92
7
72
0
73
1
93
4
10
22.07401574803157
20
-28.509017018034
10
21.210007620015176
20
-28.509017018034
10
21.210007620015176
20
-29.315494030988134
10
22.07401574803157
20
-29.315494030988134
97
1
330

75
0
76
1
47
0.4128176842155181
98
1
10
34.90568961886538
20
22.81183545379326
450
0
451
0
460
0
461
0
452
1
462
1
453
2
463
0
63
5
421
255
463
1
63
7
421
16777215
470
LINEAR
1001
ACAD
1010
0
1020
0
1030
0
0
HATCH
5
813
100
AcDbEntity
8
TopSolderMaskLayer
100
AcDbHatch
10
0
20
0
30
0
210
0
220
0
230
1
2
SOLID
70
1
71
0
91
1
92
7
72
0
73
1
93
4
10
29.742223427377667
20
-27.848709125452046
10
28.82379130465165
20
-27.848709125452046
10
28.82379130465165
20
-26.994814602329143
10
29.742223427377667
20
-26.994814602329143
97
1
330

75
0
76
1
47
0.4128176842155181
98
1
10
34.90568961886538
20
22.81183545379326
450
0
451
0
460
0
461
0
452
1
462
1
453
2
463
0
63
5
421
255
463
1
63
7
421
16777215
470
LINEAR
1001
ACAD
1010
0
1020
0
1030
0
0
HATCH
5
816
100
AcDbEntity
8
TopLayer
100
AcDbHatch
10
0
20
0
30
0
210
0
220
0
230
1
2
SOLID
70
1
71
0
91
1
92
7
72
0
73
1
93
4
10
29.71501143002274
20
-27.824993649987277
10
28.851003302006575
20
-27.824993649987277
10
28.851003302006575
20
-27.018516637033258
10
29.71501143002274
20
-27.018516637033258
97
1
330

75
0
76
1
47
0.4128176842155181
98
1
10
34.90568961886538
20
22.81183545379326
450
0
451
0
460
0
461
0
452
1
462
1
453
2
463
0
63
5
421
255
463
1
63
7
421
16777215
470
LINEAR
1001
ACAD
1010
0
1020
0
1030
0
0
HATCH
5
819
100
AcDbEntity
8
TopSolderMaskLayer
100
AcDbHatch
10
0
20
0
30
0
210
0
220
0
230
1
2
SOLID
70
1
71
0
91
1
92
7
72
0
73
1
93
4
10
29.742223427377667
20
-28.501303574573285
10
28.82379130465165
20
-28.501303574573285
10
28.82379130465165
20
-29.355198097696302
10
29.742223427377667
20
-29.355198097696302
97
1
330

75
0
76
1
47
0.4128176842155181
98
1
10
34.90568961886538
20
22.81183545379326
450
0
451
0
460
0
461
0
452
1
462
1
453
2
463
0
63
5
421
255
463
1
63
7
421
16777215
470
LINEAR
1001
ACAD
1010
0
1020
0
1030
0
0
HATCH
5
81c
100
AcDbEntity
8
TopLayer
100
AcDbHatch
10
0
20
0
30
0
210
0
220
0
230
1
2
SOLID
70
1
71
0
91
1
92
7
72
0
73
1
93
4
10
29.71501143002274
20
-28.525019050038054
10
28.851003302006575
20
-28.525019050038054
10
28.851003302006575
20
-29.331496062992073
10
29.71501143002274
20
-29.331496062992073
97
1
330

75
0
76
1
47
0.4128176842155181
98
1
10
34.90568961886538
20
22.81183545379326
450
0
451
0
460
0
461
0
452
1
462
1
453
2
463
0
63
5
421
255
463
1
63
7
421
16777215
470
LINEAR
1001
ACAD
1010
0
1020
0
1030
0
0
HATCH
5
81f
100
AcDbEntity
8
TopSolderMaskLayer
100
AcDbHatch
10
0
20
0
30
0
210
0
220
0
230
1
2
SOLID
70
1
71
0
91
1
92
7
72
0
73
1
93
4
10
31.179765016851206
20
-0.21731904733792362
10
32.098197139576996
20
-0.21731904733792362
10
32.098197139576996
20
-1.071213570460941
10
31.179765016851206
20
-1.071213570460941
97
1
330

75
0
76
1
47
0.4128176842155181
98
1
10
34.90568961886538
20
22.81183545379326
450
0
451
0
460
0
461
0
452
1
462
1
453
2
463
0
63
5
421
255
463
1
63
7
421
16777215
470
LINEAR
1001
ACAD
1010
0
1020
0
1030
0
0
HATCH
5
822
100
AcDbEntity
8
TopLayer
100
AcDbHatch
10
0
20
0
30
0
210
0
220
0
230
1
2
SOLID
70
1
71
0
91
1
92
7
72
0
73
1
93
4
10
31.206985013970097
20
-0.24102108204215256
10
32.070993141986264
20
-0.24102108204215256
10
32.070993141986264
20
-1.0474980949961719
10
31.206985013970097
20
-1.0474980949961719
97
1
330

75
0
76
1
47
0.4128176842155181
98
1
10
34.90568961886538
20
22.81183545379326
450
0
451
0
460
0
461
0
452
1
462
1
453
2
463
0
63
5
421
255
463
1
63
7
421
16777215
470
LINEAR
1001
ACAD
1010
0
1020
0
1030
0
0
HATCH
5
825
100
AcDbEntity
8
TopSolderMaskLayer
100
AcDbHatch
10
0
20
0
30
0
210
0
220
0
230
1
2
SOLID
70
1
71
0
91
1
92
7
72
0
73
1
93
4
10
31.179765016851206
20
0.43529033596166755
10
32.098197139576996
20
0.43529033596166755
10
32.098197139576996
20
1.2891848590846848
10
31.179765016851206
20
1.2891848590846848
97
1
330

75
0
76
1
47
0.4128176842155181
98
1
10
34.90568961886538
20
22.81183545379326
450
0
451
0
460
0
461
0
452
1
462
1
453
2
463
0
63
5
421
255
463
1
63
7
421
16777215
470
LINEAR
1001
ACAD
1010
0
1020
0
1030
0
0
HATCH
5
828
100
AcDbEntity
8
TopLayer
100
AcDbHatch
10
0
20
0
30
0
210
0
220
0
230
1
2
SOLID
70
1
71
0
91
1
92
7
72
0
73
1
93
4
10
31.206985013970097
20
0.45900431800862407
10
32.070993141986264
20
0.45900431800862407
10
32.070993141986264
20
1.2654813309626434
10
31.206985013970097
20
1.2654813309626434
97
1
330

75
0
76
1
47
0.4128176842155181
98
1
10
34.90568961886538
20
22.81183545379326
450
0
451
0
460
0
461
0
452
1
462
1
453
2
463
0
63
5
421
255
463
1
63
7
421
16777215
470
LINEAR
1001
ACAD
1010
0
1020
0
1030
0
0
HATCH
5
82b
100
AcDbEntity
8
TopSolderMaskLayer
100
AcDbHatch
10
0
20
0
30
0
210
0
220
0
230
1
2
SOLID
70
1
71
0
91
1
92
7
72
0
73
1
93
4
10
28.8177762924704
20
-0.2292959239728134
10
29.736208415196643
20
-0.2292959239728134
10
29.736208415196643
20
-1.0831904470958307
10
28.8177762924704
20
-1.0831904470958307
97
1
330

75
0
76
1
47
0.4128176842155181
98
1
10
34.90568961886538
20
22.81183545379326
450
0
451
0
460
0
461
0
452
1
462
1
453
2
463
0
63
5
421
255
463
1
63
7
421
16777215
470
LINEAR
1001
ACAD
1010
0
1020
0
1030
0
0
HATCH
5
82e
100
AcDbEntity
8
TopLayer
100
AcDbHatch
10
0
20
0
30
0
210
0
220
0
230
1
2
SOLID
70
1
71
0
91
1
92
7
72
0
73
1
93
4
10
28.844983489967035
20
-0.2530099060197699
10
29.7089916179832
20
-0.2530099060197699
10
29.7089916179832
20
-1.059486918973903
10
28.844983489967035
20
-1.059486918973903
97
1
330

75
0
76
1
47
0.4128176842155181
98
1
10
34.90568961886538
20
22.81183545379326
450
0
451
0
460
0
461
0
452
1
462
1
453
2
463
0
63
5
421
255
463
1
63
7
421
16777215
470
LINEAR
1001
ACAD
1010
0
1020
0
1030
0
0
HATCH
5
831
100
AcDbEntity
8
TopSolderMaskLayer
100
AcDbHatch
10
0
20
0
30
0
210
0
220
0
230
1
2
SOLID
70
1
71
0
91
1
92
7
72
0
73
1
93
4
10
28.8177762924704
20
0.4233134593267778
10
29.736208415196643
20
0.4233134593267778
10
29.736208415196643
20
1.277207982449795
10
28.8177762924704
20
1.277207982449795
97
1
330

75
0
76
1
47
0.4128176842155181
98
1
10
34.90568961886538
20
22.81183545379326
450
0
451
0
460
0
461
0
452
1
462
1
453
2
463
0
63
5
421
255
463
1
63
7
421
16777215
470
LINEAR
1001
ACAD
1010
0
1020
0
1030
0
0
HATCH
5
834
100
AcDbEntity
8
TopLayer
100
AcDbHatch
10
0
20
0
30
0
210
0
220
0
230
1
2
SOLID
70
1
71
0
91
1
92
7
72
0
73
1
93
4
10
28.844983489967035
20
0.4470154940310067
10
29.7089916179832
20
0.4470154940310067
10
29.7089916179832
20
1.253492506985026
10
28.844983489967035
20
1.253492506985026
97
1
330

75
0
76
1
47
0.4128176842155181
98
1
10
34.90568961886538
20
22.81183545379326
450
0
451
0
460
0
461
0
452
1
462
1
453
2
463
0
63
5
421
255
463
1
63
7
421
16777215
470
LINEAR
1001
ACAD
1010
0
1020
0
1030
0
0
HATCH
5
837
100
AcDbEntity
8
TopSolderMaskLayer
100
AcDbHatch
10
0
20
0
30
0
210
0
220
0
230
1
2
SOLID
70
1
71
0
91
1
92
7
72
0
73
1
93
4
10
29.488791634601967
20
6.135702806024597
10
30.407223757327756
20
6.135702806024597
10
30.407223757327756
20
5.281808282901693
10
29.488791634601967
20
5.281808282901693
97
1
330

75
0
76
1
47
0.4128176842155181
98
1
10
34.90568961886538
20
22.81183545379326
450
0
451
0
460
0
461
0
452
1
462
1
453
2
463
0
63
5
421
255
463
1
63
7
421
16777215
470
LINEAR
1001
ACAD
1010
0
1020
0
1030
0
0
HATCH
5
83a
100
AcDbEntity
8
TopLayer
100
AcDbHatch
10
0
20
0
30
0
210
0
220
0
230
1
2
SOLID
70
1
71
0
91
1
92
7
72
0
73
1
93
4
10
29.516002032004053
20
6.11198882397764
10
30.38001016002022
20
6.11198882397764
10
30.38001016002022
20
5.305511811023621
10
29.516002032004053
20
5.305511811023621
97
1
330

75
0
76
1
47
0.4128176842155181
98
1
10
34.90568961886538
20
22.81183545379326
450
0
451
0
460
0
461
0
452
1
462
1
453
2
463
0
63
5
421
255
463
1
63
7
421
16777215
470
LINEAR
1001
ACAD
1010
0
1020
0
1030
0
0
HATCH
5
83d
100
AcDbEntity
8
TopSolderMaskLayer
100
AcDbHatch
10
0
20
0
30
0
210
0
220
0
230
1
2
SOLID
70
1
71
0
91
1
92
7
72
0
73
1
93
4
10
29.488791634601967
20
6.7883121893243015
10
30.407223757327756
20
6.7883121893243015
10
30.407223757327756
20
7.642206712447319
10
29.488791634601967
20
7.642206712447319
97
1
330

75
0
76
1
47
0.4128176842155181
98
1
10
34.90568961886538
20
22.81183545379326
450
0
451
0
460
0
461
0
452
1
462
1
453
2
463
0
63
5
421
255
463
1
63
7
421
16777215
470
LINEAR
1001
ACAD
1010
0
1020
0
1030
0
0
HATCH
5
840
100
AcDbEntity
8
TopLayer
100
AcDbHatch
10
0
20
0
30
0
210
0
220
0
230
1
2
SOLID
70
1
71
0
91
1
92
7
72
0
73
1
93
4
10
29.516002032004053
20
6.81201422402853
10
30.38001016002022
20
6.81201422402853
10
30.38001016002022
20
7.61849123698255
10
29.516002032004053
20
7.61849123698255
97
1
330

75
0
76
1
47
0.4128176842155181
98
1
10
34.90568961886538
20
22.81183545379326
450
0
451
0
460
0
461
0
452
1
462
1
453
2
463
0
63
5
421
255
463
1
63
7
421
16777215
470
LINEAR
1001
ACAD
1010
0
1020
0
1030
0
0
HATCH
5
843
100
AcDbEntity
8
TopSolderMaskLayer
100
AcDbHatch
10
0
20
0
30
0
210
0
220
0
230
1
2
SOLID
70
1
71
0
91
1
92
7
72
0
73
1
93
4
10
31.005774668870345
20
6.162692606100109
10
31.92420679159636
20
6.162692606100109
10
31.92420679159636
20
5.308798082977091
10
31.005774668870345
20
5.308798082977091
97
1
330

75
0
76
1
47
0.4128176842155181
98
1
10
34.90568961886538
20
22.81183545379326
450
0
451
0
460
0
461
0
452
1
462
1
453
2
463
0
63
5
421
255
463
1
63
7
421
16777215
470
LINEAR
1001
ACAD
1010
0
1020
0
1030
0
0
HATCH
5
846
100
AcDbEntity
8
TopLayer
100
AcDbHatch
10
0
20
0
30
0
210
0
220
0
230
1
2
SOLID
70
1
71
0
91
1
92
7
72
0
73
1
93
4
10
31.032994665989236
20
6.138989077978181
10
31.89700279400563
20
6.138989077978181
10
31.89700279400563
20
5.3325120650241615
10
31.032994665989236
20
5.3325120650241615
97
1
330

75
0
76
1
47
0.4128176842155181
98
1
10
34.90568961886538
20
22.81183545379326
450
0
451
0
460
0
461
0
452
1
462
1
453
2
463
0
63
5
421
255
463
1
63
7
421
16777215
470
LINEAR
1001
ACAD
1010
0
1020
0
1030
0
0
HATCH
5
849
100
AcDbEntity
8
TopSolderMaskLayer
100
AcDbHatch
10
0
20
0
30
0
210
0
220
0
230
1
2
SOLID
70
1
71
0
91
1
92
7
72
0
73
1
93
4
10
31.005774668870345
20
6.815301989399927
10
31.92420679159636
20
6.815301989399927
10
31.92420679159636
20
7.669196512522944
10
31.005774668870345
20
7.669196512522944
97
1
330

75
0
76
1
47
0.4128176842155181
98
1
10
34.90568961886538
20
22.81183545379326
450
0
451
0
460
0
461
0
452
1
462
1
453
2
463
0
63
5
421
255
463
1
63
7
421
16777215
470
LINEAR
1001
ACAD
1010
0
1020
0
1030
0
0
HATCH
5
84c
100
AcDbEntity
8
TopLayer
100
AcDbHatch
10
0
20
0
30
0
210
0
220
0
230
1
2
SOLID
70
1
71
0
91
1
92
7
72
0
73
1
93
4
10
31.032994665989236
20
6.8390144780289575
10
31.89700279400563
20
6.8390144780289575
10
31.89700279400563
20
7.645491490982977
10
31.032994665989236
20
7.645491490982977
97
1
330

75
0
76
1
47
0.4128176842155181
98
1
10
34.90568961886538
20
22.81183545379326
450
0
451
0
460
0
461
0
452
1
462
1
453
2
463
0
63
5
421
255
463
1
63
7
421
16777215
470
LINEAR
1001
ACAD
1010
0
1020
0
1030
0
0
HATCH
5
84f
100
AcDbEntity
8
TopSolderMaskLayer
100
AcDbHatch
10
0
20
0
30
0
210
0
220
0
230
1
2
SOLID
70
1
71
0
91
1
92
7
72
0
73
1
93
4
10
31.00861461710315
20
10.375598018270352
10
31.00861461710315
20
11.290406247886835
10
31.865891731657484
20
11.290406247886835
10
31.865891731657484
20
10.375598018270352
97
1
330

75
0
76
1
47
0.4128176842155181
98
1
10
34.90568961886538
20
22.81183545379326
450
0
451
0
460
0
461
0
452
1
462
1
453
2
463
0
63
5
421
255
463
1
63
7
421
16777215
470
LINEAR
1001
ACAD
1010
0
1020
0
1030
0
0
HATCH
5
852
100
AcDbEntity
8
TopLayer
100
AcDbHatch
10
0
20
0
30
0
210
0
220
0
230
1
2
SOLID
70
1
71
0
91
1
92
7
72
0
73
1
93
4
10
31.03401066802121
20
10.40099060198122
10
31.03401066802121
20
11.264998729997501
10
31.840487680975457
20
11.264998729997501
10
31.840487680975457
20
10.40099060198122
97
1
330

75
0
76
1
47
0.4128176842155181
98
1
10
34.90568961886538
20
22.81183545379326
450
0
451
0
460
0
461
0
452
1
462
1
453
2
463
0
63
5
421
255
463
1
63
7
421
16777215
470
LINEAR
1001
ACAD
1010
0
1020
0
1030
0
0
HATCH
5
855
100
AcDbEntity
8
TopSolderMaskLayer
100
AcDbHatch
10
0
20
0
30
0
210
0
220
0
230
1
2
SOLID
70
1
71
0
91
1
92
7
72
0
73
1
93
4
10
30.359387718699736
20
10.375598018270352
10
30.359387718699736
20
11.290406247886835
10
29.5021106041454
20
11.290406247886835
10
29.5021106041454
20
10.375598018270352
97
1
330

75
0
76
1
47
0.4128176842155181
98
1
10
34.90568961886538
20
22.81183545379326
450
0
451
0
460
0
461
0
452
1
462
1
453
2
463
0
63
5
421
255
463
1
63
7
421
16777215
470
LINEAR
1001
ACAD
1010
0
1020
0
1030
0
0
HATCH
5
858
100
AcDbEntity
8
TopLayer
100
AcDbHatch
10
0
20
0
30
0
210
0
220
0
230
1
2
SOLID
70
1
71
0
91
1
92
7
72
0
73
1
93
4
10
30.33398526797032
20
10.40099060198122
10
30.33398526797032
20
11.264998729997501
10
29.527508255016528
20
11.264998729997501
10
29.527508255016528
20
10.40099060198122
97
1
330

75
0
76
1
47
0.4128176842155181
98
1
10
34.90568961886538
20
22.81183545379326
450
0
451
0
460
0
461
0
452
1
462
1
453
2
463
0
63
5
421
255
463
1
63
7
421
16777215
470
LINEAR
1001
ACAD
1010
0
1020
0
1030
0
0
HATCH
5
85b
100
AcDbEntity
8
TopSolderMaskLayer
100
AcDbHatch
10
0
20
0
30
0
210
0
220
0
230
1
2
SOLID
70
1
71
0
91
1
92
7
72
0
73
1
93
4
10
2.9257645088500794
20
-8.449314150838973
10
3.844196631576324
20
-8.449314150838973
10
3.844196631576324
20
-9.303208673961876
10
2.9257645088500794
20
-9.303208673961876
97
1
330

75
0
76
1
47
0.4128176842155181
98
1
10
34.90568961886538
20
22.81183545379326
450
0
451
0
460
0
461
0
452
1
462
1
453
2
463
0
63
5
421
255
463
1
63
7
421
16777215
470
LINEAR
1001
ACAD
1010
0
1020
0
1030
0
0
HATCH
5
85e
100
AcDbEntity
8
TopLayer
100
AcDbHatch
10
0
20
0
30
0
210
0
220
0
230
1
2
SOLID
70
1
71
0
91
1
92
7
72
0
73
1
93
4
10
2.9529845059689706
20
-8.47302514605019
10
3.8169926339853646
20
-8.47302514605019
10
3.8169926339853646
20
-9.27950215900421
10
2.9529845059689706
20
-9.27950215900421
97
1
330

75
0
76
1
47
0.4128176842155181
98
1
10
34.90568961886538
20
22.81183545379326
450
0
451
0
460
0
461
0
452
1
462
1
453
2
463
0
63
5
421
255
463
1
63
7
421
16777215
470
LINEAR
1001
ACAD
1010
0
1020
0
1030
0
0
HATCH
5
861
100
AcDbEntity
8
TopSolderMaskLayer
100
AcDbHatch
10
0
20
0
30
0
210
0
220
0
230
1
2
SOLID
70
1
71
0
91
1
92
7
72
0
73
1
93
4
10
2.9257645088500794
20
-7.7967047675393815
10
3.844196631576324
20
-7.7967047675393815
10
3.844196631576324
20
-6.942810244416364
10
2.9257645088500794
20
-6.942810244416364
97
1
330

75
0
76
1
47
0.4128176842155181
98
1
10
34.90568961886538
20
22.81183545379326
450
0
451
0
460
0
461
0
452
1
462
1
453
2
463
0
63
5
421
255
463
1
63
7
421
16777215
470
LINEAR
1001
ACAD
1010
0
1020
0
1030
0
0
HATCH
5
864
100
AcDbEntity
8
TopLayer
100
AcDbHatch
10
0
20
0
30
0
210
0
220
0
230
1
2
SOLID
70
1
71
0
91
1
92
7
72
0
73
1
93
4
10
2.9529845059689706
20
-7.7729997459995275
10
3.8169926339853646
20
-7.7729997459995275
10
3.8169926339853646
20
-6.966522733045508
10
2.9529845059689706
20
-6.966522733045508
97
1
330

75
0
76
1
47
0.4128176842155181
98
1
10
34.90568961886538
20
22.81183545379326
450
0
451
0
460
0
461
0
452
1
462
1
453
2
463
0
63
5
421
255
463
1
63
7
421
16777215
470
LINEAR
1001
ACAD
1010
0
1020
0
1030
0
0
HATCH
5
867
100
AcDbEntity
8
TopSolderMaskLayer
100
AcDbHatch
10
0
20
0
30
0
210
0
220
0
230
1
2
SOLID
70
1
71
0
91
1
92
7
72
0
73
1
93
4
10
4.638202219587356
20
-26.628690898585887
10
3.7197700968611116
20
-26.628690898585887
10
3.7197700968611116
20
-25.77479637546287
10
4.638202219587356
20
-25.77479637546287
97
1
330

75
0
76
1
47
0.4128176842155181
98
1
10
34.90568961886538
20
22.81183545379326
450
0
451
0
460
0
461
0
452
1
462
1
453
2
463
0
63
5
421
255
463
1
63
7
421
16777215
470
LINEAR
1001
ACAD
1010
0
1020
0
1030
0
0
HATCH
5
86a
100
AcDbEntity
8
TopLayer
100
AcDbHatch
10
0
20
0
30
0
210
0
220
0
230
1
2
SOLID
70
1
71
0
91
1
92
7
72
0
73
1
93
4
10
4.610998221996397
20
-26.604978409956857
10
3.7469900939800027
20
-26.604978409956857
10
3.7469900939800027
20
-25.798501397002724
10
4.610998221996397
20
-25.798501397002724
97
1
330

75
0
76
1
47
0.4128176842155181
98
1
10
34.90568961886538
20
22.81183545379326
450
0
451
0
460
0
461
0
452
1
462
1
453
2
463
0
63
5
421
255
463
1
63
7
421
16777215
470
LINEAR
1001
ACAD
1010
0
1020
0
1030
0
0
HATCH
5
86d
100
AcDbEntity
8
TopSolderMaskLayer
100
AcDbHatch
10
0
20
0
30
0
210
0
220
0
230
1
2
SOLID
70
1
71
0
91
1
92
7
72
0
73
1
93
4
10
4.638202219587356
20
-27.281300281885592
10
3.7197700968611116
20
-27.281300281885592
10
3.7197700968611116
20
-28.13519480500861
10
4.638202219587356
20
-28.13519480500861
97
1
330

75
0
76
1
47
0.4128176842155181
98
1
10
34.90568961886538
20
22.81183545379326
450
0
451
0
460
0
461
0
452
1
462
1
453
2
463
0
63
5
421
255
463
1
63
7
421
16777215
470
LINEAR
1001
ACAD
1010
0
1020
0
1030
0
0
HATCH
5
870
100
AcDbEntity
8
TopLayer
100
AcDbHatch
10
0
20
0
30
0
210
0
220
0
230
1
2
SOLID
70
1
71
0
91
1
92
7
72
0
73
1
93
4
10
4.610998221996397
20
-27.305003810007634
10
3.7469900939800027
20
-27.305003810007634
10
3.7469900939800027
20
-28.111480822961653
10
4.610998221996397
20
-28.111480822961653
97
1
330

75
0
76
1
47
0.4128176842155181
98
1
10
34.90568961886538
20
22.81183545379326
450
0
451
0
460
0
461
0
452
1
462
1
453
2
463
0
63
5
421
255
463
1
63
7
421
16777215
470
LINEAR
1001
ACAD
1010
0
1020
0
1030
0
0
HATCH
5
873
100
AcDbEntity
8
TopSolderMaskLayer
100
AcDbHatch
10
0
20
0
30
0
210
0
220
0
230
1
2
SOLID
70
1
71
0
91
1
92
7
72
0
73
1
93
4
10
22.902386804798653
20
-32.449604805794706
10
22.902386804798653
20
-33.3644130354113
10
22.04510969024477
20
-33.3644130354113
10
22.04510969024477
20
-32.449604805794706
97
1
330

75
0
76
1
47
0.4128176842155181
98
1
10
34.90568961886538
20
22.81183545379326
450
0
451
0
460
0
461
0
452
1
462
1
453
2
463
0
63
5
421
255
463
1
63
7
421
16777215
470
LINEAR
1001
ACAD
1010
0
1020
0
1030
0
0
HATCH
5
876
100
AcDbEntity
8
TopLayer
100
AcDbHatch
10
0
20
0
30
0
210
0
220
0
230
1
2
SOLID
70
1
71
0
91
1
92
7
72
0
73
1
93
4
10
22.87698755397514
20
-32.47500635001268
10
22.87698755397514
20
-33.33901447802896
10
22.07051054102112
20
-33.33901447802896
10
22.07051054102112
20
-32.47500635001268
97
1
330

75
0
76
1
47
0.4128176842155181
98
1
10
34.90568961886538
20
22.81183545379326
450
0
451
0
460
0
461
0
452
1
462
1
453
2
463
0
63
5
421
255
463
1
63
7
421
16777215
470
LINEAR
1001
ACAD
1010
0
1020
0
1030
0
0
HATCH
5
879
100
AcDbEntity
8
TopSolderMaskLayer
100
AcDbHatch
10
0
20
0
30
0
210
0
220
0
230
1
2
SOLID
70
1
71
0
91
1
92
7
72
0
73
1
93
4
10
23.551613703202293
20
-32.449604805794706
10
23.551613703202293
20
-33.3644130354113
10
24.408890817756173
20
-33.3644130354113
10
24.408890817756173
20
-32.449604805794706
97
1
330

75
0
76
1
47
0.4128176842155181
98
1
10
34.90568961886538
20
22.81183545379326
450
0
451
0
460
0
461
0
452
1
462
1
453
2
463
0
63
5
421
255
463
1
63
7
421
16777215
470
LINEAR
1001
ACAD
1010
0
1020
0
1030
0
0
HATCH
5
87c
100
AcDbEntity
8
TopLayer
100
AcDbHatch
10
0
20
0
30
0
210
0
220
0
230
1
2
SOLID
70
1
71
0
91
1
92
7
72
0
73
1
93
4
10
23.57701295402603
20
-32.47500635001268
10
23.57701295402603
20
-33.33901447802896
10
24.383489966979823
20
-33.33901447802896
10
24.383489966979823
20
-32.47500635001268
97
1
330

75
0
76
1
47
0.4128176842155181
98
1
10
34.90568961886538
20
22.81183545379326
450
0
451
0
460
0
461
0
452
1
462
1
453
2
463
0
63
5
421
255
463
1
63
7
421
16777215
470
LINEAR
1001
ACAD
1010
0
1020
0
1030
0
0
HATCH
5
87f
100
AcDbEntity
8
TopSolderMaskLayer
100
AcDbHatch
10
0
20
0
30
0
210
0
220
0
230
1
2
SOLID
70
1
71
0
91
1
92
7
72
0
73
1
93
4
10
34.28539257086095
20
-13.443589474008718
10
34.28539257086095
20
-14.358397703625087
10
33.42811545630639
20
-14.358397703625087
10
33.42811545630639
20
-13.443589474008718
97
1
330

75
0
76
1
47
0.4128176842155181
98
1
10
34.90568961886538
20
22.81183545379326
450
0
451
0
460
0
461
0
452
1
462
1
453
2
463
0
63
5
421
255
463
1
63
7
421
16777215
470
LINEAR
1001
ACAD
1010
0
1020
0
1030
0
0
HATCH
5
882
100
AcDbEntity
8
TopLayer
100
AcDbHatch
10
0
20
0
30
0
210
0
220
0
230
1
2
SOLID
70
1
71
0
91
1
92
7
72
0
73
1
93
4
10
34.25999491998982
20
-13.468986537973024
10
34.25999491998982
20
-14.332994665989304
10
33.4535179070358
20
-14.332994665989304
10
33.4535179070358
20
-13.468986537973024
97
1
330

75
0
76
1
47
0.4128176842155181
98
1
10
34.90568961886538
20
22.81183545379326
450
0
451
0
460
0
461
0
452
1
462
1
453
2
463
0
63
5
421
255
463
1
63
7
421
16777215
470
LINEAR
1001
ACAD
1010
0
1020
0
1030
0
0
HATCH
5
885
100
AcDbEntity
8
TopSolderMaskLayer
100
AcDbHatch
10
0
20
0
30
0
210
0
220
0
230
1
2
SOLID
70
1
71
0
91
1
92
7
72
0
73
1
93
4
10
34.934619469264135
20
-13.443589474008718
10
34.934619469264135
20
-14.358397703625087
10
35.79189658381824
20
-14.358397703625087
10
35.79189658381824
20
-13.443589474008718
97
1
330

75
0
76
1
47
0.4128176842155181
98
1
10
34.90568961886538
20
22.81183545379326
450
0
451
0
460
0
461
0
452
1
462
1
453
2
463
0
63
5
421
255
463
1
63
7
421
16777215
470
LINEAR
1001
ACAD
1010
0
1020
0
1030
0
0
HATCH
5
888
100
AcDbEntity
8
TopLayer
100
AcDbHatch
10
0
20
0
30
0
210
0
220
0
230
1
2
SOLID
70
1
71
0
91
1
92
7
72
0
73
1
93
4
10
34.960020320040485
20
-13.468986537973024
10
34.960020320040485
20
-14.332994665989304
10
35.76649733299473
20
-14.332994665989304
10
35.76649733299473
20
-13.468986537973024
97
1
330

75
0
76
1
47
0.4128176842155181
98
1
10
34.90568961886538
20
22.81183545379326
450
0
451
0
460
0
461
0
452
1
462
1
453
2
463
0
63
5
421
255
463
1
63
7
421
16777215
470
LINEAR
1001
ACAD
1010
0
1020
0
1030
0
0
HATCH
5
88b
100
AcDbEntity
8
TopSolderMaskLayer
100
AcDbHatch
10
0
20
0
30
0
210
0
220
0
230
1
2
SOLID
70
1
71
0
91
1
92
7
72
0
73
1
93
4
10
36.37779341260534
20
-22.307300973397787
10
37.29622553533136
20
-22.307300973397787
10
37.29622553533136
20
-23.161195496520804
10
36.37779341260534
20
-23.161195496520804
97
1
330

75
0
76
1
47
0.4128176842155181
98
1
10
34.90568961886538
20
22.81183545379326
450
0
451
0
460
0
461
0
452
1
462
1
453
2
463
0
63
5
421
255
463
1
63
7
421
16777215
470
LINEAR
1001
ACAD
1010
0
1020
0
1030
0
0
HATCH
5
88e
100
AcDbEntity
8
TopLayer
100
AcDbHatch
10
0
20
0
30
0
210
0
220
0
230
1
2
SOLID
70
1
71
0
91
1
92
7
72
0
73
1
93
4
10
36.40500381000743
20
-22.33101346202693
10
37.26901193802382
20
-22.33101346202693
10
37.26901193802382
20
-23.137490474980837
10
36.40500381000743
20
-23.137490474980837
97
1
330

75
0
76
1
47
0.4128176842155181
98
1
10
34.90568961886538
20
22.81183545379326
450
0
451
0
460
0
461
0
452
1
462
1
453
2
463
0
63
5
421
255
463
1
63
7
421
16777215
470
LINEAR
1001
ACAD
1010
0
1020
0
1030
0
0
HATCH
5
891
100
AcDbEntity
8
TopSolderMaskLayer
100
AcDbHatch
10
0
20
0
30
0
210
0
220
0
230
1
2
SOLID
70
1
71
0
91
1
92
7
72
0
73
1
93
4
10
36.37779341260534
20
-21.654691590098082
10
37.29622553533136
20
-21.654691590098082
10
37.29622553533136
20
-20.80079706697518
10
36.37779341260534
20
-20.80079706697518
97
1
330

75
0
76
1
47
0.4128176842155181
98
1
10
34.90568961886538
20
22.81183545379326
450
0
451
0
460
0
461
0
452
1
462
1
453
2
463
0
63
5
421
255
463
1
63
7
421
16777215
470
LINEAR
1001
ACAD
1010
0
1020
0
1030
0
0
HATCH
5
894
100
AcDbEntity
8
TopLayer
100
AcDbHatch
10
0
20
0
30
0
210
0
220
0
230
1
2
SOLID
70
1
71
0
91
1
92
7
72
0
73
1
93
4
10
36.40500381000743
20
-21.630988061976154
10
37.26901193802382
20
-21.630988061976154
10
37.26901193802382
20
-20.824511049022135
10
36.40500381000743
20
-20.824511049022135
97
1
330

75
0
76
1
47
0.4128176842155181
98
1
10
34.90568961886538
20
22.81183545379326
450
0
451
0
460
0
461
0
452
1
462
1
453
2
463
0
63
5
421
255
463
1
63
7
421
16777215
470
LINEAR
1001
ACAD
1010
0
1020
0
1030
0
0
HATCH
5
897
100
AcDbEntity
8
TopSolderMaskLayer
100
AcDbHatch
10
0
20
0
30
0
210
0
220
0
230
1
2
SOLID
70
1
71
0
91
1
92
7
72
0
73
1
93
4
10
38.976211895253755
20
-21.681696324352174
10
38.057779772527965
20
-21.681696324352174
10
38.057779772527965
20
-20.82780180122927
10
38.976211895253755
20
-20.82780180122927
97
1
330

75
0
76
1
47
0.4128176842155181
98
1
10
34.90568961886538
20
22.81183545379326
450
0
451
0
460
0
461
0
452
1
462
1
453
2
463
0
63
5
421
255
463
1
63
7
421
16777215
470
LINEAR
1001
ACAD
1010
0
1020
0
1030
0
0
HATCH
5
89a
100
AcDbEntity
8
TopLayer
100
AcDbHatch
10
0
20
0
30
0
210
0
220
0
230
1
2
SOLID
70
1
71
0
91
1
92
7
72
0
73
1
93
4
10
38.94899669799338
20
-21.65798831597658
10
38.08498856997721
20
-21.65798831597658
10
38.08498856997721
20
-20.851511303022562
10
38.94899669799338
20
-20.851511303022562
97
1
330

75
0
76
1
47
0.4128176842155181
98
1
10
34.90568961886538
20
22.81183545379326
450
0
451
0
460
0
461
0
452
1
462
1
453
2
463
0
63
5
421
255
463
1
63
7
421
16777215
470
LINEAR
1001
ACAD
1010
0
1020
0
1030
0
0
HATCH
5
89d
100
AcDbEntity
8
TopSolderMaskLayer
100
AcDbHatch
10
0
20
0
30
0
210
0
220
0
230
1
2
SOLID
70
1
71
0
91
1
92
7
72
0
73
1
93
4
10
38.976211895253755
20
-22.334305707651765
10
38.057779772527965
20
-22.334305707651765
10
38.057779772527965
20
-23.188200230774896
10
38.976211895253755
20
-23.188200230774896
97
1
330

75
0
76
1
47
0.4128176842155181
98
1
10
34.90568961886538
20
22.81183545379326
450
0
451
0
460
0
461
0
452
1
462
1
453
2
463
0
63
5
421
255
463
1
63
7
421
16777215
470
LINEAR
1001
ACAD
1010
0
1020
0
1030
0
0
HATCH
5
8a0
100
AcDbEntity
8
TopLayer
100
AcDbHatch
10
0
20
0
30
0
210
0
220
0
230
1
2
SOLID
70
1
71
0
91
1
92
7
72
0
73
1
93
4
10
38.94899669799338
20
-22.358013716027358
10
38.08498856997721
20
-22.358013716027358
10
38.08498856997721
20
-23.16449072898149
10
38.94899669799338
20
-23.16449072898149
97
1
330

75
0
76
1
47
0.4128176842155181
98
1
10
34.90568961886538
20
22.81183545379326
450
0
451
0
460
0
461
0
452
1
462
1
453
2
463
0
63
5
421
255
463
1
63
7
421
16777215
470
LINEAR
1001
ACAD
1010
0
1020
0
1030
0
0
HATCH
5
8a3
100
AcDbEntity
8
TopSolderMaskLayer
100
AcDbHatch
10
0
20
0
30
0
210
0
220
0
230
1
2
SOLID
70
1
71
0
91
1
92
7
72
0
73
1
93
4
10
41.91777149261202
20
-12.680308186486513
10
42.83620361533826
20
-12.680308186486513
10
42.83620361533826
20
-13.534202709609417
10
41.91777149261202
20
-13.534202709609417
97
1
330

75
0
76
1
47
0.4128176842155181
98
1
10
34.90568961886538
20
22.81183545379326
450
0
451
0
460
0
461
0
452
1
462
1
453
2
463
0
63
5
421
255
463
1
63
7
421
16777215
470
LINEAR
1001
ACAD
1010
0
1020
0
1030
0
0
HATCH
5
8a6
100
AcDbEntity
8
TopLayer
100
AcDbHatch
10
0
20
0
30
0
210
0
220
0
230
1
2
SOLID
70
1
71
0
91
1
92
7
72
0
73
1
93
4
10
41.944983489966944
20
-12.704013208026367
10
42.80899161798334
20
-12.704013208026367
10
42.80899161798334
20
-13.510490220980387
10
41.944983489966944
20
-13.510490220980387
97
1
330

75
0
76
1
47
0.4128176842155181
98
1
10
34.90568961886538
20
22.81183545379326
450
0
451
0
460
0
461
0
452
1
462
1
453
2
463
0
63
5
421
255
463
1
63
7
421
16777215
470
LINEAR
1001
ACAD
1010
0
1020
0
1030
0
0
HATCH
5
8a9
100
AcDbEntity
8
TopSolderMaskLayer
100
AcDbHatch
10
0
20
0
30
0
210
0
220
0
230
1
2
SOLID
70
1
71
0
91
1
92
7
72
0
73
1
93
4
10
41.91777149261202
20
-12.027698803186922
10
42.83620361533826
20
-12.027698803186922
10
42.83620361533826
20
-11.173804280063905
10
41.91777149261202
20
-11.173804280063905
97
1
330

75
0
76
1
47
0.4128176842155181
98
1
10
34.90568961886538
20
22.81183545379326
450
0
451
0
460
0
461
0
452
1
462
1
453
2
463
0
63
5
421
255
463
1
63
7
421
16777215
470
LINEAR
1001
ACAD
1010
0
1020
0
1030
0
0
HATCH
5
8ac
100
AcDbEntity
8
TopLayer
100
AcDbHatch
10
0
20
0
30
0
210
0
220
0
230
1
2
SOLID
70
1
71
0
91
1
92
7
72
0
73
1
93
4
10
41.944983489966944
20
-12.00398780797559
10
42.80899161798334
20
-12.00398780797559
10
42.80899161798334
20
-11.197510795021572
10
41.944983489966944
20
-11.197510795021572
97
1
330

75
0
76
1
47
0.4128176842155181
98
1
10
34.90568961886538
20
22.81183545379326
450
0
451
0
460
0
461
0
452
1
462
1
453
2
463
0
63
5
421
255
463
1
63
7
421
16777215
470
LINEAR
1001
ACAD
1010
0
1020
0
1030
0
0
HATCH
5
8af
100
AcDbEntity
8
TopSolderMaskLayer
100
AcDbHatch
10
0
20
0
30
0
210
0
220
0
230
1
2
SOLID
70
1
71
0
91
1
92
7
72
0
73
1
93
4
10
37.19521433315822
20
-8.323702034704183
10
36.27678221043175
20
-8.323702034704183
10
36.27678221043175
20
-7.469807511581166
10
37.19521433315822
20
-7.469807511581166
97
1
330

75
0
76
1
47
0.4128176842155181
98
1
10
34.90568961886538
20
22.81183545379326
450
0
451
0
460
0
461
0
452
1
462
1
453
2
463
0
63
5
421
255
463
1
63
7
421
16777215
470
LINEAR
1001
ACAD
1010
0
1020
0
1030
0
0
HATCH
5
8b2
100
AcDbEntity
8
TopLayer
100
AcDbHatch
10
0
20
0
30
0
210
0
220
0
230
1
2
SOLID
70
1
71
0
91
1
92
7
72
0
73
1
93
4
10
37.16799593599194
20
-8.299999999999955
10
36.303987807975545
20
-8.299999999999955
10
36.303987807975545
20
-7.493522987045935
10
37.16799593599194
20
-7.493522987045935
97
1
330

75
0
76
1
47
0.4128176842155181
98
1
10
34.90568961886538
20
22.81183545379326
450
0
451
0
460
0
461
0
452
1
462
1
453
2
463
0
63
5
421
255
463
1
63
7
421
16777215
470
LINEAR
1001
ACAD
1010
0
1020
0
1030
0
0
HATCH
5
8b5
100
AcDbEntity
8
TopSolderMaskLayer
100
AcDbHatch
10
0
20
0
30
0
210
0
220
0
230
1
2
SOLID
70
1
71
0
91
1
92
7
72
0
73
1
93
4
10
37.19521433315822
20
-8.976311418003888
10
36.27678221043175
20
-8.976311418003888
10
36.27678221043175
20
-9.830205941126792
10
37.19521433315822
20
-9.830205941126792
97
1
330

75
0
76
1
47
0.4128176842155181
98
1
10
34.90568961886538
20
22.81183545379326
450
0
451
0
460
0
461
0
452
1
462
1
453
2
463
0
63
5
421
255
463
1
63
7
421
16777215
470
LINEAR
1001
ACAD
1010
0
1020
0
1030
0
0
HATCH
5
8b8
100
AcDbEntity
8
TopLayer
100
AcDbHatch
10
0
20
0
30
0
210
0
220
0
230
1
2
SOLID
70
1
71
0
91
1
92
7
72
0
73
1
93
4
10
37.16799593599194
20
-9.000025400050845
10
36.303987807975545
20
-9.000025400050845
10
36.303987807975545
20
-9.806502413004864
10
37.16799593599194
20
-9.806502413004864
97
1
330

75
0
76
1
47
0.4128176842155181
98
1
10
34.90568961886538
20
22.81183545379326
450
0
451
0
460
0
461
0
452
1
462
1
453
2
463
0
63
5
421
255
463
1
63
7
421
16777215
470
LINEAR
1001
ACAD
1010
0
1020
0
1030
0
0
HATCH
5
8bb
100
AcDbEntity
8
TopSolderMaskLayer
100
AcDbHatch
10
0
20
0
30
0
210
0
220
0
230
1
2
SOLID
70
1
71
0
91
1
92
7
72
0
73
1
93
4
10
37.77479620661097
20
-7.215299002564166
10
38.69322832933699
20
-7.215299002564166
10
38.69322832933699
20
-8.069193525687183
10
37.77479620661097
20
-8.069193525687183
97
1
330

75
0
76
1
47
0.4128176842155181
98
1
10
34.90568961886538
20
22.81183545379326
450
0
451
0
460
0
461
0
452
1
462
1
453
2
463
0
63
5
421
255
463
1
63
7
421
16777215
470
LINEAR
1001
ACAD
1010
0
1020
0
1030
0
0
HATCH
5
8be
100
AcDbEntity
8
TopLayer
100
AcDbHatch
10
0
20
0
30
0
210
0
220
0
230
1
2
SOLID
70
1
71
0
91
1
92
7
72
0
73
1
93
4
10
37.80200660401306
20
-7.239014478028935
10
38.66601473202945
20
-7.239014478028935
10
38.66601473202945
20
-8.045491490982954
10
37.80200660401306
20
-8.045491490982954
97
1
330

75
0
76
1
47
0.4128176842155181
98
1
10
34.90568961886538
20
22.81183545379326
450
0
451
0
460
0
461
0
452
1
462
1
453
2
463
0
63
5
421
255
463
1
63
7
421
16777215
470
LINEAR
1001
ACAD
1010
0
1020
0
1030
0
0
HATCH
5
8c1
100
AcDbEntity
8
TopSolderMaskLayer
100
AcDbHatch
10
0
20
0
30
0
210
0
220
0
230
1
2
SOLID
70
1
71
0
91
1
92
7
72
0
73
1
93
4
10
37.77479620661097
20
-6.562704553442927
10
38.69322832933699
20
-6.562704553442927
10
38.69322832933699
20
-5.7088100303200235
10
37.77479620661097
20
-5.7088100303200235
97
1
330

75
0
76
1
47
0.4128176842155181
98
1
10
34.90568961886538
20
22.81183545379326
450
0
451
0
460
0
461
0
452
1
462
1
453
2
463
0
63
5
421
255
463
1
63
7
421
16777215
470
LINEAR
1001
ACAD
1010
0
1020
0
1030
0
0
HATCH
5
8c4
100
AcDbEntity
8
TopLayer
100
AcDbHatch
10
0
20
0
30
0
210
0
220
0
230
1
2
SOLID
70
1
71
0
91
1
92
7
72
0
73
1
93
4
10
37.80200660401306
20
-6.538989077978158
10
38.66601473202945
20
-6.538989077978158
10
38.66601473202945
20
-5.732512065024139
10
37.80200660401306
20
-5.732512065024139
97
1
330

75
0
76
1
47
0.4128176842155181
98
1
10
34.90568961886538
20
22.81183545379326
450
0
451
0
460
0
461
0
452
1
462
1
453
2
463
0
63
5
421
255
463
1
63
7
421
16777215
470
LINEAR
1001
ACAD
1010
0
1020
0
1030
0
0
HATCH
5
8c7
100
AcDbEntity
8
TopSolderMaskLayer
100
AcDbHatch
10
0
20
0
30
0
210
0
220
0
230
1
2
SOLID
70
1
71
0
91
1
92
7
72
0
73
1
93
4
10
40.73962807913017
20
-8.102418978497326
10
40.73962807913017
20
-7.187610748880843
10
41.59690519368428
20
-7.187610748880843
10
41.59690519368428
20
-8.102418978497326
97
1
330

75
0
76
1
47
0.4128176842155181
98
1
10
34.90568961886538
20
22.81183545379326
450
0
451
0
460
0
461
0
452
1
462
1
453
2
463
0
63
5
421
255
463
1
63
7
421
16777215
470
LINEAR
1001
ACAD
1010
0
1020
0
1030
0
0
HATCH
5
8ca
100
AcDbEntity
8
TopLayer
100
AcDbHatch
10
0
20
0
30
0
210
0
220
0
230
1
2
SOLID
70
1
71
0
91
1
92
7
72
0
73
1
93
4
10
40.76502413004823
20
-8.077012954025918
10
40.76502413004823
20
-7.213004826009524
10
41.57150114300225
20
-7.213004826009524
10
41.57150114300225
20
-8.077012954025918
97
1
330

75
0
76
1
47
0.4128176842155181
98
1
10
34.90568961886538
20
22.81183545379326
450
0
451
0
460
0
461
0
452
1
462
1
453
2
463
0
63
5
421
255
463
1
63
7
421
16777215
470
LINEAR
1001
ACAD
1010
0
1020
0
1030
0
0
HATCH
5
8cd
100
AcDbEntity
8
TopSolderMaskLayer
100
AcDbHatch
10
0
20
0
30
0
210
0
220
0
230
1
2
SOLID
70
1
71
0
91
1
92
7
72
0
73
1
93
4
10
40.09040118072676
20
-8.102418978497326
10
40.09040118072676
20
-7.187610748880843
10
39.23312406617242
20
-7.187610748880843
10
39.23312406617242
20
-8.102418978497326
97
1
330

75
0
76
1
47
0.4128176842155181
98
1
10
34.90568961886538
20
22.81183545379326
450
0
451
0
460
0
461
0
452
1
462
1
453
2
463
0
63
5
421
255
463
1
63
7
421
16777215
470
LINEAR
1001
ACAD
1010
0
1020
0
1030
0
0
HATCH
5
8d0
100
AcDbEntity
8
TopLayer
100
AcDbHatch
10
0
20
0
30
0
210
0
220
0
230
1
2
SOLID
70
1
71
0
91
1
92
7
72
0
73
1
93
4
10
40.06499872999757
20
-8.077012954025918
10
40.06499872999757
20
-7.213004826009524
10
39.25852171704332
20
-7.213004826009524
10
39.25852171704332
20
-8.077012954025918
97
1
330

75
0
76
1
47
0.4128176842155181
98
1
10
34.90568961886538
20
22.81183545379326
450
0
451
0
460
0
461
0
452
1
462
1
453
2
463
0
63
5
421
255
463
1
63
7
421
16777215
470
LINEAR
1001
ACAD
1010
0
1020
0
1030
0
0
HATCH
5
8d3
100
AcDbEntity
8
TopSolderMaskLayer
100
AcDbHatch
10
0
20
0
30
0
210
0
220
0
230
1
2
SOLID
70
1
71
0
91
1
92
7
72
0
73
1
93
4
10
15.008614617103149
20
-31.273400173140885
10
15.008614617103149
20
-30.358591943524402
10
15.865891731657484
20
-30.358591943524402
10
15.865891731657484
20
-31.273400173140885
97
1
330

75
0
76
1
47
0.4128176842155181
98
1
10
34.90568961886538
20
22.81183545379326
450
0
451
0
460
0
461
0
452
1
462
1
453
2
463
0
63
5
421
255
463
1
63
7
421
16777215
470
LINEAR
1001
ACAD
1010
0
1020
0
1030
0
0
HATCH
5
8d6
100
AcDbEntity
8
TopLayer
100
AcDbHatch
10
0
20
0
30
0
210
0
220
0
230
1
2
SOLID
70
1
71
0
91
1
92
7
72
0
73
1
93
4
10
15.03401066802121
20
-31.248006096012205
10
15.03401066802121
20
-30.383997967995924
10
15.840487680975457
20
-30.383997967995924
10
15.840487680975457
20
-31.248006096012205
97
1
330

75
0
76
1
47
0.4128176842155181
98
1
10
34.90568961886538
20
22.81183545379326
450
0
451
0
460
0
461
0
452
1
462
1
453
2
463
0
63
5
421
255
463
1
63
7
421
16777215
470
LINEAR
1001
ACAD
1010
0
1020
0
1030
0
0
HATCH
5
8d9
100
AcDbEntity
8
TopSolderMaskLayer
100
AcDbHatch
10
0
20
0
30
0
210
0
220
0
230
1
2
SOLID
70
1
71
0
91
1
92
7
72
0
73
1
93
4
10
14.359387718699963
20
-31.273400173140885
10
14.359387718699963
20
-30.358591943524402
10
13.5021106041454
20
-30.358591943524402
10
13.5021106041454
20
-31.273400173140885
97
1
330

75
0
76
1
47
0.4128176842155181
98
1
10
34.90568961886538
20
22.81183545379326
450
0
451
0
460
0
461
0
452
1
462
1
453
2
463
0
63
5
421
255
463
1
63
7
421
16777215
470
LINEAR
1001
ACAD
1010
0
1020
0
1030
0
0
HATCH
5
8dc
100
AcDbEntity
8
TopLayer
100
AcDbHatch
10
0
20
0
30
0
210
0
220
0
230
1
2
SOLID
70
1
71
0
91
1
92
7
72
0
73
1
93
4
10
14.333985267970547
20
-31.248006096012205
10
14.333985267970547
20
-30.383997967995924
10
13.527508255016528
20
-30.383997967995924
10
13.527508255016528
20
-31.248006096012205
97
1
330

75
0
76
1
47
0.4128176842155181
98
1
10
34.90568961886538
20
22.81183545379326
450
0
451
0
460
0
461
0
452
1
462
1
453
2
463
0
63
5
421
255
463
1
63
7
421
16777215
470
LINEAR
1001
ACAD
1010
0
1020
0
1030
0
0
HATCH
5
8df
100
AcDbEntity
8
TopSolderMaskLayer
100
AcDbHatch
10
0
20
0
30
0
210
0
220
0
230
1
2
SOLID
70
1
71
0
91
1
92
7
72
0
73
1
93
4
10
11.167220277270644
20
-31.36569279893024
10
10.248788154544627
20
-31.36569279893024
10
10.248788154544627
20
-30.511798275807223
10
11.167220277270644
20
-30.511798275807223
97
1
330

75
0
76
1
47
0.4128176842155181
98
1
10
34.90568961886538
20
22.81183545379326
450
0
451
0
460
0
461
0
452
1
462
1
453
2
463
0
63
5
421
255
463
1
63
7
421
16777215
470
LINEAR
1001
ACAD
1010
0
1020
0
1030
0
0
HATCH
5
8e2
100
AcDbEntity
8
TopLayer
100
AcDbHatch
10
0
20
0
30
0
210
0
220
0
230
1
2
SOLID
70
1
71
0
91
1
92
7
72
0
73
1
93
4
10
11.140005080010269
20
-31.341986283972574
10
10.275996951993875
20
-31.341986283972574
10
10.275996951993875
20
-30.535509271018555
10
11.140005080010269
20
-30.535509271018555
97
1
330

75
0
76
1
47
0.4128176842155181
98
1
10
34.90568961886538
20
22.81183545379326
450
0
451
0
460
0
461
0
452
1
462
1
453
2
463
0
63
5
421
255
463
1
63
7
421
16777215
470
LINEAR
1001
ACAD
1010
0
1020
0
1030
0
0
HATCH
5
8e5
100
AcDbEntity
8
TopSolderMaskLayer
100
AcDbHatch
10
0
20
0
30
0
210
0
220
0
230
1
2
SOLID
70
1
71
0
91
1
92
7
72
0
73
1
93
4
10
11.167220277270644
20
-32.018302182229945
10
10.248788154544627
20
-32.018302182229945
10
10.248788154544627
20
-32.87219670535296
10
11.167220277270644
20
-32.87219670535296
97
1
330

75
0
76
1
47
0.4128176842155181
98
1
10
34.90568961886538
20
22.81183545379326
450
0
451
0
460
0
461
0
452
1
462
1
453
2
463
0
63
5
421
255
463
1
63
7
421
16777215
470
LINEAR
1001
ACAD
1010
0
1020
0
1030
0
0
HATCH
5
8e8
100
AcDbEntity
8
TopLayer
100
AcDbHatch
10
0
20
0
30
0
210
0
220
0
230
1
2
SOLID
70
1
71
0
91
1
92
7
72
0
73
1
93
4
10
11.140005080010269
20
-32.04201168402335
10
10.275996951993875
20
-32.04201168402335
10
10.275996951993875
20
-32.84848869697737
10
11.140005080010269
20
-32.84848869697737
97
1
330

75
0
76
1
47
0.4128176842155181
98
1
10
34.90568961886538
20
22.81183545379326
450
0
451
0
460
0
461
0
452
1
462
1
453
2
463
0
63
5
421
255
463
1
63
7
421
16777215
470
LINEAR
1001
ACAD
1010
0
1020
0
1030
0
0
HATCH
5
8eb
100
AcDbEntity
8
TopSolderMaskLayer
100
AcDbHatch
10
0
20
0
30
0
210
0
220
0
230
1
2
SOLID
70
1
71
0
91
1
92
7
72
0
73
1
93
4
10
26.007903638213065
20
-32.4000369821855
10
27.424094131512902
20
-32.4000369821855
10
27.424094131512902
20
-33.67597872845488
10
26.007903638213065
20
-33.67597872845488
97
1
330

75
0
76
1
47
0.4128176842155181
98
1
10
34.90568961886538
20
22.81183545379326
450
0
451
0
460
0
461
0
452
1
462
1
453
2
463
0
63
5
421
255
463
1
63
7
421
16777215
470
LINEAR
1001
ACAD
1010
0
1020
0
1030
0
0
HATCH
5
8ee
100
AcDbEntity
8
TopPasteMaskLayer
100
AcDbHatch
10
0
20
0
30
0
210
0
220
0
230
1
2
SOLID
70
1
71
0
91
1
92
7
72
0
73
1
93
4
10
26.035991871983697
20
-32.42301244602481
10
27.396012192024273
20
-32.42301244602481
10
27.396012192024273
20
-33.65300990601975
10
26.035991871983697
20
-33.65300990601975
97
1
330

75
0
76
1
47
0.4128176842155181
98
1
10
34.90568961886538
20
22.81183545379326
450
0
451
0
460
0
461
0
452
1
462
1
453
2
463
0
63
5
421
255
463
1
63
7
421
16777215
470
LINEAR
1001
ACAD
1010
0
1020
0
1030
0
0
HATCH
5
8f1
100
AcDbEntity
8
TopLayer
100
AcDbHatch
10
0
20
0
30
0
210
0
220
0
230
1
2
SOLID
70
1
71
0
91
1
92
7
72
0
73
1
93
4
10
26.035991871983697
20
-32.42301244602481
10
27.396012192024273
20
-32.42301244602481
10
27.396012192024273
20
-33.65300990601975
10
26.035991871983697
20
-33.65300990601975
97
1
330

75
0
76
1
47
0.4128176842155181
98
1
10
34.90568961886538
20
22.81183545379326
450
0
451
0
460
0
461
0
452
1
462
1
453
2
463
0
63
5
421
255
463
1
63
7
421
16777215
470
LINEAR
1001
ACAD
1010
0
1020
0
1030
0
0
HATCH
5
8f4
100
AcDbEntity
8
TopSolderMaskLayer
100
AcDbHatch
10
0
20
0
30
0
210
0
220
0
230
1
2
SOLID
70
1
71
0
91
1
92
7
72
0
73
1
93
4
10
26.007903638213065
20
-29.305979034765983
10
27.424094131512902
20
-29.305979034765983
10
27.424094131512902
20
-28.0300372884966
10
26.007903638213065
20
-28.0300372884966
97
1
330

75
0
76
1
47
0.4128176842155181
98
1
10
34.90568961886538
20
22.81183545379326
450
0
451
0
460
0
461
0
452
1
462
1
453
2
463
0
63
5
421
255
463
1
63
7
421
16777215
470
LINEAR
1001
ACAD
1010
0
1020
0
1030
0
0
HATCH
5
8f7
100
AcDbEntity
8
TopPasteMaskLayer
100
AcDbHatch
10
0
20
0
30
0
210
0
220
0
230
1
2
SOLID
70
1
71
0
91
1
92
7
72
0
73
1
93
4
10
26.035991871983697
20
-29.283007366014772
10
27.396012192024273
20
-29.283007366014772
10
27.396012192024273
20
-28.053009906019838
10
26.035991871983697
20
-28.053009906019838
97
1
330

75
0
76
1
47
0.4128176842155181
98
1
10
34.90568961886538
20
22.81183545379326
450
0
451
0
460
0
461
0
452
1
462
1
453
2
463
0
63
5
421
255
463
1
63
7
421
16777215
470
LINEAR
1001
ACAD
1010
0
1020
0
1030
0
0
HATCH
5
8fa
100
AcDbEntity
8
TopLayer
100
AcDbHatch
10
0
20
0
30
0
210
0
220
0
230
1
2
SOLID
70
1
71
0
91
1
92
7
72
0
73
1
93
4
10
26.035991871983697
20
-29.283007366014772
10
27.396012192024273
20
-29.283007366014772
10
27.396012192024273
20
-28.053009906019838
10
26.035991871983697
20
-28.053009906019838
97
1
330

75
0
76
1
47
0.4128176842155181
98
1
10
34.90568961886538
20
22.81183545379326
450
0
451
0
460
0
461
0
452
1
462
1
453
2
463
0
63
5
421
255
463
1
63
7
421
16777215
470
LINEAR
1001
ACAD
1010
0
1020
0
1030
0
0
HATCH
5
901
100
AcDbEntity
8
TopSolderMaskLayer
100
AcDbHatch
10
0
20
0
30
0
210
0
220
0
230
1
2
SOLID
70
1
71
0
91
1
92
7
72
1
73
1
93
4
10
20.625488950977772
20
-17.42041311271555
42
-0.7853981633974483
10
20.01469392938773
20
-17.42041311271555
42
0
10
20.01469392938773
20
-18.997671723454005
42
-0.7853981633974483
10
20.625488950977772
20
-18.997671723454005
42
0
97
1
330

75
0
76
1
47
0.4128176842155181
98
1
10
34.90568961886538
20
22.81183545379326
450
0
451
0
460
0
461
0
452
1
462
1
453
2
463
0
63
5
421
255
463
1
63
7
421
16777215
470
LINEAR
1001
ACAD
1010
0
1020
0
1030
0
0
HATCH
5
908
100
AcDbEntity
8
TopPasteMaskLayer
100
AcDbHatch
10
0
20
0
30
0
210
0
220
0
230
1
2
SOLID
70
1
71
0
91
1
92
7
72
1
73
1
93
4
10
20.60008890017767
20
-17.43903987807971
42
-0.7853981633974483
10
20.04009398018783
20
-17.43903987807971
42
0
10
20.04009398018783
20
-18.979044958089844
42
-0.7853981633974483
10
20.60008890017767
20
-18.979044958089844
42
0
97
1
330

75
0
76
1
47
0.4128176842155181
98
1
10
34.90568961886538
20
22.81183545379326
450
0
451
0
460
0
461
0
452
1
462
1
453
2
463
0
63
5
421
255
463
1
63
7
421
16777215
470
LINEAR
1001
ACAD
1010
0
1020
0
1030
0
0
HATCH
5
90f
100
AcDbEntity
8
TopLayer
100
AcDbHatch
10
0
20
0
30
0
210
0
220
0
230
1
2
SOLID
70
1
71
0
91
1
92
7
72
1
73
1
93
4
10
20.60008890017767
20
-17.43903987807971
42
-0.7853981633974483
10
20.04009398018783
20
-17.43903987807971
42
0
10
20.04009398018783
20
-18.979044958089844
42
-0.7853981633974483
10
20.60008890017767
20
-18.979044958089844
42
0
97
1
330

75
0
76
1
47
0.4128176842155181
98
1
10
34.90568961886538
20
22.81183545379326
450
0
451
0
460
0
461
0
452
1
462
1
453
2
463
0
63
5
421
255
463
1
63
7
421
16777215
470
LINEAR
1001
ACAD
1010
0
1020
0
1030
0
0
HATCH
5
916
100
AcDbEntity
8
TopSolderMaskLayer
100
AcDbHatch
10
0
20
0
30
0
210
0
220
0
230
1
2
SOLID
70
1
71
0
91
1
92
7
72
1
73
1
93
4
10
21.895491490982952
20
-17.42041311271555
42
-0.7853981633974483
10
21.28469646939291
20
-17.42041311271555
42
0
10
21.28469646939291
20
-18.997671723454005
42
-0.7853981633974483
10
21.895491490982952
20
-18.997671723454005
42
0
97
1
330

75
0
76
1
47
0.4128176842155181
98
1
10
34.90568961886538
20
22.81183545379326
450
0
451
0
460
0
461
0
452
1
462
1
453
2
463
0
63
5
421
255
463
1
63
7
421
16777215
470
LINEAR
1001
ACAD
1010
0
1020
0
1030
0
0
HATCH
5
91d
100
AcDbEntity
8
TopPasteMaskLayer
100
AcDbHatch
10
0
20
0
30
0
210
0
220
0
230
1
2
SOLID
70
1
71
0
91
1
92
7
72
1
73
1
93
4
10
21.87009144018285
20
-17.43903987807971
42
-0.7853981633974483
10
21.31009652019301
20
-17.43903987807971
42
0
10
21.31009652019301
20
-18.979044958089844
42
-0.7853981633974483
10
21.87009144018285
20
-18.979044958089844
42
0
97
1
330

75
0
76
1
47
0.4128176842155181
98
1
10
34.90568961886538
20
22.81183545379326
450
0
451
0
460
0
461
0
452
1
462
1
453
2
463
0
63
5
421
255
463
1
63
7
421
16777215
470
LINEAR
1001
ACAD
1010
0
1020
0
1030
0
0
HATCH
5
924
100
AcDbEntity
8
TopLayer
100
AcDbHatch
10
0
20
0
30
0
210
0
220
0
230
1
2
SOLID
70
1
71
0
91
1
92
7
72
1
73
1
93
4
10
21.87009144018285
20
-17.43903987807971
42
-0.7853981633974483
10
21.31009652019301
20
-17.43903987807971
42
0
10
21.31009652019301
20
-18.979044958089844
42
-0.7853981633974483
10
21.87009144018285
20
-18.979044958089844
42
0
97
1
330

75
0
76
1
47
0.4128176842155181
98
1
10
34.90568961886538
20
22.81183545379326
450
0
451
0
460
0
461
0
452
1
462
1
453
2
463
0
63
5
421
255
463
1
63
7
421
16777215
470
LINEAR
1001
ACAD
1010
0
1020
0
1030
0
0
HATCH
5
92b
100
AcDbEntity
8
TopSolderMaskLayer
100
AcDbHatch
10
0
20
0
30
0
210
0
220
0
230
1
2
SOLID
70
1
71
0
91
1
92
7
72
1
73
1
93
4
10
23.165494030988132
20
-17.42041311271555
42
-0.7853981633974483
10
22.55469900939809
20
-17.42041311271555
42
0
10
22.55469900939809
20
-18.997671723454005
42
-0.7853981633974483
10
23.165494030988132
20
-18.997671723454005
42
0
97
1
330

75
0
76
1
47
0.4128176842155181
98
1
10
34.90568961886538
20
22.81183545379326
450
0
451
0
460
0
461
0
452
1
462
1
453
2
463
0
63
5
421
255
463
1
63
7
421
16777215
470
LINEAR
1001
ACAD
1010
0
1020
0
1030
0
0
HATCH
5
932
100
AcDbEntity
8
TopPasteMaskLayer
100
AcDbHatch
10
0
20
0
30
0
210
0
220
0
230
1
2
SOLID
70
1
71
0
91
1
92
7
72
1
73
1
93
4
10
23.14009398018803
20
-17.43903987807971
42
-0.7853981633974483
10
22.58009906019819
20
-17.43903987807971
42
0
10
22.58009906019819
20
-18.979044958089844
42
-0.7853981633974483
10
23.14009398018803
20
-18.979044958089844
42
0
97
1
330

75
0
76
1
47
0.4128176842155181
98
1
10
34.90568961886538
20
22.81183545379326
450
0
451
0
460
0
461
0
452
1
462
1
453
2
463
0
63
5
421
255
463
1
63
7
421
16777215
470
LINEAR
1001
ACAD
1010
0
1020
0
1030
0
0
HATCH
5
939
100
AcDbEntity
8
TopLayer
100
AcDbHatch
10
0
20
0
30
0
210
0
220
0
230
1
2
SOLID
70
1
71
0
91
1
92
7
72
1
73
1
93
4
10
23.14009398018803
20
-17.43903987807971
42
-0.7853981633974483
10
22.58009906019819
20
-17.43903987807971
42
0
10
22.58009906019819
20
-18.979044958089844
42
-0.7853981633974483
10
23.14009398018803
20
-18.979044958089844
42
0
97
1
330

75
0
76
1
47
0.4128176842155181
98
1
10
34.90568961886538
20
22.81183545379326
450
0
451
0
460
0
461
0
452
1
462
1
453
2
463
0
63
5
421
255
463
1
63
7
421
16777215
470
LINEAR
1001
ACAD
1010
0
1020
0
1030
0
0
HATCH
5
940
100
AcDbEntity
8
TopSolderMaskLayer
100
AcDbHatch
10
0
20
0
30
0
210
0
220
0
230
1
2
SOLID
70
1
71
0
91
1
92
7
72
1
73
1
93
4
10
24.435496570993084
20
-17.42041311271555
42
-0.7853981633974483
10
23.82470154940304
20
-17.42041311271555
42
0
10
23.82470154940304
20
-18.997671723454005
42
-0.7853981633974483
10
24.435496570993084
20
-18.997671723454005
42
0
97
1
330

75
0
76
1
47
0.4128176842155181
98
1
10
34.90568961886538
20
22.81183545379326
450
0
451
0
460
0
461
0
452
1
462
1
453
2
463
0
63
5
421
255
463
1
63
7
421
16777215
470
LINEAR
1001
ACAD
1010
0
1020
0
1030
0
0
HATCH
5
947
100
AcDbEntity
8
TopPasteMaskLayer
100
AcDbHatch
10
0
20
0
30
0
210
0
220
0
230
1
2
SOLID
70
1
71
0
91
1
92
7
72
1
73
1
93
4
10
24.410096520192983
20
-17.43903987807971
42
-0.7853981633974483
10
23.850101600203143
20
-17.43903987807971
42
0
10
23.850101600203143
20
-18.979044958089844
42
-0.7853981633974483
10
24.410096520192983
20
-18.979044958089844
42
0
97
1
330

75
0
76
1
47
0.4128176842155181
98
1
10
34.90568961886538
20
22.81183545379326
450
0
451
0
460
0
461
0
452
1
462
1
453
2
463
0
63
5
421
255
463
1
63
7
421
16777215
470
LINEAR
1001
ACAD
1010
0
1020
0
1030
0
0
HATCH
5
94e
100
AcDbEntity
8
TopLayer
100
AcDbHatch
10
0
20
0
30
0
210
0
220
0
230
1
2
SOLID
70
1
71
0
91
1
92
7
72
1
73
1
93
4
10
24.410096520192983
20
-17.43903987807971
42
-0.7853981633974483
10
23.850101600203143
20
-17.43903987807971
42
0
10
23.850101600203143
20
-18.979044958089844
42
-0.7853981633974483
10
24.410096520192983
20
-18.979044958089844
42
0
97
1
330

75
0
76
1
47
0.4128176842155181
98
1
10
34.90568961886538
20
22.81183545379326
450
0
451
0
460
0
461
0
452
1
462
1
453
2
463
0
63
5
421
255
463
1
63
7
421
16777215
470
LINEAR
1001
ACAD
1010
0
1020
0
1030
0
0
HATCH
5
955
100
AcDbEntity
8
TopSolderMaskLayer
100
AcDbHatch
10
0
20
0
30
0
210
0
220
0
230
1
2
SOLID
70
1
71
0
91
1
92
7
72
1
73
1
93
4
10
25.705499110998264
20
-17.42041311271555
42
-0.7853981633974483
10
25.09470408940822
20
-17.42041311271555
42
0
10
25.09470408940822
20
-18.997671723454005
42
-0.7853981633974483
10
25.705499110998264
20
-18.997671723454005
42
0
97
1
330

75
0
76
1
47
0.4128176842155181
98
1
10
34.90568961886538
20
22.81183545379326
450
0
451
0
460
0
461
0
452
1
462
1
453
2
463
0
63
5
421
255
463
1
63
7
421
16777215
470
LINEAR
1001
ACAD
1010
0
1020
0
1030
0
0
HATCH
5
95c
100
AcDbEntity
8
TopPasteMaskLayer
100
AcDbHatch
10
0
20
0
30
0
210
0
220
0
230
1
2
SOLID
70
1
71
0
91
1
92
7
72
1
73
1
93
4
10
25.680099060198163
20
-17.43903987807971
42
-0.7853981633974483
10
25.120104140208323
20
-17.43903987807971
42
0
10
25.120104140208323
20
-18.979044958089844
42
-0.7853981633974483
10
25.680099060198163
20
-18.979044958089844
42
0
97
1
330

75
0
76
1
47
0.4128176842155181
98
1
10
34.90568961886538
20
22.81183545379326
450
0
451
0
460
0
461
0
452
1
462
1
453
2
463
0
63
5
421
255
463
1
63
7
421
16777215
470
LINEAR
1001
ACAD
1010
0
1020
0
1030
0
0
HATCH
5
963
100
AcDbEntity
8
TopLayer
100
AcDbHatch
10
0
20
0
30
0
210
0
220
0
230
1
2
SOLID
70
1
71
0
91
1
92
7
72
1
73
1
93
4
10
25.680099060198163
20
-17.43903987807971
42
-0.7853981633974483
10
25.120104140208323
20
-17.43903987807971
42
0
10
25.120104140208323
20
-18.979044958089844
42
-0.7853981633974483
10
25.680099060198163
20
-18.979044958089844
42
0
97
1
330

75
0
76
1
47
0.4128176842155181
98
1
10
34.90568961886538
20
22.81183545379326
450
0
451
0
460
0
461
0
452
1
462
1
453
2
463
0
63
5
421
255
463
1
63
7
421
16777215
470
LINEAR
1001
ACAD
1010
0
1020
0
1030
0
0
HATCH
5
96a
100
AcDbEntity
8
TopSolderMaskLayer
100
AcDbHatch
10
0
20
0
30
0
210
0
220
0
230
1
2
SOLID
70
1
71
0
91
1
92
7
72
1
73
1
93
4
10
26.975501651003217
20
-17.42041311271555
42
-0.7853981633974483
10
26.364706629413174
20
-17.42041311271555
42
0
10
26.364706629413174
20
-18.997671723454005
42
-0.7853981633974483
10
26.975501651003217
20
-18.997671723454005
42
0
97
1
330

75
0
76
1
47
0.4128176842155181
98
1
10
34.90568961886538
20
22.81183545379326
450
0
451
0
460
0
461
0
452
1
462
1
453
2
463
0
63
5
421
255
463
1
63
7
421
16777215
470
LINEAR
1001
ACAD
1010
0
1020
0
1030
0
0
HATCH
5
971
100
AcDbEntity
8
TopPasteMaskLayer
100
AcDbHatch
10
0
20
0
30
0
210
0
220
0
230
1
2
SOLID
70
1
71
0
91
1
92
7
72
1
73
1
93
4
10
26.950101600203116
20
-17.43903987807971
42
-0.7853981633974483
10
26.390106680213275
20
-17.43903987807971
42
0
10
26.390106680213275
20
-18.979044958089844
42
-0.7853981633974483
10
26.950101600203116
20
-18.979044958089844
42
0
97
1
330

75
0
76
1
47
0.4128176842155181
98
1
10
34.90568961886538
20
22.81183545379326
450
0
451
0
460
0
461
0
452
1
462
1
453
2
463
0
63
5
421
255
463
1
63
7
421
16777215
470
LINEAR
1001
ACAD
1010
0
1020
0
1030
0
0
HATCH
5
978
100
AcDbEntity
8
TopLayer
100
AcDbHatch
10
0
20
0
30
0
210
0
220
0
230
1
2
SOLID
70
1
71
0
91
1
92
7
72
1
73
1
93
4
10
26.950101600203116
20
-17.43903987807971
42
-0.7853981633974483
10
26.390106680213275
20
-17.43903987807971
42
0
10
26.390106680213275
20
-18.979044958089844
42
-0.7853981633974483
10
26.950101600203116
20
-18.979044958089844
42
0
97
1
330

75
0
76
1
47
0.4128176842155181
98
1
10
34.90568961886538
20
22.81183545379326
450
0
451
0
460
0
461
0
452
1
462
1
453
2
463
0
63
5
421
255
463
1
63
7
421
16777215
470
LINEAR
1001
ACAD
1010
0
1020
0
1030
0
0
HATCH
5
97f
100
AcDbEntity
8
TopSolderMaskLayer
100
AcDbHatch
10
0
20
0
30
0
210
0
220
0
230
1
2
SOLID
70
1
71
0
91
1
92
7
72
1
73
1
93
4
10
28.245504191008397
20
-17.42041311271555
42
-0.7853981633974483
10
27.634709169418354
20
-17.42041311271555
42
0
10
27.634709169418354
20
-18.997671723454005
42
-0.7853981633974483
10
28.245504191008397
20
-18.997671723454005
42
0
97
1
330

75
0
76
1
47
0.4128176842155181
98
1
10
34.90568961886538
20
22.81183545379326
450
0
451
0
460
0
461
0
452
1
462
1
453
2
463
0
63
5
421
255
463
1
63
7
421
16777215
470
LINEAR
1001
ACAD
1010
0
1020
0
1030
0
0
HATCH
5
986
100
AcDbEntity
8
TopPasteMaskLayer
100
AcDbHatch
10
0
20
0
30
0
210
0
220
0
230
1
2
SOLID
70
1
71
0
91
1
92
7
72
1
73
1
93
4
10
28.220104140208296
20
-17.43903987807971
42
-0.7853981633974483
10
27.660109220218455
20
-17.43903987807971
42
0
10
27.660109220218455
20
-18.979044958089844
42
-0.7853981633974483
10
28.220104140208296
20
-18.979044958089844
42
0
97
1
330

75
0
76
1
47
0.4128176842155181
98
1
10
34.90568961886538
20
22.81183545379326
450
0
451
0
460
0
461
0
452
1
462
1
453
2
463
0
63
5
421
255
463
1
63
7
421
16777215
470
LINEAR
1001
ACAD
1010
0
1020
0
1030
0
0
HATCH
5
98d
100
AcDbEntity
8
TopLayer
100
AcDbHatch
10
0
20
0
30
0
210
0
220
0
230
1
2
SOLID
70
1
71
0
91
1
92
7
72
1
73
1
93
4
10
28.220104140208296
20
-17.43903987807971
42
-0.7853981633974483
10
27.660109220218455
20
-17.43903987807971
42
0
10
27.660109220218455
20
-18.979044958089844
42
-0.7853981633974483
10
28.220104140208296
20
-18.979044958089844
42
0
97
1
330

75
0
76
1
47
0.4128176842155181
98
1
10
34.90568961886538
20
22.81183545379326
450
0
451
0
460
0
461
0
452
1
462
1
453
2
463
0
63
5
421
255
463
1
63
7
421
16777215
470
LINEAR
1001
ACAD
1010
0
1020
0
1030
0
0
HATCH
5
994
100
AcDbEntity
8
TopSolderMaskLayer
100
AcDbHatch
10
0
20
0
30
0
210
0
220
0
230
1
2
SOLID
70
1
71
0
91
1
92
7
72
1
73
1
93
4
10
29.51550673101335
20
-17.42041311271555
42
-0.7853981633974483
10
28.904711709423307
20
-17.42041311271555
42
0
10
28.904711709423307
20
-18.997671723454005
42
-0.7853981633974483
10
29.51550673101335
20
-18.997671723454005
42
0
97
1
330

75
0
76
1
47
0.4128176842155181
98
1
10
34.90568961886538
20
22.81183545379326
450
0
451
0
460
0
461
0
452
1
462
1
453
2
463
0
63
5
421
255
463
1
63
7
421
16777215
470
LINEAR
1001
ACAD
1010
0
1020
0
1030
0
0
HATCH
5
99b
100
AcDbEntity
8
TopPasteMaskLayer
100
AcDbHatch
10
0
20
0
30
0
210
0
220
0
230
1
2
SOLID
70
1
71
0
91
1
92
7
72
1
73
1
93
4
10
29.49010668021325
20
-17.43903987807971
42
-0.7853981633974483
10
28.930111760223408
20
-17.43903987807971
42
0
10
28.930111760223408
20
-18.979044958089844
42
-0.7853981633974483
10
29.49010668021325
20
-18.979044958089844
42
0
97
1
330

75
0
76
1
47
0.4128176842155181
98
1
10
34.90568961886538
20
22.81183545379326
450
0
451
0
460
0
461
0
452
1
462
1
453
2
463
0
63
5
421
255
463
1
63
7
421
16777215
470
LINEAR
1001
ACAD
1010
0
1020
0
1030
0
0
HATCH
5
9a2
100
AcDbEntity
8
TopLayer
100
AcDbHatch
10
0
20
0
30
0
210
0
220
0
230
1
2
SOLID
70
1
71
0
91
1
92
7
72
1
73
1
93
4
10
29.49010668021325
20
-17.43903987807971
42
-0.7853981633974483
10
28.930111760223408
20
-17.43903987807971
42
0
10
28.930111760223408
20
-18.979044958089844
42
-0.7853981633974483
10
29.49010668021325
20
-18.979044958089844
42
0
97
1
330

75
0
76
1
47
0.4128176842155181
98
1
10
34.90568961886538
20
22.81183545379326
450
0
451
0
460
0
461
0
452
1
462
1
453
2
463
0
63
5
421
255
463
1
63
7
421
16777215
470
LINEAR
1001
ACAD
1010
0
1020
0
1030
0
0
HATCH
5
9a9
100
AcDbEntity
8
TopSolderMaskLayer
100
AcDbHatch
10
0
20
0
30
0
210
0
220
0
230
1
2
SOLID
70
1
71
0
91
1
92
7
72
1
73
1
93
4
10
30.78550927101853
20
-17.42041311271555
42
-0.7853981633974483
10
30.174714249428487
20
-17.42041311271555
42
0
10
30.174714249428487
20
-18.997671723454005
42
-0.7853981633974483
10
30.78550927101853
20
-18.997671723454005
42
0
97
1
330

75
0
76
1
47
0.4128176842155181
98
1
10
34.90568961886538
20
22.81183545379326
450
0
451
0
460
0
461
0
452
1
462
1
453
2
463
0
63
5
421
255
463
1
63
7
421
16777215
470
LINEAR
1001
ACAD
1010
0
1020
0
1030
0
0
HATCH
5
9b0
100
AcDbEntity
8
TopPasteMaskLayer
100
AcDbHatch
10
0
20
0
30
0
210
0
220
0
230
1
2
SOLID
70
1
71
0
91
1
92
7
72
1
73
1
93
4
10
30.76010922021843
20
-17.43903987807971
42
-0.7853981633974483
10
30.200114300228588
20
-17.43903987807971
42
0
10
30.200114300228588
20
-18.979044958089844
42
-0.7853981633974483
10
30.76010922021843
20
-18.979044958089844
42
0
97
1
330

75
0
76
1
47
0.4128176842155181
98
1
10
34.90568961886538
20
22.81183545379326
450
0
451
0
460
0
461
0
452
1
462
1
453
2
463
0
63
5
421
255
463
1
63
7
421
16777215
470
LINEAR
1001
ACAD
1010
0
1020
0
1030
0
0
HATCH
5
9b7
100
AcDbEntity
8
TopLayer
100
AcDbHatch
10
0
20
0
30
0
210
0
220
0
230
1
2
SOLID
70
1
71
0
91
1
92
7
72
1
73
1
93
4
10
30.76010922021843
20
-17.43903987807971
42
-0.7853981633974483
10
30.200114300228588
20
-17.43903987807971
42
0
10
30.200114300228588
20
-18.979044958089844
42
-0.7853981633974483
10
30.76010922021843
20
-18.979044958089844
42
0
97
1
330

75
0
76
1
47
0.4128176842155181
98
1
10
34.90568961886538
20
22.81183545379326
450
0
451
0
460
0
461
0
452
1
462
1
453
2
463
0
63
5
421
255
463
1
63
7
421
16777215
470
LINEAR
1001
ACAD
1010
0
1020
0
1030
0
0
HATCH
5
9be
100
AcDbEntity
8
TopSolderMaskLayer
100
AcDbHatch
10
0
20
0
30
0
210
0
220
0
230
1
2
SOLID
70
1
71
0
91
1
92
7
72
1
73
1
93
4
10
20.625488950977772
20
-7.820209912309224
42
-0.7853981633974483
10
20.01469392938773
20
-7.820209912309224
42
0
10
20.01469392938773
20
-9.397468523047564
42
-0.7853981633974483
10
20.625488950977772
20
-9.397468523047564
42
0
97
1
330

75
0
76
1
47
0.4128176842155181
98
1
10
34.90568961886538
20
22.81183545379326
450
0
451
0
460
0
461
0
452
1
462
1
453
2
463
0
63
5
421
255
463
1
63
7
421
16777215
470
LINEAR
1001
ACAD
1010
0
1020
0
1030
0
0
HATCH
5
9c5
100
AcDbEntity
8
TopPasteMaskLayer
100
AcDbHatch
10
0
20
0
30
0
210
0
220
0
230
1
2
SOLID
70
1
71
0
91
1
92
7
72
1
73
1
93
4
10
20.60008890017767
20
-7.838836677673385
42
-0.7853981633974483
10
20.04009398018783
20
-7.838836677673385
42
0
10
20.04009398018783
20
-9.378841757683517
42
-0.7853981633974483
10
20.60008890017767
20
-9.378841757683517
42
0
97
1
330

75
0
76
1
47
0.4128176842155181
98
1
10
34.90568961886538
20
22.81183545379326
450
0
451
0
460
0
461
0
452
1
462
1
453
2
463
0
63
5
421
255
463
1
63
7
421
16777215
470
LINEAR
1001
ACAD
1010
0
1020
0
1030
0
0
HATCH
5
9cc
100
AcDbEntity
8
TopLayer
100
AcDbHatch
10
0
20
0
30
0
210
0
220
0
230
1
2
SOLID
70
1
71
0
91
1
92
7
72
1
73
1
93
4
10
20.60008890017767
20
-7.838836677673385
42
-0.7853981633974483
10
20.04009398018783
20
-7.838836677673385
42
0
10
20.04009398018783
20
-9.378841757683517
42
-0.7853981633974483
10
20.60008890017767
20
-9.378841757683517
42
0
97
1
330

75
0
76
1
47
0.4128176842155181
98
1
10
34.90568961886538
20
22.81183545379326
450
0
451
0
460
0
461
0
452
1
462
1
453
2
463
0
63
5
421
255
463
1
63
7
421
16777215
470
LINEAR
1001
ACAD
1010
0
1020
0
1030
0
0
HATCH
5
9d3
100
AcDbEntity
8
TopSolderMaskLayer
100
AcDbHatch
10
0
20
0
30
0
210
0
220
0
230
1
2
SOLID
70
1
71
0
91
1
92
7
72
1
73
1
93
4
10
21.895491490982952
20
-7.820209912309224
42
-0.7853981633974483
10
21.28469646939291
20
-7.820209912309224
42
0
10
21.28469646939291
20
-9.397468523047564
42
-0.7853981633974483
10
21.895491490982952
20
-9.397468523047564
42
0
97
1
330

75
0
76
1
47
0.4128176842155181
98
1
10
34.90568961886538
20
22.81183545379326
450
0
451
0
460
0
461
0
452
1
462
1
453
2
463
0
63
5
421
255
463
1
63
7
421
16777215
470
LINEAR
1001
ACAD
1010
0
1020
0
1030
0
0
HATCH
5
9da
100
AcDbEntity
8
TopPasteMaskLayer
100
AcDbHatch
10
0
20
0
30
0
210
0
220
0
230
1
2
SOLID
70
1
71
0
91
1
92
7
72
1
73
1
93
4
10
21.87009144018285
20
-7.838836677673385
42
-0.7853981633974483
10
21.31009652019301
20
-7.838836677673385
42
0
10
21.31009652019301
20
-9.378841757683517
42
-0.7853981633974483
10
21.87009144018285
20
-9.378841757683517
42
0
97
1
330

75
0
76
1
47
0.4128176842155181
98
1
10
34.90568961886538
20
22.81183545379326
450
0
451
0
460
0
461
0
452
1
462
1
453
2
463
0
63
5
421
255
463
1
63
7
421
16777215
470
LINEAR
1001
ACAD
1010
0
1020
0
1030
0
0
HATCH
5
9e1
100
AcDbEntity
8
TopLayer
100
AcDbHatch
10
0
20
0
30
0
210
0
220
0
230
1
2
SOLID
70
1
71
0
91
1
92
7
72
1
73
1
93
4
10
21.87009144018285
20
-7.838836677673385
42
-0.7853981633974483
10
21.31009652019301
20
-7.838836677673385
42
0
10
21.31009652019301
20
-9.378841757683517
42
-0.7853981633974483
10
21.87009144018285
20
-9.378841757683517
42
0
97
1
330

75
0
76
1
47
0.4128176842155181
98
1
10
34.90568961886538
20
22.81183545379326
450
0
451
0
460
0
461
0
452
1
462
1
453
2
463
0
63
5
421
255
463
1
63
7
421
16777215
470
LINEAR
1001
ACAD
1010
0
1020
0
1030
0
0
HATCH
5
9e8
100
AcDbEntity
8
TopSolderMaskLayer
100
AcDbHatch
10
0
20
0
30
0
210
0
220
0
230
1
2
SOLID
70
1
71
0
91
1
92
7
72
1
73
1
93
4
10
23.165494030988132
20
-7.820209912309224
42
-0.7853981633974483
10
22.55469900939809
20
-7.820209912309224
42
0
10
22.55469900939809
20
-9.397468523047564
42
-0.7853981633974483
10
23.165494030988132
20
-9.397468523047564
42
0
97
1
330

75
0
76
1
47
0.4128176842155181
98
1
10
34.90568961886538
20
22.81183545379326
450
0
451
0
460
0
461
0
452
1
462
1
453
2
463
0
63
5
421
255
463
1
63
7
421
16777215
470
LINEAR
1001
ACAD
1010
0
1020
0
1030
0
0
HATCH
5
9ef
100
AcDbEntity
8
TopPasteMaskLayer
100
AcDbHatch
10
0
20
0
30
0
210
0
220
0
230
1
2
SOLID
70
1
71
0
91
1
92
7
72
1
73
1
93
4
10
23.14009398018803
20
-7.838836677673385
42
-0.7853981633974483
10
22.58009906019819
20
-7.838836677673385
42
0
10
22.58009906019819
20
-9.378841757683517
42
-0.7853981633974483
10
23.14009398018803
20
-9.378841757683517
42
0
97
1
330

75
0
76
1
47
0.4128176842155181
98
1
10
34.90568961886538
20
22.81183545379326
450
0
451
0
460
0
461
0
452
1
462
1
453
2
463
0
63
5
421
255
463
1
63
7
421
16777215
470
LINEAR
1001
ACAD
1010
0
1020
0
1030
0
0
HATCH
5
9f6
100
AcDbEntity
8
TopLayer
100
AcDbHatch
10
0
20
0
30
0
210
0
220
0
230
1
2
SOLID
70
1
71
0
91
1
92
7
72
1
73
1
93
4
10
23.14009398018803
20
-7.838836677673385
42
-0.7853981633974483
10
22.58009906019819
20
-7.838836677673385
42
0
10
22.58009906019819
20
-9.378841757683517
42
-0.7853981633974483
10
23.14009398018803
20
-9.378841757683517
42
0
97
1
330

75
0
76
1
47
0.4128176842155181
98
1
10
34.90568961886538
20
22.81183545379326
450
0
451
0
460
0
461
0
452
1
462
1
453
2
463
0
63
5
421
255
463
1
63
7
421
16777215
470
LINEAR
1001
ACAD
1010
0
1020
0
1030
0
0
HATCH
5
9fd
100
AcDbEntity
8
TopSolderMaskLayer
100
AcDbHatch
10
0
20
0
30
0
210
0
220
0
230
1
2
SOLID
70
1
71
0
91
1
92
7
72
1
73
1
93
4
10
24.435496570993084
20
-7.820209912309224
42
-0.7853981633974483
10
23.82470154940304
20
-7.820209912309224
42
0
10
23.82470154940304
20
-9.397468523047564
42
-0.7853981633974483
10
24.435496570993084
20
-9.397468523047564
42
0
97
1
330

75
0
76
1
47
0.4128176842155181
98
1
10
34.90568961886538
20
22.81183545379326
450
0
451
0
460
0
461
0
452
1
462
1
453
2
463
0
63
5
421
255
463
1
63
7
421
16777215
470
LINEAR
1001
ACAD
1010
0
1020
0
1030
0
0
HATCH
5
a04
100
AcDbEntity
8
TopPasteMaskLayer
100
AcDbHatch
10
0
20
0
30
0
210
0
220
0
230
1
2
SOLID
70
1
71
0
91
1
92
7
72
1
73
1
93
4
10
24.410096520192983
20
-7.838836677673385
42
-0.7853981633974483
10
23.850101600203143
20
-7.838836677673385
42
0
10
23.850101600203143
20
-9.378841757683517
42
-0.7853981633974483
10
24.410096520192983
20
-9.378841757683517
42
0
97
1
330

75
0
76
1
47
0.4128176842155181
98
1
10
34.90568961886538
20
22.81183545379326
450
0
451
0
460
0
461
0
452
1
462
1
453
2
463
0
63
5
421
255
463
1
63
7
421
16777215
470
LINEAR
1001
ACAD
1010
0
1020
0
1030
0
0
HATCH
5
a0b
100
AcDbEntity
8
TopLayer
100
AcDbHatch
10
0
20
0
30
0
210
0
220
0
230
1
2
SOLID
70
1
71
0
91
1
92
7
72
1
73
1
93
4
10
24.410096520192983
20
-7.838836677673385
42
-0.7853981633974483
10
23.850101600203143
20
-7.838836677673385
42
0
10
23.850101600203143
20
-9.378841757683517
42
-0.7853981633974483
10
24.410096520192983
20
-9.378841757683517
42
0
97
1
330

75
0
76
1
47
0.4128176842155181
98
1
10
34.90568961886538
20
22.81183545379326
450
0
451
0
460
0
461
0
452
1
462
1
453
2
463
0
63
5
421
255
463
1
63
7
421
16777215
470
LINEAR
1001
ACAD
1010
0
1020
0
1030
0
0
HATCH
5
a12
100
AcDbEntity
8
TopSolderMaskLayer
100
AcDbHatch
10
0
20
0
30
0
210
0
220
0
230
1
2
SOLID
70
1
71
0
91
1
92
7
72
1
73
1
93
4
10
25.705499110998264
20
-7.820209912309224
42
-0.7853981633974483
10
25.09470408940822
20
-7.820209912309224
42
0
10
25.09470408940822
20
-9.397468523047564
42
-0.7853981633974483
10
25.705499110998264
20
-9.397468523047564
42
0
97
1
330

75
0
76
1
47
0.4128176842155181
98
1
10
34.90568961886538
20
22.81183545379326
450
0
451
0
460
0
461
0
452
1
462
1
453
2
463
0
63
5
421
255
463
1
63
7
421
16777215
470
LINEAR
1001
ACAD
1010
0
1020
0
1030
0
0
HATCH
5
a19
100
AcDbEntity
8
TopPasteMaskLayer
100
AcDbHatch
10
0
20
0
30
0
210
0
220
0
230
1
2
SOLID
70
1
71
0
91
1
92
7
72
1
73
1
93
4
10
25.680099060198163
20
-7.838836677673385
42
-0.7853981633974483
10
25.120104140208323
20
-7.838836677673385
42
0
10
25.120104140208323
20
-9.378841757683517
42
-0.7853981633974483
10
25.680099060198163
20
-9.378841757683517
42
0
97
1
330

75
0
76
1
47
0.4128176842155181
98
1
10
34.90568961886538
20
22.81183545379326
450
0
451
0
460
0
461
0
452
1
462
1
453
2
463
0
63
5
421
255
463
1
63
7
421
16777215
470
LINEAR
1001
ACAD
1010
0
1020
0
1030
0
0
HATCH
5
a20
100
AcDbEntity
8
TopLayer
100
AcDbHatch
10
0
20
0
30
0
210
0
220
0
230
1
2
SOLID
70
1
71
0
91
1
92
7
72
1
73
1
93
4
10
25.680099060198163
20
-7.838836677673385
42
-0.7853981633974483
10
25.120104140208323
20
-7.838836677673385
42
0
10
25.120104140208323
20
-9.378841757683517
42
-0.7853981633974483
10
25.680099060198163
20
-9.378841757683517
42
0
97
1
330

75
0
76
1
47
0.4128176842155181
98
1
10
34.90568961886538
20
22.81183545379326
450
0
451
0
460
0
461
0
452
1
462
1
453
2
463
0
63
5
421
255
463
1
63
7
421
16777215
470
LINEAR
1001
ACAD
1010
0
1020
0
1030
0
0
HATCH
5
a27
100
AcDbEntity
8
TopSolderMaskLayer
100
AcDbHatch
10
0
20
0
30
0
210
0
220
0
230
1
2
SOLID
70
1
71
0
91
1
92
7
72
1
73
1
93
4
10
26.975501651003217
20
-7.820209912309224
42
-0.7853981633974483
10
26.364706629413174
20
-7.820209912309224
42
0
10
26.364706629413174
20
-9.397468523047564
42
-0.7853981633974483
10
26.975501651003217
20
-9.397468523047564
42
0
97
1
330

75
0
76
1
47
0.4128176842155181
98
1
10
34.90568961886538
20
22.81183545379326
450
0
451
0
460
0
461
0
452
1
462
1
453
2
463
0
63
5
421
255
463
1
63
7
421
16777215
470
LINEAR
1001
ACAD
1010
0
1020
0
1030
0
0
HATCH
5
a2e
100
AcDbEntity
8
TopPasteMaskLayer
100
AcDbHatch
10
0
20
0
30
0
210
0
220
0
230
1
2
SOLID
70
1
71
0
91
1
92
7
72
1
73
1
93
4
10
26.950101600203116
20
-7.838836677673385
42
-0.7853981633974483
10
26.390106680213275
20
-7.838836677673385
42
0
10
26.390106680213275
20
-9.378841757683517
42
-0.7853981633974483
10
26.950101600203116
20
-9.378841757683517
42
0
97
1
330

75
0
76
1
47
0.4128176842155181
98
1
10
34.90568961886538
20
22.81183545379326
450
0
451
0
460
0
461
0
452
1
462
1
453
2
463
0
63
5
421
255
463
1
63
7
421
16777215
470
LINEAR
1001
ACAD
1010
0
1020
0
1030
0
0
HATCH
5
a35
100
AcDbEntity
8
TopLayer
100
AcDbHatch
10
0
20
0
30
0
210
0
220
0
230
1
2
SOLID
70
1
71
0
91
1
92
7
72
1
73
1
93
4
10
26.950101600203116
20
-7.838836677673385
42
-0.7853981633974483
10
26.390106680213275
20
-7.838836677673385
42
0
10
26.390106680213275
20
-9.378841757683517
42
-0.7853981633974483
10
26.950101600203116
20
-9.378841757683517
42
0
97
1
330

75
0
76
1
47
0.4128176842155181
98
1
10
34.90568961886538
20
22.81183545379326
450
0
451
0
460
0
461
0
452
1
462
1
453
2
463
0
63
5
421
255
463
1
63
7
421
16777215
470
LINEAR
1001
ACAD
1010
0
1020
0
1030
0
0
HATCH
5
a3c
100
AcDbEntity
8
TopSolderMaskLayer
100
AcDbHatch
10
0
20
0
30
0
210
0
220
0
230
1
2
SOLID
70
1
71
0
91
1
92
7
72
1
73
1
93
4
10
28.245504191008397
20
-7.820209912309224
42
-0.7853981633974483
10
27.634709169418354
20
-7.820209912309224
42
0
10
27.634709169418354
20
-9.397468523047564
42
-0.7853981633974483
10
28.245504191008397
20
-9.397468523047564
42
0
97
1
330

75
0
76
1
47
0.4128176842155181
98
1
10
34.90568961886538
20
22.81183545379326
450
0
451
0
460
0
461
0
452
1
462
1
453
2
463
0
63
5
421
255
463
1
63
7
421
16777215
470
LINEAR
1001
ACAD
1010
0
1020
0
1030
0
0
HATCH
5
a43
100
AcDbEntity
8
TopPasteMaskLayer
100
AcDbHatch
10
0
20
0
30
0
210
0
220
0
230
1
2
SOLID
70
1
71
0
91
1
92
7
72
1
73
1
93
4
10
28.220104140208296
20
-7.838836677673385
42
-0.7853981633974483
10
27.660109220218455
20
-7.838836677673385
42
0
10
27.660109220218455
20
-9.378841757683517
42
-0.7853981633974483
10
28.220104140208296
20
-9.378841757683517
42
0
97
1
330

75
0
76
1
47
0.4128176842155181
98
1
10
34.90568961886538
20
22.81183545379326
450
0
451
0
460
0
461
0
452
1
462
1
453
2
463
0
63
5
421
255
463
1
63
7
421
16777215
470
LINEAR
1001
ACAD
1010
0
1020
0
1030
0
0
HATCH
5
a4a
100
AcDbEntity
8
TopLayer
100
AcDbHatch
10
0
20
0
30
0
210
0
220
0
230
1
2
SOLID
70
1
71
0
91
1
92
7
72
1
73
1
93
4
10
28.220104140208296
20
-7.838836677673385
42
-0.7853981633974483
10
27.660109220218455
20
-7.838836677673385
42
0
10
27.660109220218455
20
-9.378841757683517
42
-0.7853981633974483
10
28.220104140208296
20
-9.378841757683517
42
0
97
1
330

75
0
76
1
47
0.4128176842155181
98
1
10
34.90568961886538
20
22.81183545379326
450
0
451
0
460
0
461
0
452
1
462
1
453
2
463
0
63
5
421
255
463
1
63
7
421
16777215
470
LINEAR
1001
ACAD
1010
0
1020
0
1030
0
0
HATCH
5
a51
100
AcDbEntity
8
TopSolderMaskLayer
100
AcDbHatch
10
0
20
0
30
0
210
0
220
0
230
1
2
SOLID
70
1
71
0
91
1
92
7
72
1
73
1
93
4
10
29.51550673101335
20
-7.820209912309224
42
-0.7853981633974483
10
28.904711709423307
20
-7.820209912309224
42
0
10
28.904711709423307
20
-9.397468523047564
42
-0.7853981633974483
10
29.51550673101335
20
-9.397468523047564
42
0
97
1
330

75
0
76
1
47
0.4128176842155181
98
1
10
34.90568961886538
20
22.81183545379326
450
0
451
0
460
0
461
0
452
1
462
1
453
2
463
0
63
5
421
255
463
1
63
7
421
16777215
470
LINEAR
1001
ACAD
1010
0
1020
0
1030
0
0
HATCH
5
a58
100
AcDbEntity
8
TopPasteMaskLayer
100
AcDbHatch
10
0
20
0
30
0
210
0
220
0
230
1
2
SOLID
70
1
71
0
91
1
92
7
72
1
73
1
93
4
10
29.49010668021325
20
-7.838836677673385
42
-0.7853981633974483
10
28.930111760223408
20
-7.838836677673385
42
0
10
28.930111760223408
20
-9.378841757683517
42
-0.7853981633974483
10
29.49010668021325
20
-9.378841757683517
42
0
97
1
330

75
0
76
1
47
0.4128176842155181
98
1
10
34.90568961886538
20
22.81183545379326
450
0
451
0
460
0
461
0
452
1
462
1
453
2
463
0
63
5
421
255
463
1
63
7
421
16777215
470
LINEAR
1001
ACAD
1010
0
1020
0
1030
0
0
HATCH
5
a5f
100
AcDbEntity
8
TopLayer
100
AcDbHatch
10
0
20
0
30
0
210
0
220
0
230
1
2
SOLID
70
1
71
0
91
1
92
7
72
1
73
1
93
4
10
29.49010668021325
20
-7.838836677673385
42
-0.7853981633974483
10
28.930111760223408
20
-7.838836677673385
42
0
10
28.930111760223408
20
-9.378841757683517
42
-0.7853981633974483
10
29.49010668021325
20
-9.378841757683517
42
0
97
1
330

75
0
76
1
47
0.4128176842155181
98
1
10
34.90568961886538
20
22.81183545379326
450
0
451
0
460
0
461
0
452
1
462
1
453
2
463
0
63
5
421
255
463
1
63
7
421
16777215
470
LINEAR
1001
ACAD
1010
0
1020
0
1030
0
0
HATCH
5
a66
100
AcDbEntity
8
TopSolderMaskLayer
100
AcDbHatch
10
0
20
0
30
0
210
0
220
0
230
1
2
SOLID
70
1
71
0
91
1
92
7
72
1
73
1
93
4
10
30.78550927101853
20
-7.820209912309224
42
-0.7853981633974483
10
30.174714249428487
20
-7.820209912309224
42
0
10
30.174714249428487
20
-9.397468523047564
42
-0.7853981633974483
10
30.78550927101853
20
-9.397468523047564
42
0
97
1
330

75
0
76
1
47
0.4128176842155181
98
1
10
34.90568961886538
20
22.81183545379326
450
0
451
0
460
0
461
0
452
1
462
1
453
2
463
0
63
5
421
255
463
1
63
7
421
16777215
470
LINEAR
1001
ACAD
1010
0
1020
0
1030
0
0
HATCH
5
a6d
100
AcDbEntity
8
TopPasteMaskLayer
100
AcDbHatch
10
0
20
0
30
0
210
0
220
0
230
1
2
SOLID
70
1
71
0
91
1
92
7
72
1
73
1
93
4
10
30.76010922021843
20
-7.838836677673385
42
-0.7853981633974483
10
30.200114300228588
20
-7.838836677673385
42
0
10
30.200114300228588
20
-9.378841757683517
42
-0.7853981633974483
10
30.76010922021843
20
-9.378841757683517
42
0
97
1
330

75
0
76
1
47
0.4128176842155181
98
1
10
34.90568961886538
20
22.81183545379326
450
0
451
0
460
0
461
0
452
1
462
1
453
2
463
0
63
5
421
255
463
1
63
7
421
16777215
470
LINEAR
1001
ACAD
1010
0
1020
0
1030
0
0
HATCH
5
a74
100
AcDbEntity
8
TopLayer
100
AcDbHatch
10
0
20
0
30
0
210
0
220
0
230
1
2
SOLID
70
1
71
0
91
1
92
7
72
1
73
1
93
4
10
30.76010922021843
20
-7.838836677673385
42
-0.7853981633974483
10
30.200114300228588
20
-7.838836677673385
42
0
10
30.200114300228588
20
-9.378841757683517
42
-0.7853981633974483
10
30.76010922021843
20
-9.378841757683517
42
0
97
1
330

75
0
76
1
47
0.4128176842155181
98
1
10
34.90568961886538
20
22.81183545379326
450
0
451
0
460
0
461
0
452
1
462
1
453
2
463
0
63
5
421
255
463
1
63
7
421
16777215
470
LINEAR
1001
ACAD
1010
0
1020
0
1030
0
0
HATCH
5
a77
100
AcDbEntity
8
TopSolderMaskLayer
100
AcDbHatch
10
0
20
0
30
0
210
0
220
0
230
1
2
SOLID
70
1
71
0
91
1
92
7
72
0
73
1
93
4
10
14.537416364421688
20
-28.28041458586597
10
14.537416364421688
20
-27.249604324245524
10
12.016613722816373
20
-27.249604324245524
10
12.016613722816373
20
-28.28041458586597
97
1
330

75
0
76
1
47
0.4128176842155181
98
1
10
34.90568961886538
20
22.81183545379326
450
0
451
0
460
0
461
0
452
1
462
1
453
2
463
0
63
5
421
255
463
1
63
7
421
16777215
470
LINEAR
1001
ACAD
1010
0
1020
0
1030
0
0
HATCH
5
a7a
100
AcDbEntity
8
TopPasteMaskLayer
100
AcDbHatch
10
0
20
0
30
0
210
0
220
0
230
1
2
SOLID
70
1
71
0
91
1
92
7
72
0
73
1
93
4
10
14.512014224028462
20
-28.255016510032988
10
14.512014224028462
20
-27.27500635001263
10
12.042011684023237
20
-27.27500635001263
10
12.042011684023237
20
-28.255016510032988
97
1
330

75
0
76
1
47
0.4128176842155181
98
1
10
34.90568961886538
20
22.81183545379326
450
0
451
0
460
0
461
0
452
1
462
1
453
2
463
0
63
5
421
255
463
1
63
7
421
16777215
470
LINEAR
1001
ACAD
1010
0
1020
0
1030
0
0
HATCH
5
a7d
100
AcDbEntity
8
TopLayer
100
AcDbHatch
10
0
20
0
30
0
210
0
220
0
230
1
2
SOLID
70
1
71
0
91
1
92
7
72
0
73
1
93
4
10
14.512014224028462
20
-28.255016510032988
10
14.512014224028462
20
-27.27500635001263
10
12.042011684023237
20
-27.27500635001263
10
12.042011684023237
20
-28.255016510032988
97
1
330

75
0
76
1
47
0.4128176842155181
98
1
10
34.90568961886538
20
22.81183545379326
450
0
451
0
460
0
461
0
452
1
462
1
453
2
463
0
63
5
421
255
463
1
63
7
421
16777215
470
LINEAR
1001
ACAD
1010
0
1020
0
1030
0
0
HATCH
5
a80
100
AcDbEntity
8
TopSolderMaskLayer
100
AcDbHatch
10
0
20
0
30
0
210
0
220
0
230
1
2
SOLID
70
1
71
0
91
1
92
7
72
0
73
1
93
4
10
14.537416364421688
20
-25.980386552525943
10
14.537416364421688
20
-24.9496030076009
10
12.016613722816373
20
-24.9496030076009
10
12.016613722816373
20
-25.980386552525943
97
1
330

75
0
76
1
47
0.4128176842155181
98
1
10
34.90568961886538
20
22.81183545379326
450
0
451
0
460
0
461
0
452
1
462
1
453
2
463
0
63
5
421
255
463
1
63
7
421
16777215
470
LINEAR
1001
ACAD
1010
0
1020
0
1030
0
0
HATCH
5
a83
100
AcDbEntity
8
TopPasteMaskLayer
100
AcDbHatch
10
0
20
0
30
0
210
0
220
0
230
1
2
SOLID
70
1
71
0
91
1
92
7
72
0
73
1
93
4
10
14.512014224028462
20
-25.95499110998219
10
14.512014224028462
20
-24.975006350012677
10
12.042011684023237
20
-24.975006350012677
10
12.042011684023237
20
-25.95499110998219
97
1
330

75
0
76
1
47
0.4128176842155181
98
1
10
34.90568961886538
20
22.81183545379326
450
0
451
0
460
0
461
0
452
1
462
1
453
2
463
0
63
5
421
255
463
1
63
7
421
16777215
470
LINEAR
1001
ACAD
1010
0
1020
0
1030
0
0
HATCH
5
a86
100
AcDbEntity
8
TopLayer
100
AcDbHatch
10
0
20
0
30
0
210
0
220
0
230
1
2
SOLID
70
1
71
0
91
1
92
7
72
0
73
1
93
4
10
14.512014224028462
20
-25.95499110998219
10
14.512014224028462
20
-24.975006350012677
10
12.042011684023237
20
-24.975006350012677
10
12.042011684023237
20
-25.95499110998219
97
1
330

75
0
76
1
47
0.4128176842155181
98
1
10
34.90568961886538
20
22.81183545379326
450
0
451
0
460
0
461
0
452
1
462
1
453
2
463
0
63
5
421
255
463
1
63
7
421
16777215
470
LINEAR
1001
ACAD
1010
0
1020
0
1030
0
0
HATCH
5
a89
100
AcDbEntity
8
TopSolderMaskLayer
100
AcDbHatch
10
0
20
0
30
0
210
0
220
0
230
1
2
SOLID
70
1
71
0
91
1
92
7
72
0
73
1
93
4
10
14.537416364421688
20
-23.680385235881204
10
14.537416364421688
20
-22.64957497426076
10
12.016613722816373
20
-22.64957497426076
10
12.016613722816373
20
-23.680385235881204
97
1
330

75
0
76
1
47
0.4128176842155181
98
1
10
34.90568961886538
20
22.81183545379326
450
0
451
0
460
0
461
0
452
1
462
1
453
2
463
0
63
5
421
255
463
1
63
7
421
16777215
470
LINEAR
1001
ACAD
1010
0
1020
0
1030
0
0
HATCH
5
a8c
100
AcDbEntity
8
TopPasteMaskLayer
100
AcDbHatch
10
0
20
0
30
0
210
0
220
0
230
1
2
SOLID
70
1
71
0
91
1
92
7
72
0
73
1
93
4
10
14.512014224028462
20
-23.654991109982234
10
14.512014224028462
20
-22.674980949961878
10
12.042011684023237
20
-22.674980949961878
10
12.042011684023237
20
-23.654991109982234
97
1
330

75
0
76
1
47
0.4128176842155181
98
1
10
34.90568961886538
20
22.81183545379326
450
0
451
0
460
0
461
0
452
1
462
1
453
2
463
0
63
5
421
255
463
1
63
7
421
16777215
470
LINEAR
1001
ACAD
1010
0
1020
0
1030
0
0
HATCH
5
a8f
100
AcDbEntity
8
TopLayer
100
AcDbHatch
10
0
20
0
30
0
210
0
220
0
230
1
2
SOLID
70
1
71
0
91
1
92
7
72
0
73
1
93
4
10
14.512014224028462
20
-23.654991109982234
10
14.512014224028462
20
-22.674980949961878
10
12.042011684023237
20
-22.674980949961878
10
12.042011684023237
20
-23.654991109982234
97
1
330

75
0
76
1
47
0.4128176842155181
98
1
10
34.90568961886538
20
22.81183545379326
450
0
451
0
460
0
461
0
452
1
462
1
453
2
463
0
63
5
421
255
463
1
63
7
421
16777215
470
LINEAR
1001
ACAD
1010
0
1020
0
1030
0
0
HATCH
5
a92
100
AcDbEntity
8
TopSolderMaskLayer
100
AcDbHatch
10
0
20
0
30
0
210
0
220
0
230
1
2
SOLID
70
1
71
0
91
1
92
7
72
0
73
1
93
4
10
8.867409645230282
20
-23.639597603926404
10
8.867409645230282
20
-27.290397705526516
10
6.3466070036249675
20
-27.290397705526516
10
6.3466070036249675
20
-23.639597603926404
97
1
330

75
0
76
1
47
0.4128176842155181
98
1
10
34.90568961886538
20
22.81183545379326
450
0
451
0
460
0
461
0
452
1
462
1
453
2
463
0
63
5
421
255
463
1
63
7
421
16777215
470
LINEAR
1001
ACAD
1010
0
1020
0
1030
0
0
HATCH
5
a95
100
AcDbEntity
8
TopPasteMaskLayer
100
AcDbHatch
10
0
20
0
30
0
210
0
220
0
230
1
2
SOLID
70
1
71
0
91
1
92
7
72
0
73
1
93
4
10
8.842011684023419
20
-23.664998729997478
10
8.842011684023419
20
-27.264998729997387
10
6.372009144018193
20
-27.264998729997387
10
6.372009144018193
20
-23.664998729997478
97
1
330

75
0
76
1
47
0.4128176842155181
98
1
10
34.90568961886538
20
22.81183545379326
450
0
451
0
460
0
461
0
452
1
462
1
453
2
463
0
63
5
421
255
463
1
63
7
421
16777215
470
LINEAR
1001
ACAD
1010
0
1020
0
1030
0
0
HATCH
5
a98
100
AcDbEntity
8
TopLayer
100
AcDbHatch
10
0
20
0
30
0
210
0
220
0
230
1
2
SOLID
70
1
71
0
91
1
92
7
72
0
73
1
93
4
10
8.842011684023419
20
-23.664998729997478
10
8.842011684023419
20
-27.264998729997387
10
6.372009144018193
20
-27.264998729997387
10
6.372009144018193
20
-23.664998729997478
97
1
330

75
0
76
1
47
0.4128176842155181
98
1
10
34.90568961886538
20
22.81183545379326
450
0
451
0
460
0
461
0
452
1
462
1
453
2
463
0
63
5
421
255
463
1
63
7
421
16777215
470
LINEAR
1001
ACAD
1010
0
1020
0
1030
0
0
HATCH
5
a9b
100
AcDbEntity
8
TopSolderMaskLayer
100
AcDbHatch
10
0
20
0
30
0
210
0
220
0
230
1
2
SOLID
70
1
71
0
91
1
92
7
72
0
73
1
93
4
10
32.974066932157484
20
-46.0424182064728
10
24.523241430506232
20
-46.0424182064728
10
24.523241430506232
20
-35.38359168881982
10
32.974066932157484
20
-35.38359168881982
97
1
330

75
0
76
1
47
0.4128176842155181
98
1
10
34.90568961886538
20
22.81183545379326
450
0
451
0
460
0
461
0
452
1
462
1
453
2
463
0
63
5
421
255
463
1
63
7
421
16777215
470
LINEAR
1001
ACAD
1010
0
1020
0
1030
0
0
HATCH
5
a9e
100
AcDbEntity
8
TopPasteMaskLayer
100
AcDbHatch
10
0
20
0
30
0
210
0
220
0
230
1
2
SOLID
70
1
71
0
91
1
92
7
72
0
73
1
93
4
10
32.94866649733308
20
-46.01701803403603
10
24.548641097282143
20
-46.01701803403603
10
24.548641097282143
20
-35.40899161798325
10
32.94866649733308
20
-35.40899161798325
97
1
330

75
0
76
1
47
0.4128176842155181
98
1
10
34.90568961886538
20
22.81183545379326
450
0
451
0
460
0
461
0
452
1
462
1
453
2
463
0
63
5
421
255
463
1
63
7
421
16777215
470
LINEAR
1001
ACAD
1010
0
1020
0
1030
0
0
HATCH
5
aa1
100
AcDbEntity
8
TopLayer
100
AcDbHatch
10
0
20
0
30
0
210
0
220
0
230
1
2
SOLID
70
1
71
0
91
1
92
7
72
0
73
1
93
4
10
32.94866649733308
20
-46.01701803403603
10
24.548641097282143
20
-46.01701803403603
10
24.548641097282143
20
-35.40899161798325
10
32.94866649733308
20
-35.40899161798325
97
1
330

75
0
76
1
47
0.4128176842155181
98
1
10
34.90568961886538
20
22.81183545379326
450
0
451
0
460
0
461
0
452
1
462
1
453
2
463
0
63
5
421
255
463
1
63
7
421
16777215
470
LINEAR
1001
ACAD
1010
0
1020
0
1030
0
0
HATCH
5
aa4
100
AcDbEntity
8
TopSolderMaskLayer
100
AcDbHatch
10
0
20
0
30
0
210
0
220
0
230
1
2
SOLID
70
1
71
0
91
1
92
7
72
0
73
1
93
4
10
19.98275493482106
20
-44.178410673667145
10
16.231929084433432
20
-44.178410673667145
10
16.231929084433432
20
-42.3276105720671
10
19.98275493482106
20
-42.3276105720671
97
1
330

75
0
76
1
47
0.4128176842155181
98
1
10
34.90568961886538
20
22.81183545379326
450
0
451
0
460
0
461
0
452
1
462
1
453
2
463
0
63
5
421
255
463
1
63
7
421
16777215
470
LINEAR
1001
ACAD
1010
0
1020
0
1030
0
0
HATCH
5
aa7
100
AcDbEntity
8
TopPasteMaskLayer
100
AcDbHatch
10
0
20
0
30
0
210
0
220
0
230
1
2
SOLID
70
1
71
0
91
1
92
7
72
0
73
1
93
4
10
19.957353314706552
20
-44.15300990601975
10
16.25732791465566
20
-44.15300990601975
10
16.25732791465566
20
-42.35300990601979
10
19.957353314706552
20
-42.35300990601979
97
1
330

75
0
76
1
47
0.4128176842155181
98
1
10
34.90568961886538
20
22.81183545379326
450
0
451
0
460
0
461
0
452
1
462
1
453
2
463
0
63
5
421
255
463
1
63
7
421
16777215
470
LINEAR
1001
ACAD
1010
0
1020
0
1030
0
0
HATCH
5
aaa
100
AcDbEntity
8
TopLayer
100
AcDbHatch
10
0
20
0
30
0
210
0
220
0
230
1
2
SOLID
70
1
71
0
91
1
92
7
72
0
73
1
93
4
10
19.957353314706552
20
-44.15300990601975
10
16.25732791465566
20
-44.15300990601975
10
16.25732791465566
20
-42.35300990601979
10
19.957353314706552
20
-42.35300990601979
97
1
330

75
0
76
1
47
0.4128176842155181
98
1
10
34.90568961886538
20
22.81183545379326
450
0
451
0
460
0
461
0
452
1
462
1
453
2
463
0
63
5
421
255
463
1
63
7
421
16777215
470
LINEAR
1001
ACAD
1010
0
1020
0
1030
0
0
HATCH
5
aad
100
AcDbEntity
8
TopSolderMaskLayer
100
AcDbHatch
10
0
20
0
30
0
210
0
220
0
230
1
2
SOLID
70
1
71
0
91
1
92
7
72
0
73
1
93
4
10
19.98275493482106
20
-39.09840051364688
10
16.231929084433432
20
-39.09840051364688
10
16.231929084433432
20
-37.247600412046836
10
19.98275493482106
20
-37.247600412046836
97
1
330

75
0
76
1
47
0.4128176842155181
98
1
10
34.90568961886538
20
22.81183545379326
450
0
451
0
460
0
461
0
452
1
462
1
453
2
463
0
63
5
421
255
463
1
63
7
421
16777215
470
LINEAR
1001
ACAD
1010
0
1020
0
1030
0
0
HATCH
5
ab0
100
AcDbEntity
8
TopPasteMaskLayer
100
AcDbHatch
10
0
20
0
30
0
210
0
220
0
230
1
2
SOLID
70
1
71
0
91
1
92
7
72
0
73
1
93
4
10
19.957353314706552
20
-39.07299974599948
10
16.25732791465566
20
-39.07299974599948
10
16.25732791465566
20
-37.27299974599953
10
19.957353314706552
20
-37.27299974599953
97
1
330

75
0
76
1
47
0.4128176842155181
98
1
10
34.90568961886538
20
22.81183545379326
450
0
451
0
460
0
461
0
452
1
462
1
453
2
463
0
63
5
421
255
463
1
63
7
421
16777215
470
LINEAR
1001
ACAD
1010
0
1020
0
1030
0
0
HATCH
5
ab3
100
AcDbEntity
8
TopLayer
100
AcDbHatch
10
0
20
0
30
0
210
0
220
0
230
1
2
SOLID
70
1
71
0
91
1
92
7
72
0
73
1
93
4
10
19.957353314706552
20
-39.07299974599948
10
16.25732791465566
20
-39.07299974599948
10
16.25732791465566
20
-37.27299974599953
10
19.957353314706552
20
-37.27299974599953
97
1
330

75
0
76
1
47
0.4128176842155181
98
1
10
34.90568961886538
20
22.81183545379326
450
0
451
0
460
0
461
0
452
1
462
1
453
2
463
0
63
5
421
255
463
1
63
7
421
16777215
470
LINEAR
1001
ACAD
1010
0
1020
0
1030
0
0
HATCH
5
ab6
100
AcDbEntity
8
TopSolderMaskLayer
100
AcDbHatch
10
0
20
0
30
0
210
0
220
0
230
1
2
SOLID
70
1
71
0
91
1
92
7
72
0
73
1
93
4
10
21.66159880983355
20
0.3035019811975417
10
23.112398911433502
20
0.3035019811975417
10
23.112398911433502
20
-0.9472981204025928
10
21.66159880983355
20
-0.9472981204025928
97
1
330

75
0
76
1
47
0.4128176842155181
98
1
10
34.90568961886538
20
22.81183545379326
450
0
451
0
460
0
461
0
452
1
462
1
453
2
463
0
63
5
421
255
463
1
63
7
421
16777215
470
LINEAR
1001
ACAD
1010
0
1020
0
1030
0
0
HATCH
5
ab9
100
AcDbEntity
8
TopPasteMaskLayer
100
AcDbHatch
10
0
20
0
30
0
210
0
220
0
230
1
2
SOLID
70
1
71
0
91
1
92
7
72
0
73
1
93
4
10
21.686995173990454
20
0.2781051562103585
10
23.086995173990317
20
0.2781051562103585
10
23.086995173990317
20
-0.921894843789687
10
21.686995173990454
20
-0.921894843789687
97
1
330

75
0
76
1
47
0.4128176842155181
98
1
10
34.90568961886538
20
22.81183545379326
450
0
451
0
460
0
461
0
452
1
462
1
453
2
463
0
63
5
421
255
463
1
63
7
421
16777215
470
LINEAR
1001
ACAD
1010
0
1020
0
1030
0
0
HATCH
5
abc
100
AcDbEntity
8
TopLayer
100
AcDbHatch
10
0
20
0
30
0
210
0
220
0
230
1
2
SOLID
70
1
71
0
91
1
92
7
72
0
73
1
93
4
10
21.686995173990454
20
0.2781051562103585
10
23.086995173990317
20
0.2781051562103585
10
23.086995173990317
20
-0.921894843789687
10
21.686995173990454
20
-0.921894843789687
97
1
330

75
0
76
1
47
0.4128176842155181
98
1
10
34.90568961886538
20
22.81183545379326
450
0
451
0
460
0
461
0
452
1
462
1
453
2
463
0
63
5
421
255
463
1
63
7
421
16777215
470
LINEAR
1001
ACAD
1010
0
1020
0
1030
0
0
HATCH
5
abf
100
AcDbEntity
8
TopSolderMaskLayer
100
AcDbHatch
10
0
20
0
30
0
210
0
220
0
230
1
2
SOLID
70
1
71
0
91
1
92
7
72
0
73
1
93
4
10
23.861593279868657
20
0.3035019811975417
10
25.312393381468837
20
0.3035019811975417
10
25.312393381468837
20
-0.9472981204025928
10
23.861593279868657
20
-0.9472981204025928
97
1
330

75
0
76
1
47
0.4128176842155181
98
1
10
34.90568961886538
20
22.81183545379326
450
0
451
0
460
0
461
0
452
1
462
1
453
2
463
0
63
5
421
255
463
1
63
7
421
16777215
470
LINEAR
1001
ACAD
1010
0
1020
0
1030
0
0
HATCH
5
ac2
100
AcDbEntity
8
TopPasteMaskLayer
100
AcDbHatch
10
0
20
0
30
0
210
0
220
0
230
1
2
SOLID
70
1
71
0
91
1
92
7
72
0
73
1
93
4
10
23.8869951739905
20
0.2781051562103585
10
25.286995173990135
20
0.2781051562103585
10
25.286995173990135
20
-0.921894843789687
10
23.8869951739905
20
-0.921894843789687
97
1
330

75
0
76
1
47
0.4128176842155181
98
1
10
34.90568961886538
20
22.81183545379326
450
0
451
0
460
0
461
0
452
1
462
1
453
2
463
0
63
5
421
255
463
1
63
7
421
16777215
470
LINEAR
1001
ACAD
1010
0
1020
0
1030
0
0
HATCH
5
ac5
100
AcDbEntity
8
TopLayer
100
AcDbHatch
10
0
20
0
30
0
210
0
220
0
230
1
2
SOLID
70
1
71
0
91
1
92
7
72
0
73
1
93
4
10
23.8869951739905
20
0.2781051562103585
10
25.286995173990135
20
0.2781051562103585
10
25.286995173990135
20
-0.921894843789687
10
23.8869951739905
20
-0.921894843789687
97
1
330

75
0
76
1
47
0.4128176842155181
98
1
10
34.90568961886538
20
22.81183545379326
450
0
451
0
460
0
461
0
452
1
462
1
453
2
463
0
63
5
421
255
463
1
63
7
421
16777215
470
LINEAR
1001
ACAD
1010
0
1020
0
1030
0
0
HATCH
5
ac8
100
AcDbEntity
8
TopSolderMaskLayer
100
AcDbHatch
10
0
20
0
30
0
210
0
220
0
230
1
2
SOLID
70
1
71
0
91
1
92
7
72
0
73
1
93
4
10
23.861593279868657
20
2.05356548132454
10
25.312393381468837
20
2.05356548132454
10
25.312393381468837
20
0.802765379724292
10
23.861593279868657
20
0.802765379724292
97
1
330

75
0
76
1
47
0.4128176842155181
98
1
10
34.90568961886538
20
22.81183545379326
450
0
451
0
460
0
461
0
452
1
462
1
453
2
463
0
63
5
421
255
463
1
63
7
421
16777215
470
LINEAR
1001
ACAD
1010
0
1020
0
1030
0
0
HATCH
5
acb
100
AcDbEntity
8
TopPasteMaskLayer
100
AcDbHatch
10
0
20
0
30
0
210
0
220
0
230
1
2
SOLID
70
1
71
0
91
1
92
7
72
0
73
1
93
4
10
23.8869951739905
20
2.028168656337357
10
25.286995173990135
20
2.028168656337357
10
25.286995173990135
20
0.8281686563373114
10
23.8869951739905
20
0.8281686563373114
97
1
330

75
0
76
1
47
0.4128176842155181
98
1
10
34.90568961886538
20
22.81183545379326
450
0
451
0
460
0
461
0
452
1
462
1
453
2
463
0
63
5
421
255
463
1
63
7
421
16777215
470
LINEAR
1001
ACAD
1010
0
1020
0
1030
0
0
HATCH
5
ace
100
AcDbEntity
8
TopLayer
100
AcDbHatch
10
0
20
0
30
0
210
0
220
0
230
1
2
SOLID
70
1
71
0
91
1
92
7
72
0
73
1
93
4
10
23.8869951739905
20
2.028168656337357
10
25.286995173990135
20
2.028168656337357
10
25.286995173990135
20
0.8281686563373114
10
23.8869951739905
20
0.8281686563373114
97
1
330

75
0
76
1
47
0.4128176842155181
98
1
10
34.90568961886538
20
22.81183545379326
450
0
451
0
460
0
461
0
452
1
462
1
453
2
463
0
63
5
421
255
463
1
63
7
421
16777215
470
LINEAR
1001
ACAD
1010
0
1020
0
1030
0
0
HATCH
5
ad1
100
AcDbEntity
8
TopSolderMaskLayer
100
AcDbHatch
10
0
20
0
30
0
210
0
220
0
230
1
2
SOLID
70
1
71
0
91
1
92
7
72
0
73
1
93
4
10
21.66159880983355
20
2.0535232833907457
10
23.112398911433502
20
2.0535232833907457
10
23.112398911433502
20
0.8027231817903839
10
21.66159880983355
20
0.8027231817903839
97
1
330

75
0
76
1
47
0.4128176842155181
98
1
10
34.90568961886538
20
22.81183545379326
450
0
451
0
460
0
461
0
452
1
462
1
453
2
463
0
63
5
421
255
463
1
63
7
421
16777215
470
LINEAR
1001
ACAD
1010
0
1020
0
1030
0
0
HATCH
5
ad4
100
AcDbEntity
8
TopPasteMaskLayer
100
AcDbHatch
10
0
20
0
30
0
210
0
220
0
230
1
2
SOLID
70
1
71
0
91
1
92
7
72
0
73
1
93
4
10
21.686995173990454
20
2.028117856235781
10
23.086995173990317
20
2.028117856235781
10
23.086995173990317
20
0.8281178562357354
10
21.686995173990454
20
0.8281178562357354
97
1
330

75
0
76
1
47
0.4128176842155181
98
1
10
34.90568961886538
20
22.81183545379326
450
0
451
0
460
0
461
0
452
1
462
1
453
2
463
0
63
5
421
255
463
1
63
7
421
16777215
470
LINEAR
1001
ACAD
1010
0
1020
0
1030
0
0
HATCH
5
ad7
100
AcDbEntity
8
TopLayer
100
AcDbHatch
10
0
20
0
30
0
210
0
220
0
230
1
2
SOLID
70
1
71
0
91
1
92
7
72
0
73
1
93
4
10
21.686995173990454
20
2.028117856235781
10
23.086995173990317
20
2.028117856235781
10
23.086995173990317
20
0.8281178562357354
10
21.686995173990454
20
0.8281178562357354
97
1
330

75
0
76
1
47
0.4128176842155181
98
1
10
34.90568961886538
20
22.81183545379326
450
0
451
0
460
0
461
0
452
1
462
1
453
2
463
0
63
5
421
255
463
1
63
7
421
16777215
470
LINEAR
1001
ACAD
1010
0
1020
0
1030
0
0
HATCH
5
ade
100
AcDbEntity
8
TopSolderMaskLayer
100
AcDbHatch
10
0
20
0
30
0
210
0
220
0
230
1
2
SOLID
70
1
71
0
91
1
92
7
72
1
73
1
93
4
10
37.37838455676908
20
-16.421806826960164
42
-0.7853981633974483
10
36.739573279146526
20
-16.421806826960164
42
0
10
36.739573279146526
20
-17.914997846649158
42
-0.7853981633974483
10
37.37838455676908
20
-17.914997846649158
42
0
97
1
330

75
0
76
1
47
0.4128176842155181
98
1
10
34.90568961886538
20
22.81183545379326
450
0
451
0
460
0
461
0
452
1
462
1
453
2
463
0
63
5
421
255
463
1
63
7
421
16777215
470
LINEAR
1001
ACAD
1010
0
1020
0
1030
0
0
HATCH
5
ae5
100
AcDbEntity
8
TopPasteMaskLayer
100
AcDbHatch
10
0
20
0
30
0
210
0
220
0
230
1
2
SOLID
70
1
71
0
91
1
92
7
72
1
73
1
93
4
10
37.352984505968976
20
-16.439903479806958
42
-0.7853981633974483
10
36.76497332994663
20
-16.439903479806958
42
0
10
36.76497332994663
20
-17.896901193802478
42
-0.7853981633974483
10
37.352984505968976
20
-17.896901193802478
42
0
97
1
330

75
0
76
1
47
0.4128176842155181
98
1
10
34.90568961886538
20
22.81183545379326
450
0
451
0
460
0
461
0
452
1
462
1
453
2
463
0
63
5
421
255
463
1
63
7
421
16777215
470
LINEAR
1001
ACAD
1010
0
1020
0
1030
0
0
HATCH
5
aec
100
AcDbEntity
8
TopLayer
100
AcDbHatch
10
0
20
0
30
0
210
0
220
0
230
1
2
SOLID
70
1
71
0
91
1
92
7
72
1
73
1
93
4
10
37.352984505968976
20
-16.439903479806958
42
-0.7853981633974483
10
36.76497332994663
20
-16.439903479806958
42
0
10
36.76497332994663
20
-17.896901193802478
42
-0.7853981633974483
10
37.352984505968976
20
-17.896901193802478
42
0
97
1
330

75
0
76
1
47
0.4128176842155181
98
1
10
34.90568961886538
20
22.81183545379326
450
0
451
0
460
0
461
0
452
1
462
1
453
2
463
0
63
5
421
255
463
1
63
7
421
16777215
470
LINEAR
1001
ACAD
1010
0
1020
0
1030
0
0
HATCH
5
af3
100
AcDbEntity
8
TopSolderMaskLayer
100
AcDbHatch
10
0
20
0
30
0
210
0
220
0
230
1
2
SOLID
70
1
71
0
91
1
92
7
72
1
73
1
93
4
10
38.64838709677403
20
-16.421806826960164
42
-0.7853981633974483
10
38.00957581915148
20
-16.421806826960164
42
0
10
38.00957581915148
20
-17.914997846649158
42
-0.7853981633974483
10
38.64838709677403
20
-17.914997846649158
42
0
97
1
330

75
0
76
1
47
0.4128176842155181
98
1
10
34.90568961886538
20
22.81183545379326
450
0
451
0
460
0
461
0
452
1
462
1
453
2
463
0
63
5
421
255
463
1
63
7
421
16777215
470
LINEAR
1001
ACAD
1010
0
1020
0
1030
0
0
HATCH
5
afa
100
AcDbEntity
8
TopPasteMaskLayer
100
AcDbHatch
10
0
20
0
30
0
210
0
220
0
230
1
2
SOLID
70
1
71
0
91
1
92
7
72
1
73
1
93
4
10
38.62298704597393
20
-16.439903479806958
42
-0.7853981633974483
10
38.03497586995158
20
-16.439903479806958
42
0
10
38.03497586995158
20
-17.896901193802478
42
-0.7853981633974483
10
38.62298704597393
20
-17.896901193802478
42
0
97
1
330

75
0
76
1
47
0.4128176842155181
98
1
10
34.90568961886538
20
22.81183545379326
450
0
451
0
460
0
461
0
452
1
462
1
453
2
463
0
63
5
421
255
463
1
63
7
421
16777215
470
LINEAR
1001
ACAD
1010
0
1020
0
1030
0
0
HATCH
5
b01
100
AcDbEntity
8
TopLayer
100
AcDbHatch
10
0
20
0
30
0
210
0
220
0
230
1
2
SOLID
70
1
71
0
91
1
92
7
72
1
73
1
93
4
10
38.62298704597393
20
-16.439903479806958
42
-0.7853981633974483
10
38.03497586995158
20
-16.439903479806958
42
0
10
38.03497586995158
20
-17.896901193802478
42
-0.7853981633974483
10
38.62298704597393
20
-17.896901193802478
42
0
97
1
330

75
0
76
1
47
0.4128176842155181
98
1
10
34.90568961886538
20
22.81183545379326
450
0
451
0
460
0
461
0
452
1
462
1
453
2
463
0
63
5
421
255
463
1
63
7
421
16777215
470
LINEAR
1001
ACAD
1010
0
1020
0
1030
0
0
HATCH
5
b08
100
AcDbEntity
8
TopSolderMaskLayer
100
AcDbHatch
10
0
20
0
30
0
210
0
220
0
230
1
2
SOLID
70
1
71
0
91
1
92
7
72
1
73
1
93
4
10
39.91838963677921
20
-16.421806826960164
42
-0.7853981633974483
10
39.27957835915666
20
-16.421806826960164
42
0
10
39.27957835915666
20
-17.914997846649158
42
-0.7853981633974483
10
39.91838963677921
20
-17.914997846649158
42
0
97
1
330

75
0
76
1
47
0.4128176842155181
98
1
10
34.90568961886538
20
22.81183545379326
450
0
451
0
460
0
461
0
452
1
462
1
453
2
463
0
63
5
421
255
463
1
63
7
421
16777215
470
LINEAR
1001
ACAD
1010
0
1020
0
1030
0
0
HATCH
5
b0f
100
AcDbEntity
8
TopPasteMaskLayer
100
AcDbHatch
10
0
20
0
30
0
210
0
220
0
230
1
2
SOLID
70
1
71
0
91
1
92
7
72
1
73
1
93
4
10
39.89298958597911
20
-16.439903479806958
42
-0.7853981633974483
10
39.30497840995676
20
-16.439903479806958
42
0
10
39.30497840995676
20
-17.896901193802478
42
-0.7853981633974483
10
39.89298958597911
20
-17.896901193802478
42
0
97
1
330

75
0
76
1
47
0.4128176842155181
98
1
10
34.90568961886538
20
22.81183545379326
450
0
451
0
460
0
461
0
452
1
462
1
453
2
463
0
63
5
421
255
463
1
63
7
421
16777215
470
LINEAR
1001
ACAD
1010
0
1020
0
1030
0
0
HATCH
5
b16
100
AcDbEntity
8
TopLayer
100
AcDbHatch
10
0
20
0
30
0
210
0
220
0
230
1
2
SOLID
70
1
71
0
91
1
92
7
72
1
73
1
93
4
10
39.89298958597911
20
-16.439903479806958
42
-0.7853981633974483
10
39.30497840995676
20
-16.439903479806958
42
0
10
39.30497840995676
20
-17.896901193802478
42
-0.7853981633974483
10
39.89298958597911
20
-17.896901193802478
42
0
97
1
330

75
0
76
1
47
0.4128176842155181
98
1
10
34.90568961886538
20
22.81183545379326
450
0
451
0
460
0
461
0
452
1
462
1
453
2
463
0
63
5
421
255
463
1
63
7
421
16777215
470
LINEAR
1001
ACAD
1010
0
1020
0
1030
0
0
HATCH
5
b1d
100
AcDbEntity
8
TopSolderMaskLayer
100
AcDbHatch
10
0
20
0
30
0
210
0
220
0
230
1
2
SOLID
70
1
71
0
91
1
92
7
72
1
73
1
93
4
10
41.18839217678439
20
-16.421806826960164
42
-0.7853981633974483
10
40.54958089916184
20
-16.421806826960164
42
0
10
40.54958089916184
20
-17.914997846649158
42
-0.7853981633974483
10
41.18839217678439
20
-17.914997846649158
42
0
97
1
330

75
0
76
1
47
0.4128176842155181
98
1
10
34.90568961886538
20
22.81183545379326
450
0
451
0
460
0
461
0
452
1
462
1
453
2
463
0
63
5
421
255
463
1
63
7
421
16777215
470
LINEAR
1001
ACAD
1010
0
1020
0
1030
0
0
HATCH
5
b24
100
AcDbEntity
8
TopPasteMaskLayer
100
AcDbHatch
10
0
20
0
30
0
210
0
220
0
230
1
2
SOLID
70
1
71
0
91
1
92
7
72
1
73
1
93
4
10
41.16299212598429
20
-16.439903479806958
42
-0.7853981633974483
10
40.57498094996194
20
-16.439903479806958
42
0
10
40.57498094996194
20
-17.896901193802478
42
-0.7853981633974483
10
41.16299212598429
20
-17.896901193802478
42
0
97
1
330

75
0
76
1
47
0.4128176842155181
98
1
10
34.90568961886538
20
22.81183545379326
450
0
451
0
460
0
461
0
452
1
462
1
453
2
463
0
63
5
421
255
463
1
63
7
421
16777215
470
LINEAR
1001
ACAD
1010
0
1020
0
1030
0
0
HATCH
5
b2b
100
AcDbEntity
8
TopLayer
100
AcDbHatch
10
0
20
0
30
0
210
0
220
0
230
1
2
SOLID
70
1
71
0
91
1
92
7
72
1
73
1
93
4
10
41.16299212598429
20
-16.439903479806958
42
-0.7853981633974483
10
40.57498094996194
20
-16.439903479806958
42
0
10
40.57498094996194
20
-17.896901193802478
42
-0.7853981633974483
10
41.16299212598429
20
-17.896901193802478
42
0
97
1
330

75
0
76
1
47
0.4128176842155181
98
1
10
34.90568961886538
20
22.81183545379326
450
0
451
0
460
0
461
0
452
1
462
1
453
2
463
0
63
5
421
255
463
1
63
7
421
16777215
470
LINEAR
1001
ACAD
1010
0
1020
0
1030
0
0
HATCH
5
b32
100
AcDbEntity
8
TopSolderMaskLayer
100
AcDbHatch
10
0
20
0
30
0
210
0
220
0
230
1
2
SOLID
70
1
71
0
91
1
92
7
72
1
73
1
93
4
10
37.37838455676908
20
-10.87697573729804
42
-0.7853981633974483
10
36.739573279146526
20
-10.87697573729804
42
0
10
36.739573279146526
20
-12.370166756987032
42
-0.7853981633974483
10
37.37838455676908
20
-12.370166756987032
42
0
97
1
330

75
0
76
1
47
0.4128176842155181
98
1
10
34.90568961886538
20
22.81183545379326
450
0
451
0
460
0
461
0
452
1
462
1
453
2
463
0
63
5
421
255
463
1
63
7
421
16777215
470
LINEAR
1001
ACAD
1010
0
1020
0
1030
0
0
HATCH
5
b39
100
AcDbEntity
8
TopPasteMaskLayer
100
AcDbHatch
10
0
20
0
30
0
210
0
220
0
230
1
2
SOLID
70
1
71
0
91
1
92
7
72
1
73
1
93
4
10
37.352984505968976
20
-10.895072390144719
42
-0.7853981633974483
10
36.76497332994663
20
-10.895072390144719
42
0
10
36.76497332994663
20
-12.352070104140239
42
-0.7853981633974483
10
37.352984505968976
20
-12.352070104140239
42
0
97
1
330

75
0
76
1
47
0.4128176842155181
98
1
10
34.90568961886538
20
22.81183545379326
450
0
451
0
460
0
461
0
452
1
462
1
453
2
463
0
63
5
421
255
463
1
63
7
421
16777215
470
LINEAR
1001
ACAD
1010
0
1020
0
1030
0
0
HATCH
5
b40
100
AcDbEntity
8
TopLayer
100
AcDbHatch
10
0
20
0
30
0
210
0
220
0
230
1
2
SOLID
70
1
71
0
91
1
92
7
72
1
73
1
93
4
10
37.352984505968976
20
-10.895072390144719
42
-0.7853981633974483
10
36.76497332994663
20
-10.895072390144719
42
0
10
36.76497332994663
20
-12.352070104140239
42
-0.7853981633974483
10
37.352984505968976
20
-12.352070104140239
42
0
97
1
330

75
0
76
1
47
0.4128176842155181
98
1
10
34.90568961886538
20
22.81183545379326
450
0
451
0
460
0
461
0
452
1
462
1
453
2
463
0
63
5
421
255
463
1
63
7
421
16777215
470
LINEAR
1001
ACAD
1010
0
1020
0
1030
0
0
HATCH
5
b47
100
AcDbEntity
8
TopSolderMaskLayer
100
AcDbHatch
10
0
20
0
30
0
210
0
220
0
230
1
2
SOLID
70
1
71
0
91
1
92
7
72
1
73
1
93
4
10
38.64838709677403
20
-10.87697573729804
42
-0.7853981633974483
10
38.00957581915148
20
-10.87697573729804
42
0
10
38.00957581915148
20
-12.370166756987032
42
-0.7853981633974483
10
38.64838709677403
20
-12.370166756987032
42
0
97
1
330

75
0
76
1
47
0.4128176842155181
98
1
10
34.90568961886538
20
22.81183545379326
450
0
451
0
460
0
461
0
452
1
462
1
453
2
463
0
63
5
421
255
463
1
63
7
421
16777215
470
LINEAR
1001
ACAD
1010
0
1020
0
1030
0
0
HATCH
5
b4e
100
AcDbEntity
8
TopPasteMaskLayer
100
AcDbHatch
10
0
20
0
30
0
210
0
220
0
230
1
2
SOLID
70
1
71
0
91
1
92
7
72
1
73
1
93
4
10
38.62298704597393
20
-10.895072390144719
42
-0.7853981633974483
10
38.03497586995158
20
-10.895072390144719
42
0
10
38.03497586995158
20
-12.352070104140239
42
-0.7853981633974483
10
38.62298704597393
20
-12.352070104140239
42
0
97
1
330

75
0
76
1
47
0.4128176842155181
98
1
10
34.90568961886538
20
22.81183545379326
450
0
451
0
460
0
461
0
452
1
462
1
453
2
463
0
63
5
421
255
463
1
63
7
421
16777215
470
LINEAR
1001
ACAD
1010
0
1020
0
1030
0
0
HATCH
5
b55
100
AcDbEntity
8
TopLayer
100
AcDbHatch
10
0
20
0
30
0
210
0
220
0
230
1
2
SOLID
70
1
71
0
91
1
92
7
72
1
73
1
93
4
10
38.62298704597393
20
-10.895072390144719
42
-0.7853981633974483
10
38.03497586995158
20
-10.895072390144719
42
0
10
38.03497586995158
20
-12.352070104140239
42
-0.7853981633974483
10
38.62298704597393
20
-12.352070104140239
42
0
97
1
330

75
0
76
1
47
0.4128176842155181
98
1
10
34.90568961886538
20
22.81183545379326
450
0
451
0
460
0
461
0
452
1
462
1
453
2
463
0
63
5
421
255
463
1
63
7
421
16777215
470
LINEAR
1001
ACAD
1010
0
1020
0
1030
0
0
HATCH
5
b5c
100
AcDbEntity
8
TopSolderMaskLayer
100
AcDbHatch
10
0
20
0
30
0
210
0
220
0
230
1
2
SOLID
70
1
71
0
91
1
92
7
72
1
73
1
93
4
10
39.91838963677921
20
-10.87697573729804
42
-0.7853981633974483
10
39.27957835915666
20
-10.87697573729804
42
0
10
39.27957835915666
20
-12.370166756987032
42
-0.7853981633974483
10
39.91838963677921
20
-12.370166756987032
42
0
97
1
330

75
0
76
1
47
0.4128176842155181
98
1
10
34.90568961886538
20
22.81183545379326
450
0
451
0
460
0
461
0
452
1
462
1
453
2
463
0
63
5
421
255
463
1
63
7
421
16777215
470
LINEAR
1001
ACAD
1010
0
1020
0
1030
0
0
HATCH
5
b63
100
AcDbEntity
8
TopPasteMaskLayer
100
AcDbHatch
10
0
20
0
30
0
210
0
220
0
230
1
2
SOLID
70
1
71
0
91
1
92
7
72
1
73
1
93
4
10
39.89298958597911
20
-10.895072390144719
42
-0.7853981633974483
10
39.30497840995676
20
-10.895072390144719
42
0
10
39.30497840995676
20
-12.352070104140239
42
-0.7853981633974483
10
39.89298958597911
20
-12.352070104140239
42
0
97
1
330

75
0
76
1
47
0.4128176842155181
98
1
10
34.90568961886538
20
22.81183545379326
450
0
451
0
460
0
461
0
452
1
462
1
453
2
463
0
63
5
421
255
463
1
63
7
421
16777215
470
LINEAR
1001
ACAD
1010
0
1020
0
1030
0
0
HATCH
5
b6a
100
AcDbEntity
8
TopLayer
100
AcDbHatch
10
0
20
0
30
0
210
0
220
0
230
1
2
SOLID
70
1
71
0
91
1
92
7
72
1
73
1
93
4
10
39.89298958597911
20
-10.895072390144719
42
-0.7853981633974483
10
39.30497840995676
20
-10.895072390144719
42
0
10
39.30497840995676
20
-12.352070104140239
42
-0.7853981633974483
10
39.89298958597911
20
-12.352070104140239
42
0
97
1
330

75
0
76
1
47
0.4128176842155181
98
1
10
34.90568961886538
20
22.81183545379326
450
0
451
0
460
0
461
0
452
1
462
1
453
2
463
0
63
5
421
255
463
1
63
7
421
16777215
470
LINEAR
1001
ACAD
1010
0
1020
0
1030
0
0
HATCH
5
b71
100
AcDbEntity
8
TopSolderMaskLayer
100
AcDbHatch
10
0
20
0
30
0
210
0
220
0
230
1
2
SOLID
70
1
71
0
91
1
92
7
72
1
73
1
93
4
10
41.18839217678439
20
-10.87697573729804
42
-0.7853981633974483
10
40.54958089916184
20
-10.87697573729804
42
0
10
40.54958089916184
20
-12.370166756987032
42
-0.7853981633974483
10
41.18839217678439
20
-12.370166756987032
42
0
97
1
330

75
0
76
1
47
0.4128176842155181
98
1
10
34.90568961886538
20
22.81183545379326
450
0
451
0
460
0
461
0
452
1
462
1
453
2
463
0
63
5
421
255
463
1
63
7
421
16777215
470
LINEAR
1001
ACAD
1010
0
1020
0
1030
0
0
HATCH
5
b78
100
AcDbEntity
8
TopPasteMaskLayer
100
AcDbHatch
10
0
20
0
30
0
210
0
220
0
230
1
2
SOLID
70
1
71
0
91
1
92
7
72
1
73
1
93
4
10
41.16299212598429
20
-10.895072390144719
42
-0.7853981633974483
10
40.57498094996194
20
-10.895072390144719
42
0
10
40.57498094996194
20
-12.352070104140239
42
-0.7853981633974483
10
41.16299212598429
20
-12.352070104140239
42
0
97
1
330

75
0
76
1
47
0.4128176842155181
98
1
10
34.90568961886538
20
22.81183545379326
450
0
451
0
460
0
461
0
452
1
462
1
453
2
463
0
63
5
421
255
463
1
63
7
421
16777215
470
LINEAR
1001
ACAD
1010
0
1020
0
1030
0
0
HATCH
5
b7f
100
AcDbEntity
8
TopLayer
100
AcDbHatch
10
0
20
0
30
0
210
0
220
0
230
1
2
SOLID
70
1
71
0
91
1
92
7
72
1
73
1
93
4
10
41.16299212598429
20
-10.895072390144719
42
-0.7853981633974483
10
40.57498094996194
20
-10.895072390144719
42
0
10
40.57498094996194
20
-12.352070104140239
42
-0.7853981633974483
10
41.16299212598429
20
-12.352070104140239
42
0
97
1
330

75
0
76
1
47
0.4128176842155181
98
1
10
34.90568961886538
20
22.81183545379326
450
0
451
0
460
0
461
0
452
1
462
1
453
2
463
0
63
5
421
255
463
1
63
7
421
16777215
470
LINEAR
1001
ACAD
1010
0
1020
0
1030
0
  0
CIRCLE
  5
bbf
330
1F
100
AcDbEntity
  8
Multi-Layer
100
AcDbCircle
 10
18.835966471933034
 20
-3.597917195834384
 30
0.0
 40
0.31000762001524007
  0
CIRCLE
  5
bc0
330
1F
100
AcDbEntity
  8
Hole
100
AcDbCircle
 10
18.835966471933034
 20
-3.597917195834384
 30
0.0
 40
0.15499110998222
  0
CIRCLE
  5
bc1
330
1F
100
AcDbEntity
  8
Multi-Layer
100
AcDbCircle
 10
25.408991617983247
 20
-6.672085344170682
 30
0.0
 40
0.31000762001524007
  0
CIRCLE
  5
bc2
330
1F
100
AcDbEntity
  8
Hole
100
AcDbCircle
 10
25.408991617983247
 20
-6.672085344170682
 30
0.0
 40
0.15499110998222
  0
CIRCLE
  5
bc3
330
1F
100
AcDbEntity
  8
Multi-Layer
100
AcDbCircle
 10
26.596951993903986
 20
-2.5969011938024096
 30
0.0
 40
0.31000762001524007
  0
CIRCLE
  5
bc4
330
1F
100
AcDbEntity
  8
Hole
100
AcDbCircle
 10
26.596951993903986
 20
-2.5969011938024096
 30
0.0
 40
0.15499110998222
  0
CIRCLE
  5
bc5
330
1F
100
AcDbEntity
  8
Multi-Layer
100
AcDbCircle
 10
17.444043688087277
 20
1.7000254000508903
 30
0.0
 40
0.31000762001524007
  0
CIRCLE
  5
bc6
330
1F
100
AcDbEntity
  8
Hole
100
AcDbCircle
 10
17.444043688087277
 20
1.7000254000508903
 30
0.0
 40
0.15499110998222
  0
CIRCLE
  5
bc7
330
1F
100
AcDbEntity
  8
Multi-Layer
100
AcDbCircle
 10
28.37393954787899
 20
9.572009144018239
 30
0.0
 40
0.31000762001524007
  0
CIRCLE
  5
bc8
330
1F
100
AcDbEntity
  8
Hole
100
AcDbCircle
 10
28.37393954787899
 20
9.572009144018239
 30
0.0
 40
0.15499110998222
  0
CIRCLE
  5
bc9
330
1F
100
AcDbEntity
  8
Multi-Layer
100
AcDbCircle
 10
17.482905765811438
 20
7.2750825501650525
 30
0.0
 40
0.31000762001524007
  0
CIRCLE
  5
bca
330
1F
100
AcDbEntity
  8
Hole
100
AcDbCircle
 10
17.482905765811438
 20
7.2750825501650525
 30
0.0
 40
0.15499110998222
  0
CIRCLE
  5
bcb
330
1F
100
AcDbEntity
  8
Multi-Layer
100
AcDbCircle
 10
25.097078994157982
 20
-24.73710947421887
 30
0.0
 40
0.31000762001524007
  0
CIRCLE
  5
bcc
330
1F
100
AcDbEntity
  8
Hole
100
AcDbCircle
 10
25.097078994157982
 20
-24.73710947421887
 30
0.0
 40
0.15499110998222
  0
CIRCLE
  5
bcd
330
1F
100
AcDbEntity
  8
Multi-Layer
100
AcDbCircle
 10
16.143053086106192
 20
0.709931419862869
 30
0.0
 40
0.31000762001524007
  0
CIRCLE
  5
bce
330
1F
100
AcDbEntity
  8
Hole
100
AcDbCircle
 10
16.143053086106192
 20
0.709931419862869
 30
0.0
 40
0.15499110998222
  0
CIRCLE
  5
bcf
330
1F
100
AcDbEntity
  8
Multi-Layer
100
AcDbCircle
 10
20.30789941579883
 20
-7.227076454152893
 30
0.0
 40
0.31000762001524007
  0
CIRCLE
  5
bd0
330
1F
100
AcDbEntity
  8
Hole
100
AcDbCircle
 10
20.30789941579883
 20
-7.227076454152893
 30
0.0
 40
0.15499110998222
  0
CIRCLE
  5
bd1
330
1F
100
AcDbEntity
  8
Multi-Layer
100
AcDbCircle
 10
31.51313182626359
 20
-28.93903987807971
 30
0.0
 40
0.31000762001524007
  0
CIRCLE
  5
bd2
330
1F
100
AcDbEntity
  8
Hole
100
AcDbCircle
 10
31.51313182626359
 20
-28.93903987807971
 30
0.0
 40
0.15499110998222
  0
CIRCLE
  5
bd3
330
1F
100
AcDbEntity
  8
Multi-Layer
100
AcDbCircle
 10
17.50906781813569
 20
-11.95402590805179
 30
0.0
 40
0.31000762001524007
  0
CIRCLE
  5
bd4
330
1F
100
AcDbEntity
  8
Hole
100
AcDbCircle
 10
17.50906781813569
 20
-11.95402590805179
 30
0.0
 40
0.15499110998222
  0
CIRCLE
  5
bd5
330
1F
100
AcDbEntity
  8
Multi-Layer
100
AcDbCircle
 10
5.025958851917721
 20
-9.214122428244764
 30
0.0
 40
0.31000762001524007
  0
CIRCLE
  5
bd6
330
1F
100
AcDbEntity
  8
Hole
100
AcDbCircle
 10
5.025958851917721
 20
-9.214122428244764
 30
0.0
 40
0.15499110998222
  0
CIRCLE
  5
bd7
330
1F
100
AcDbEntity
  8
Multi-Layer
100
AcDbCircle
 10
31.626924053848143
 20
-33.98806197612396
 30
0.0
 40
0.31000762001524007
  0
CIRCLE
  5
bd8
330
1F
100
AcDbEntity
  8
Hole
100
AcDbCircle
 10
31.626924053848143
 20
-33.98806197612396
 30
0.0
 40
0.15499110998222
  0
CIRCLE
  5
bd9
330
1F
100
AcDbEntity
  8
Multi-Layer
100
AcDbCircle
 10
13.886004572009142
 20
-36.87909575819151
 30
0.0
 40
0.31000762001524007
  0
CIRCLE
  5
bda
330
1F
100
AcDbEntity
  8
Hole
100
AcDbCircle
 10
13.886004572009142
 20
-36.87909575819151
 30
0.0
 40
0.15499110998222
  0
CIRCLE
  5
bdb
330
1F
100
AcDbEntity
  8
Multi-Layer
100
AcDbCircle
 10
20.922072644145146
 20
-32.8519177038354
 30
0.0
 40
0.31000762001524007
  0
CIRCLE
  5
bdc
330
1F
100
AcDbEntity
  8
Hole
100
AcDbCircle
 10
20.922072644145146
 20
-32.8519177038354
 30
0.0
 40
0.15499110998222
  0
CIRCLE
  5
bdd
330
1F
100
AcDbEntity
  8
Multi-Layer
100
AcDbCircle
 10
33.84790449580896
 20
-31.609093218186445
 30
0.0
 40
0.31000762001524007
  0
CIRCLE
  5
bde
330
1F
100
AcDbEntity
  8
Hole
100
AcDbCircle
 10
33.84790449580896
 20
-31.609093218186445
 30
0.0
 40
0.15499110998222
  0
CIRCLE
  5
bdf
330
1F
100
AcDbEntity
  8
Multi-Layer
100
AcDbCircle
 10
35.96499872999743
 20
-24.50698501396994
 30
0.0
 40
0.31000762001524007
  0
CIRCLE
  5
be0
330
1F
100
AcDbEntity
  8
Hole
100
AcDbCircle
 10
35.96499872999743
 20
-24.50698501396994
 30
0.0
 40
0.15499110998222
  0
CIRCLE
  5
be1
330
1F
100
AcDbEntity
  8
Multi-Layer
100
AcDbCircle
 10
35.380035560071065
 20
-12.393954787909593
 30
0.0
 40
0.31000762001524007
  0
CIRCLE
  5
be2
330
1F
100
AcDbEntity
  8
Hole
100
AcDbCircle
 10
35.380035560071065
 20
-12.393954787909593
 30
0.0
 40
0.15499110998222
  0
CIRCLE
  5
be3
330
1F
100
AcDbEntity
  8
Multi-Layer
100
AcDbCircle
 10
14.570027940055752
 20
-11.325120650241274
 30
0.0
 40
0.31000762001524007
  0
CIRCLE
  5
be4
330
1F
100
AcDbEntity
  8
Hole
100
AcDbCircle
 10
14.570027940055752
 20
-11.325120650241274
 30
0.0
 40
0.15499110998222
  0
CIRCLE
  5
be5
330
1F
100
AcDbEntity
  8
Multi-Layer
100
AcDbCircle
 10
6.880924561849042
 20
-17.783083566167193
 30
0.0
 40
0.31000762001524007
  0
CIRCLE
  5
be6
330
1F
100
AcDbEntity
  8
Hole
100
AcDbCircle
 10
6.880924561849042
 20
-17.783083566167193
 30
0.0
 40
0.15499110998222
  0
CIRCLE
  5
be7
330
1F
100
AcDbEntity
  8
Multi-Layer
100
AcDbCircle
 10
35.24109728219446
 20
-3.082042164084328
 30
0.0
 40
0.31000762001524007
  0
CIRCLE
  5
be8
330
1F
100
AcDbEntity
  8
Hole
100
AcDbCircle
 10
35.24109728219446
 20
-3.082042164084328
 30
0.0
 40
0.15499110998222
  0
CIRCLE
  5
be9
330
1F
100
AcDbEntity
  8
Multi-Layer
100
AcDbCircle
 10
34.55605791211565
 20
-25.717043434086918
 30
0.0
 40
0.31000762001524007
  0
CIRCLE
  5
bea
330
1F
100
AcDbEntity
  8
Hole
100
AcDbCircle
 10
34.55605791211565
 20
-25.717043434086918
 30
0.0
 40
0.15499110998222
  0
CIRCLE
  5
beb
330
1F
100
AcDbEntity
  8
Multi-Layer
100
AcDbCircle
 10
43.22407924815843
 20
-16.753111506222922
 30
0.0
 40
0.31000762001524007
  0
CIRCLE
  5
bec
330
1F
100
AcDbEntity
  8
Hole
100
AcDbCircle
 10
43.22407924815843
 20
-16.753111506222922
 30
0.0
 40
0.15499110998222
  0
CIRCLE
  5
bed
330
1F
100
AcDbEntity
  8
Multi-Layer
100
AcDbCircle
 10
17.602032004063858
 20
-16.294132588265143
 30
0.0
 40
0.31000762001524007
  0
CIRCLE
  5
bee
330
1F
100
AcDbEntity
  8
Hole
100
AcDbCircle
 10
17.602032004063858
 20
-16.294132588265143
 30
0.0
 40
0.15499110998222
  0
CIRCLE
  5
bef
330
1F
100
AcDbEntity
  8
Multi-Layer
100
AcDbCircle
 10
22.023926847853545
 20
3.287020574041094
 30
0.0
 40
0.31000762001524007
  0
CIRCLE
  5
bf0
330
1F
100
AcDbEntity
  8
Hole
100
AcDbCircle
 10
22.023926847853545
 20
3.287020574041094
 30
0.0
 40
0.15499110998222
  0
CIRCLE
  5
bf1
330
1F
100
AcDbEntity
  8
Multi-Layer
100
AcDbCircle
 10
21.83901447802873
 20
8.87299974599955
 30
0.0
 40
0.31000762001524007
  0
CIRCLE
  5
bf2
330
1F
100
AcDbEntity
  8
Hole
100
AcDbCircle
 10
21.83901447802873
 20
8.87299974599955
 30
0.0
 40
0.15499110998222
  0
CIRCLE
  5
bf3
330
1F
100
AcDbEntity
  8
Multi-Layer
100
AcDbCircle
 10
28.995986791973564
 20
8.668021336042784
 30
0.0
 40
0.31000762001524007
  0
CIRCLE
  5
bf4
330
1F
100
AcDbEntity
  8
Hole
100
AcDbCircle
 10
28.995986791973564
 20
8.668021336042784
 30
0.0
 40
0.15499110998222
  0
CIRCLE
  5
bf5
330
1F
100
AcDbEntity
  8
Multi-Layer
100
AcDbCircle
 10
20.36911353822711
 20
-29.434086868173722
 30
0.0
 40
0.31000762001524007
  0
CIRCLE
  5
bf6
330
1F
100
AcDbEntity
  8
Hole
100
AcDbCircle
 10
20.36911353822711
 20
-29.434086868173722
 30
0.0
 40
0.15499110998222
  0
CIRCLE
  5
bf7
330
1F
100
AcDbEntity
  8
Multi-Layer
100
AcDbCircle
 10
26.88498856997694
 20
-26.86791973583945
 30
0.0
 40
0.31000762001524007
  0
CIRCLE
  5
bf8
330
1F
100
AcDbEntity
  8
Hole
100
AcDbCircle
 10
26.88498856997694
 20
-26.86791973583945
 30
0.0
 40
0.15499110998222
  0
CIRCLE
  5
bf9
330
1F
100
AcDbEntity
  8
Multi-Layer
100
AcDbCircle
 10
25.476047752095383
 20
-23.23291846583686
 30
0.0
 40
0.31000762001524007
  0
CIRCLE
  5
bfa
330
1F
100
AcDbEntity
  8
Hole
100
AcDbCircle
 10
25.476047752095383
 20
-23.23291846583686
 30
0.0
 40
0.15499110998222
  0
CIRCLE
  5
bfb
330
1F
100
AcDbEntity
  8
Multi-Layer
100
AcDbCircle
 10
3.5611379222757478
 20
-37.715011430022855
 30
0.0
 40
0.31000762001524007
  0
CIRCLE
  5
bfc
330
1F
100
AcDbEntity
  8
Hole
100
AcDbCircle
 10
3.5611379222757478
 20
-37.715011430022855
 30
0.0
 40
0.15499110998222
  0
CIRCLE
  5
bfd
330
1F
100
AcDbEntity
  8
Multi-Layer
100
AcDbCircle
 10
10.265989331978517
 20
-33.54889509779014
 30
0.0
 40
0.31000762001524007
  0
CIRCLE
  5
bfe
330
1F
100
AcDbEntity
  8
Hole
100
AcDbCircle
 10
10.265989331978517
 20
-33.54889509779014
 30
0.0
 40
0.15499110998222
  0
CIRCLE
  5
bff
330
1F
100
AcDbEntity
  8
Multi-Layer
100
AcDbCircle
 10
32.1801371602744
 20
-20.537973075946184
 30
0.0
 40
0.31000762001524007
  0
CIRCLE
  5
c00
330
1F
100
AcDbEntity
  8
Hole
100
AcDbCircle
 10
32.1801371602744
 20
-20.537973075946184
 30
0.0
 40
0.15499110998222
  0
CIRCLE
  5
c01
330
1F
100
AcDbEntity
  8
Multi-Layer
100
AcDbCircle
 10
41.75494030988057
 20
-18.735077470155034
 30
0.0
 40
0.31000762001524007
  0
CIRCLE
  5
c02
330
1F
100
AcDbEntity
  8
Hole
100
AcDbCircle
 10
41.75494030988057
 20
-18.735077470155034
 30
0.0
 40
0.15499110998222
  0
CIRCLE
  5
c03
330
1F
100
AcDbEntity
  8
Multi-Layer
100
AcDbCircle
 10
23.58806197612398
 20
-3.0099060198119787
 30
0.0
 40
0.31000762001524007
  0
CIRCLE
  5
c04
330
1F
100
AcDbEntity
  8
Hole
100
AcDbCircle
 10
23.58806197612398
 20
-3.0099060198119787
 30
0.0
 40
0.15499110998222
  0
CIRCLE
  5
c05
330
1F
100
AcDbEntity
  8
Multi-Layer
100
AcDbCircle
 10
14.761036322072414
 20
0.839979679959356
 30
0.0
 40
0.31000762001524007
  0
CIRCLE
  5
c06
330
1F
100
AcDbEntity
  8
Hole
100
AcDbCircle
 10
14.761036322072414
 20
0.839979679959356
 30
0.0
 40
0.15499110998222
  0
CIRCLE
  5
c07
330
1F
100
AcDbEntity
  8
Multi-Layer
100
AcDbCircle
 10
0.00005080010146230052
 20
0
 30
0.0
 40
1.5000000000000002
  0
CIRCLE
  5
c08
330
1F
100
AcDbEntity
  8
Multi-Layer
100
AcDbCircle
 10
0.00005080010146230052
 20
-34.249936499873
 30
0.0
 40
1.5000000000000002
  0
CIRCLE
  5
c09
330
1F
100
AcDbEntity
  8
Multi-Layer
100
AcDbCircle
 10
34.380035560071065
 20
-34.249936499873
 30
0.0
 40
1.5000000000000002
  0
CIRCLE
  5
c0a
330
1F
100
AcDbEntity
  8
Multi-Layer
100
AcDbCircle
 10
34.380035560071065
 20
0
 30
0.0
 40
1.5000000000000002
0
HATCH
5
c0c
100
AcDbEntity
8
Document
100
AcDbHatch
10
0
20
0
30
0
210
0
220
0
230
1
2
SOLID
70
1
71
0
91
1
92
7
72
0
73
1
93
4
10
22.46545593091173
20
6.826543053086084
10
22.46545593091173
20
6.9555245110490205
10
22.981457962915783
20
6.9555245110490205
10
22.981457962915783
20
6.826543053086084
97
1
330

75
0
76
1
47
0.4128176842155181
98
1
10
34.90568961886538
20
22.81183545379326
450
0
451
0
460
0
461
0
452
1
462
1
453
2
463
0
63
5
421
255
463
1
63
7
421
16777215
470
LINEAR
1001
ACAD
1010
0
1020
0
1030
0
0
HATCH
5
c0e
100
AcDbEntity
8
Document
100
AcDbHatch
10
0
20
0
30
0
210
0
220
0
230
1
2
SOLID
70
1
71
0
91
1
92
7
72
0
73
1
93
4
10
26.507467614935194
20
6.826543053086084
10
26.507467614935194
20
6.9555245110490205
10
25.99146558293114
20
6.9555245110490205
10
25.99146558293114
20
6.826543053086084
97
1
330

75
0
76
1
47
0.4128176842155181
98
1
10
34.90568961886538
20
22.81183545379326
450
0
451
0
460
0
461
0
452
1
462
1
453
2
463
0
63
5
421
255
463
1
63
7
421
16777215
470
LINEAR
1001
ACAD
1010
0
1020
0
1030
0
0
HATCH
5
c10
100
AcDbEntity
8
Document
100
AcDbHatch
10
0
20
0
30
0
210
0
220
0
230
1
2
SOLID
70
1
71
0
91
1
92
7
72
0
73
1
93
4
10
26.31397002794006
20
6.461036322072687
10
26.31397002794006
20
7.321031242062531
10
26.184963169926277
20
7.321031242062531
10
26.184963169926277
20
6.461036322072687
97
1
330

75
0
76
1
47
0.4128176842155181
98
1
10
34.90568961886538
20
22.81183545379326
450
0
451
0
460
0
461
0
452
1
462
1
453
2
463
0
63
5
421
255
463
1
63
7
421
16777215
470
LINEAR
1001
ACAD
1010
0
1020
0
1030
0
0
HATCH
5
c12
100
AcDbEntity
8
TopSilkLayer
100
AcDbHatch
10
0
20
0
30
0
210
0
220
0
230
1
2
SOLID
70
1
71
0
91
1
92
7
72
0
73
1
93
4
10
22.46545593091173
20
7.81554483108971
10
22.46545593091173
20
7.944526289052533
10
22.981457962915783
20
7.944526289052533
10
22.981457962915783
20
7.81554483108971
97
1
330

75
0
76
1
47
0.4128176842155181
98
1
10
34.90568961886538
20
22.81183545379326
450
0
451
0
460
0
461
0
452
1
462
1
453
2
463
0
63
5
421
255
463
1
63
7
421
16777215
470
LINEAR
1001
ACAD
1010
0
1020
0
1030
0
0
HATCH
5
c14
100
AcDbEntity
8
TopSilkLayer
100
AcDbHatch
10
0
20
0
30
0
210
0
220
0
230
1
2
SOLID
70
1
71
0
91
1
92
7
72
0
73
1
93
4
10
26.507467614935194
20
7.81554483108971
10
26.507467614935194
20
7.944526289052533
10
25.99146558293114
20
7.944526289052533
10
25.99146558293114
20
7.81554483108971
97
1
330

75
0
76
1
47
0.4128176842155181
98
1
10
34.90568961886538
20
22.81183545379326
450
0
451
0
460
0
461
0
452
1
462
1
453
2
463
0
63
5
421
255
463
1
63
7
421
16777215
470
LINEAR
1001
ACAD
1010
0
1020
0
1030
0
0
HATCH
5
c16
100
AcDbEntity
8
TopSilkLayer
100
AcDbHatch
10
0
20
0
30
0
210
0
220
0
230
1
2
SOLID
70
1
71
0
91
1
92
7
72
0
73
1
93
4
10
26.31397002794006
20
7.450038100076313
10
26.31397002794006
20
8.310033020066157
10
26.184963169926277
20
8.310033020066157
10
26.184963169926277
20
7.450038100076313
97
1
330

75
0
76
1
47
0.4128176842155181
98
1
10
34.90568961886538
20
22.81183545379326
450
0
451
0
460
0
461
0
452
1
462
1
453
2
463
0
63
5
421
255
463
1
63
7
421
16777215
470
LINEAR
1001
ACAD
1010
0
1020
0
1030
0
0
HATCH
5
c18
100
AcDbEntity
8
Document
100
AcDbHatch
10
0
20
0
30
0
210
0
220
0
230
1
2
SOLID
70
1
71
0
91
1
92
7
72
0
73
1
93
4
10
4.68346456692916
20
-36.54754889509786
10
4.554483108966224
20
-36.54754889509786
10
4.554483108966224
20
-36.03154686309381
10
4.68346456692916
20
-36.03154686309381
97
1
330

75
0
76
1
47
0.4128176842155181
98
1
10
34.90568961886538
20
22.81183545379326
450
0
451
0
460
0
461
0
452
1
462
1
453
2
463
0
63
5
421
255
463
1
63
7
421
16777215
470
LINEAR
1001
ACAD
1010
0
1020
0
1030
0
0
HATCH
5
c1a
100
AcDbEntity
8
Document
100
AcDbHatch
10
0
20
0
30
0
210
0
220
0
230
1
2
SOLID
70
1
71
0
91
1
92
7
72
0
73
1
93
4
10
4.68346456692916
20
-32.5055372110744
10
4.554483108966224
20
-32.5055372110744
10
4.554483108966224
20
-33.02153924307845
10
4.68346456692916
20
-33.02153924307845
97
1
330

75
0
76
1
47
0.4128176842155181
98
1
10
34.90568961886538
20
22.81183545379326
450
0
451
0
460
0
461
0
452
1
462
1
453
2
463
0
63
5
421
255
463
1
63
7
421
16777215
470
LINEAR
1001
ACAD
1010
0
1020
0
1030
0
0
HATCH
5
c1c
100
AcDbEntity
8
Document
100
AcDbHatch
10
0
20
0
30
0
210
0
220
0
230
1
2
SOLID
70
1
71
0
91
1
92
7
72
0
73
1
93
4
10
5.048971297942444
20
-32.69903479806965
10
4.188976377952713
20
-32.69903479806965
10
4.188976377952713
20
-32.828041656083315
10
5.048971297942444
20
-32.828041656083315
97
1
330

75
0
76
1
47
0.4128176842155181
98
1
10
34.90568961886538
20
22.81183545379326
450
0
451
0
460
0
461
0
452
1
462
1
453
2
463
0
63
5
421
255
463
1
63
7
421
16777215
470
LINEAR
1001
ACAD
1010
0
1020
0
1030
0
0
HATCH
5
c1e
100
AcDbEntity
8
TopSilkLayer
100
AcDbHatch
10
0
20
0
30
0
210
0
220
0
230
1
2
SOLID
70
1
71
0
91
1
92
7
72
0
73
1
93
4
10
3.6944627889254207
20
-36.54754889509786
10
3.5654813309627116
20
-36.54754889509786
10
3.5654813309627116
20
-36.03154686309381
10
3.6944627889254207
20
-36.03154686309381
97
1
330

75
0
76
1
47
0.4128176842155181
98
1
10
34.90568961886538
20
22.81183545379326
450
0
451
0
460
0
461
0
452
1
462
1
453
2
463
0
63
5
421
255
463
1
63
7
421
16777215
470
LINEAR
1001
ACAD
1010
0
1020
0
1030
0
0
HATCH
5
c20
100
AcDbEntity
8
TopSilkLayer
100
AcDbHatch
10
0
20
0
30
0
210
0
220
0
230
1
2
SOLID
70
1
71
0
91
1
92
7
72
0
73
1
93
4
10
3.6944627889254207
20
-32.5055372110744
10
3.5654813309627116
20
-32.5055372110744
10
3.5654813309627116
20
-33.02153924307845
10
3.6944627889254207
20
-33.02153924307845
97
1
330

75
0
76
1
47
0.4128176842155181
98
1
10
34.90568961886538
20
22.81183545379326
450
0
451
0
460
0
461
0
452
1
462
1
453
2
463
0
63
5
421
255
463
1
63
7
421
16777215
470
LINEAR
1001
ACAD
1010
0
1020
0
1030
0
0
HATCH
5
c22
100
AcDbEntity
8
TopSilkLayer
100
AcDbHatch
10
0
20
0
30
0
210
0
220
0
230
1
2
SOLID
70
1
71
0
91
1
92
7
72
0
73
1
93
4
10
4.059969519939159
20
-32.69903479806965
10
3.1999745999492006
20
-32.69903479806965
10
3.1999745999492006
20
-32.828041656083315
10
4.059969519939159
20
-32.828041656083315
97
1
330

75
0
76
1
47
0.4128176842155181
98
1
10
34.90568961886538
20
22.81183545379326
450
0
451
0
460
0
461
0
452
1
462
1
453
2
463
0
63
5
421
255
463
1
63
7
421
16777215
470
LINEAR
1001
ACAD
1010
0
1020
0
1030
0
0
HATCH
5
c24
100
AcDbEntity
8
Document
100
AcDbHatch
10
0
20
0
30
0
210
0
220
0
230
1
2
SOLID
70
1
71
0
91
1
92
7
72
0
73
1
93
4
10
4.94254508509016
20
-0.3984505969011707
10
5.071526543053096
20
-0.3984505969011707
10
5.071526543053096
20
-0.9144526289052237
10
4.94254508509016
20
-0.9144526289052237
97
1
330

75
0
76
1
47
0.4128176842155181
98
1
10
34.90568961886538
20
22.81183545379326
450
0
451
0
460
0
461
0
452
1
462
1
453
2
463
0
63
5
421
255
463
1
63
7
421
16777215
470
LINEAR
1001
ACAD
1010
0
1020
0
1030
0
0
HATCH
5
c26
100
AcDbEntity
8
Document
100
AcDbHatch
10
0
20
0
30
0
210
0
220
0
230
1
2
SOLID
70
1
71
0
91
1
92
7
72
0
73
1
93
4
10
4.94254508509016
20
-4.440462280924635
10
5.071526543053096
20
-4.440462280924635
10
5.071526543053096
20
-3.924460248920468
10
4.94254508509016
20
-3.924460248920468
97
1
330

75
0
76
1
47
0.4128176842155181
98
1
10
34.90568961886538
20
22.81183545379326
450
0
451
0
460
0
461
0
452
1
462
1
453
2
463
0
63
5
421
255
463
1
63
7
421
16777215
470
LINEAR
1001
ACAD
1010
0
1020
0
1030
0
0
HATCH
5
c28
100
AcDbEntity
8
Document
100
AcDbHatch
10
0
20
0
30
0
210
0
220
0
230
1
2
SOLID
70
1
71
0
91
1
92
7
72
0
73
1
93
4
10
4.577038354076649
20
-4.246964693929385
10
5.437033274066607
20
-4.246964693929385
10
5.437033274066607
20
-4.117957835915604
10
4.577038354076649
20
-4.117957835915604
97
1
330

75
0
76
1
47
0.4128176842155181
98
1
10
34.90568961886538
20
22.81183545379326
450
0
451
0
460
0
461
0
452
1
462
1
453
2
463
0
63
5
421
255
463
1
63
7
421
16777215
470
LINEAR
1001
ACAD
1010
0
1020
0
1030
0
0
HATCH
5
c2a
100
AcDbEntity
8
TopSilkLayer
100
AcDbHatch
10
0
20
0
30
0
210
0
220
0
230
1
2
SOLID
70
1
71
0
91
1
92
7
72
0
73
1
93
4
10
5.931546863093672
20
-0.3984505969011707
10
6.0605283210566085
20
-0.3984505969011707
10
6.0605283210566085
20
-0.9144526289052237
10
5.931546863093672
20
-0.9144526289052237
97
1
330

75
0
76
1
47
0.4128176842155181
98
1
10
34.90568961886538
20
22.81183545379326
450
0
451
0
460
0
461
0
452
1
462
1
453
2
463
0
63
5
421
255
463
1
63
7
421
16777215
470
LINEAR
1001
ACAD
1010
0
1020
0
1030
0
0
HATCH
5
c2c
100
AcDbEntity
8
TopSilkLayer
100
AcDbHatch
10
0
20
0
30
0
210
0
220
0
230
1
2
SOLID
70
1
71
0
91
1
92
7
72
0
73
1
93
4
10
5.931546863093672
20
-4.440462280924635
10
6.0605283210566085
20
-4.440462280924635
10
6.0605283210566085
20
-3.924460248920468
10
5.931546863093672
20
-3.924460248920468
97
1
330

75
0
76
1
47
0.4128176842155181
98
1
10
34.90568961886538
20
22.81183545379326
450
0
451
0
460
0
461
0
452
1
462
1
453
2
463
0
63
5
421
255
463
1
63
7
421
16777215
470
LINEAR
1001
ACAD
1010
0
1020
0
1030
0
0
HATCH
5
c2e
100
AcDbEntity
8
TopSilkLayer
100
AcDbHatch
10
0
20
0
30
0
210
0
220
0
230
1
2
SOLID
70
1
71
0
91
1
92
7
72
0
73
1
93
4
10
5.566040132080161
20
-4.246964693929385
10
6.4260350520701195
20
-4.246964693929385
10
6.4260350520701195
20
-4.117957835915604
10
5.566040132080161
20
-4.117957835915604
97
1
330

75
0
76
1
47
0.4128176842155181
98
1
10
34.90568961886538
20
22.81183545379326
450
0
451
0
460
0
461
0
452
1
462
1
453
2
463
0
63
5
421
255
463
1
63
7
421
16777215
470
LINEAR
1001
ACAD
1010
0
1020
0
1030
0
0
HATCH
5
c30
100
AcDbEntity
8
Document
100
AcDbHatch
10
0
20
0
30
0
210
0
220
0
230
1
2
SOLID
70
1
71
0
91
1
92
7
72
0
73
1
93
4
10
33.71252222504427
20
-6.897434594869196
10
33.84150368300743
20
-6.897434594869196
10
33.84150368300743
20
-7.413436626873249
10
33.71252222504427
20
-7.413436626873249
97
1
330

75
0
76
1
47
0.4128176842155181
98
1
10
34.90568961886538
20
22.81183545379326
450
0
451
0
460
0
461
0
452
1
462
1
453
2
463
0
63
5
421
255
463
1
63
7
421
16777215
470
LINEAR
1001
ACAD
1010
0
1020
0
1030
0
0
HATCH
5
c32
100
AcDbEntity
8
Document
100
AcDbHatch
10
0
20
0
30
0
210
0
220
0
230
1
2
SOLID
70
1
71
0
91
1
92
7
72
0
73
1
93
4
10
33.71252222504427
20
-10.939446278892547
10
33.84150368300743
20
-10.939446278892547
10
33.84150368300743
20
-10.423444246888494
10
33.71252222504427
20
-10.423444246888494
97
1
330

75
0
76
1
47
0.4128176842155181
98
1
10
34.90568961886538
20
22.81183545379326
450
0
451
0
460
0
461
0
452
1
462
1
453
2
463
0
63
5
421
255
463
1
63
7
421
16777215
470
LINEAR
1001
ACAD
1010
0
1020
0
1030
0
0
HATCH
5
c34
100
AcDbEntity
8
Document
100
AcDbHatch
10
0
20
0
30
0
210
0
220
0
230
1
2
SOLID
70
1
71
0
91
1
92
7
72
0
73
1
93
4
10
33.347015494030984
20
-10.745948691897297
10
34.20701041402094
20
-10.745948691897297
10
34.20701041402094
20
-10.61694183388363
10
33.347015494030984
20
-10.61694183388363
97
1
330

75
0
76
1
47
0.4128176842155181
98
1
10
34.90568961886538
20
22.81183545379326
450
0
451
0
460
0
461
0
452
1
462
1
453
2
463
0
63
5
421
255
463
1
63
7
421
16777215
470
LINEAR
1001
ACAD
1010
0
1020
0
1030
0
0
HATCH
5
c36
100
AcDbEntity
8
TopSilkLayer
100
AcDbHatch
10
0
20
0
30
0
210
0
220
0
230
1
2
SOLID
70
1
71
0
91
1
92
7
72
0
73
1
93
4
10
34.70152400304801
20
-6.897434594869196
10
34.830505461010716
20
-6.897434594869196
10
34.830505461010716
20
-7.413436626873249
10
34.70152400304801
20
-7.413436626873249
97
1
330

75
0
76
1
47
0.4128176842155181
98
1
10
34.90568961886538
20
22.81183545379326
450
0
451
0
460
0
461
0
452
1
462
1
453
2
463
0
63
5
421
255
463
1
63
7
421
16777215
470
LINEAR
1001
ACAD
1010
0
1020
0
1030
0
0
HATCH
5
c38
100
AcDbEntity
8
TopSilkLayer
100
AcDbHatch
10
0
20
0
30
0
210
0
220
0
230
1
2
SOLID
70
1
71
0
91
1
92
7
72
0
73
1
93
4
10
34.70152400304801
20
-10.939446278892547
10
34.830505461010716
20
-10.939446278892547
10
34.830505461010716
20
-10.423444246888494
10
34.70152400304801
20
-10.423444246888494
97
1
330

75
0
76
1
47
0.4128176842155181
98
1
10
34.90568961886538
20
22.81183545379326
450
0
451
0
460
0
461
0
452
1
462
1
453
2
463
0
63
5
421
255
463
1
63
7
421
16777215
470
LINEAR
1001
ACAD
1010
0
1020
0
1030
0
0
HATCH
5
c3a
100
AcDbEntity
8
TopSilkLayer
100
AcDbHatch
10
0
20
0
30
0
210
0
220
0
230
1
2
SOLID
70
1
71
0
91
1
92
7
72
0
73
1
93
4
10
34.336017272034496
20
-10.745948691897297
10
35.19601219202423
20
-10.745948691897297
10
35.19601219202423
20
-10.61694183388363
10
34.336017272034496
20
-10.61694183388363
97
1
330

75
0
76
1
47
0.4128176842155181
98
1
10
34.90568961886538
20
22.81183545379326
450
0
451
0
460
0
461
0
452
1
462
1
453
2
463
0
63
5
421
255
463
1
63
7
421
16777215
470
LINEAR
1001
ACAD
1010
0
1020
0
1030
0
0
HATCH
5
c3c
100
AcDbEntity
8
Document
100
AcDbHatch
10
0
20
0
30
0
210
0
220
0
230
1
2
SOLID
70
1
71
0
91
1
92
7
72
0
73
1
93
4
10
33.67254254508498
20
-15.998450596901193
10
33.801524003047916
20
-15.998450596901193
10
33.801524003047916
20
-16.514452628905246
10
33.67254254508498
20
-16.514452628905246
97
1
330

75
0
76
1
47
0.4128176842155181
98
1
10
34.90568961886538
20
22.81183545379326
450
0
451
0
460
0
461
0
452
1
462
1
453
2
463
0
63
5
421
255
463
1
63
7
421
16777215
470
LINEAR
1001
ACAD
1010
0
1020
0
1030
0
0
HATCH
5
c3e
100
AcDbEntity
8
Document
100
AcDbHatch
10
0
20
0
30
0
210
0
220
0
230
1
2
SOLID
70
1
71
0
91
1
92
7
72
0
73
1
93
4
10
33.67254254508498
20
-20.040462280924544
10
33.801524003047916
20
-20.040462280924544
10
33.801524003047916
20
-19.52446024892049
10
33.67254254508498
20
-19.52446024892049
97
1
330

75
0
76
1
47
0.4128176842155181
98
1
10
34.90568961886538
20
22.81183545379326
450
0
451
0
460
0
461
0
452
1
462
1
453
2
463
0
63
5
421
255
463
1
63
7
421
16777215
470
LINEAR
1001
ACAD
1010
0
1020
0
1030
0
0
HATCH
5
c40
100
AcDbEntity
8
Document
100
AcDbHatch
10
0
20
0
30
0
210
0
220
0
230
1
2
SOLID
70
1
71
0
91
1
92
7
72
0
73
1
93
4
10
33.307035814071696
20
-19.846964693929294
10
34.16703073406143
20
-19.846964693929294
10
34.16703073406143
20
-19.71795783591574
10
33.307035814071696
20
-19.71795783591574
97
1
330

75
0
76
1
47
0.4128176842155181
98
1
10
34.90568961886538
20
22.81183545379326
450
0
451
0
460
0
461
0
452
1
462
1
453
2
463
0
63
5
421
255
463
1
63
7
421
16777215
470
LINEAR
1001
ACAD
1010
0
1020
0
1030
0
0
HATCH
5
c42
100
AcDbEntity
8
TopSilkLayer
100
AcDbHatch
10
0
20
0
30
0
210
0
220
0
230
1
2
SOLID
70
1
71
0
91
1
92
7
72
0
73
1
93
4
10
34.66154432308872
20
-15.998450596901193
10
34.79052578105143
20
-15.998450596901193
10
34.79052578105143
20
-16.514452628905246
10
34.66154432308872
20
-16.514452628905246
97
1
330

75
0
76
1
47
0.4128176842155181
98
1
10
34.90568961886538
20
22.81183545379326
450
0
451
0
460
0
461
0
452
1
462
1
453
2
463
0
63
5
421
255
463
1
63
7
421
16777215
470
LINEAR
1001
ACAD
1010
0
1020
0
1030
0
0
HATCH
5
c44
100
AcDbEntity
8
TopSilkLayer
100
AcDbHatch
10
0
20
0
30
0
210
0
220
0
230
1
2
SOLID
70
1
71
0
91
1
92
7
72
0
73
1
93
4
10
34.66154432308872
20
-20.040462280924544
10
34.79052578105143
20
-20.040462280924544
10
34.79052578105143
20
-19.52446024892049
10
34.66154432308872
20
-19.52446024892049
97
1
330

75
0
76
1
47
0.4128176842155181
98
1
10
34.90568961886538
20
22.81183545379326
450
0
451
0
460
0
461
0
452
1
462
1
453
2
463
0
63
5
421
255
463
1
63
7
421
16777215
470
LINEAR
1001
ACAD
1010
0
1020
0
1030
0
0
HATCH
5
c46
100
AcDbEntity
8
TopSilkLayer
100
AcDbHatch
10
0
20
0
30
0
210
0
220
0
230
1
2
SOLID
70
1
71
0
91
1
92
7
72
0
73
1
93
4
10
34.29603759207521
20
-19.846964693929294
10
35.15603251206494
20
-19.846964693929294
10
35.15603251206494
20
-19.71795783591574
10
34.29603759207521
20
-19.71795783591574
97
1
330

75
0
76
1
47
0.4128176842155181
98
1
10
34.90568961886538
20
22.81183545379326
450
0
451
0
460
0
461
0
452
1
462
1
453
2
463
0
63
5
421
255
463
1
63
7
421
16777215
470
LINEAR
1001
ACAD
1010
0
1020
0
1030
0
0
HATCH
5
c48
100
AcDbEntity
8
Document
100
AcDbHatch
10
0
20
0
30
0
210
0
220
0
230
1
2
SOLID
70
1
71
0
91
1
92
7
72
0
73
1
93
4
10
41.68854457708903
20
-3.0055372110743974
10
41.68854457708903
20
-3.134518669037334
10
41.17254254508498
20
-3.134518669037334
10
41.17254254508498
20
-3.0055372110743974
97
1
330

75
0
76
1
47
0.4128176842155181
98
1
10
34.90568961886538
20
22.81183545379326
450
0
451
0
460
0
461
0
452
1
462
1
453
2
463
0
63
5
421
255
463
1
63
7
421
16777215
470
LINEAR
1001
ACAD
1010
0
1020
0
1030
0
0
HATCH
5
c4a
100
AcDbEntity
8
Document
100
AcDbHatch
10
0
20
0
30
0
210
0
220
0
230
1
2
SOLID
70
1
71
0
91
1
92
7
72
0
73
1
93
4
10
37.646532893065796
20
-3.0055372110743974
10
37.646532893065796
20
-3.134518669037334
10
38.16253492506985
20
-3.134518669037334
10
38.16253492506985
20
-3.0055372110743974
97
1
330

75
0
76
1
47
0.4128176842155181
98
1
10
34.90568961886538
20
22.81183545379326
450
0
451
0
460
0
461
0
452
1
462
1
453
2
463
0
63
5
421
255
463
1
63
7
421
16777215
470
LINEAR
1001
ACAD
1010
0
1020
0
1030
0
0
HATCH
5
c4c
100
AcDbEntity
8
Document
100
AcDbHatch
10
0
20
0
30
0
210
0
220
0
230
1
2
SOLID
70
1
71
0
91
1
92
7
72
0
73
1
93
4
10
37.84003048006093
20
-2.6400304800608865
10
37.84003048006093
20
-3.500025400050731
10
37.96903733807471
20
-3.500025400050731
10
37.96903733807471
20
-2.6400304800608865
97
1
330

75
0
76
1
47
0.4128176842155181
98
1
10
34.90568961886538
20
22.81183545379326
450
0
451
0
460
0
461
0
452
1
462
1
453
2
463
0
63
5
421
255
463
1
63
7
421
16777215
470
LINEAR
1001
ACAD
1010
0
1020
0
1030
0
0
HATCH
5
c4e
100
AcDbEntity
8
TopSilkLayer
100
AcDbHatch
10
0
20
0
30
0
210
0
220
0
230
1
2
SOLID
70
1
71
0
91
1
92
7
72
0
73
1
93
4
10
41.68854457708903
20
-3.9945389890780234
10
41.68854457708903
20
-4.123520447040846
10
41.17254254508498
20
-4.123520447040846
10
41.17254254508498
20
-3.9945389890780234
97
1
330

75
0
76
1
47
0.4128176842155181
98
1
10
34.90568961886538
20
22.81183545379326
450
0
451
0
460
0
461
0
452
1
462
1
453
2
463
0
63
5
421
255
463
1
63
7
421
16777215
470
LINEAR
1001
ACAD
1010
0
1020
0
1030
0
0
HATCH
5
c50
100
AcDbEntity
8
TopSilkLayer
100
AcDbHatch
10
0
20
0
30
0
210
0
220
0
230
1
2
SOLID
70
1
71
0
91
1
92
7
72
0
73
1
93
4
10
37.646532893065796
20
-3.9945389890780234
10
37.646532893065796
20
-4.123520447040846
10
38.16253492506985
20
-4.123520447040846
10
38.16253492506985
20
-3.9945389890780234
97
1
330

75
0
76
1
47
0.4128176842155181
98
1
10
34.90568961886538
20
22.81183545379326
450
0
451
0
460
0
461
0
452
1
462
1
453
2
463
0
63
5
421
255
463
1
63
7
421
16777215
470
LINEAR
1001
ACAD
1010
0
1020
0
1030
0
0
HATCH
5
c52
100
AcDbEntity
8
TopSilkLayer
100
AcDbHatch
10
0
20
0
30
0
210
0
220
0
230
1
2
SOLID
70
1
71
0
91
1
92
7
72
0
73
1
93
4
10
37.84003048006093
20
-3.6290322580645125
10
37.84003048006093
20
-4.489027178054357
10
37.96903733807471
20
-4.489027178054357
10
37.96903733807471
20
-3.6290322580645125
97
1
330

75
0
76
1
47
0.4128176842155181
98
1
10
34.90568961886538
20
22.81183545379326
450
0
451
0
460
0
461
0
452
1
462
1
453
2
463
0
63
5
421
255
463
1
63
7
421
16777215
470
LINEAR
1001
ACAD
1010
0
1020
0
1030
0
0
HATCH
5
c54
100
AcDbEntity
8
Document
100
AcDbHatch
10
0
20
0
30
0
210
0
220
0
230
1
2
SOLID
70
1
71
0
91
1
92
7
72
0
73
1
93
4
10
8.58244856489705
20
-8.382473964947962
10
8.58244856489705
20
-8.253492506985026
10
9.098450596901102
20
-8.253492506985026
10
9.098450596901102
20
-8.382473964947962
97
1
330

75
0
76
1
47
0.4128176842155181
98
1
10
34.90568961886538
20
22.81183545379326
450
0
451
0
460
0
461
0
452
1
462
1
453
2
463
0
63
5
421
255
463
1
63
7
421
16777215
470
LINEAR
1001
ACAD
1010
0
1020
0
1030
0
0
HATCH
5
c56
100
AcDbEntity
8
Document
100
AcDbHatch
10
0
20
0
30
0
210
0
220
0
230
1
2
SOLID
70
1
71
0
91
1
92
7
72
0
73
1
93
4
10
12.624460248920514
20
-8.382473964947962
10
12.624460248920514
20
-8.253492506985026
10
12.10845821691646
20
-8.253492506985026
10
12.10845821691646
20
-8.382473964947962
97
1
330

75
0
76
1
47
0.4128176842155181
98
1
10
34.90568961886538
20
22.81183545379326
450
0
451
0
460
0
461
0
452
1
462
1
453
2
463
0
63
5
421
255
463
1
63
7
421
16777215
470
LINEAR
1001
ACAD
1010
0
1020
0
1030
0
0
HATCH
5
c58
100
AcDbEntity
8
Document
100
AcDbHatch
10
0
20
0
30
0
210
0
220
0
230
1
2
SOLID
70
1
71
0
91
1
92
7
72
0
73
1
93
4
10
12.43096266192515
20
-8.74798069596136
10
12.43096266192515
20
-7.887985775971515
10
12.301955803911596
20
-7.887985775971515
10
12.301955803911596
20
-8.74798069596136
97
1
330

75
0
76
1
47
0.4128176842155181
98
1
10
34.90568961886538
20
22.81183545379326
450
0
451
0
460
0
461
0
452
1
462
1
453
2
463
0
63
5
421
255
463
1
63
7
421
16777215
470
LINEAR
1001
ACAD
1010
0
1020
0
1030
0
0
HATCH
5
c5a
100
AcDbEntity
8
TopSilkLayer
100
AcDbHatch
10
0
20
0
30
0
210
0
220
0
230
1
2
SOLID
70
1
71
0
91
1
92
7
72
0
73
1
93
4
10
8.58244856489705
20
-7.3934721869443365
10
8.58244856489705
20
-7.2644907289814
10
9.098450596901102
20
-7.2644907289814
10
9.098450596901102
20
-7.3934721869443365
97
1
330

75
0
76
1
47
0.4128176842155181
98
1
10
34.90568961886538
20
22.81183545379326
450
0
451
0
460
0
461
0
452
1
462
1
453
2
463
0
63
5
421
255
463
1
63
7
421
16777215
470
LINEAR
1001
ACAD
1010
0
1020
0
1030
0
0
HATCH
5
c5c
100
AcDbEntity
8
TopSilkLayer
100
AcDbHatch
10
0
20
0
30
0
210
0
220
0
230
1
2
SOLID
70
1
71
0
91
1
92
7
72
0
73
1
93
4
10
12.624460248920514
20
-7.3934721869443365
10
12.624460248920514
20
-7.2644907289814
10
12.10845821691646
20
-7.2644907289814
10
12.10845821691646
20
-7.3934721869443365
97
1
330

75
0
76
1
47
0.4128176842155181
98
1
10
34.90568961886538
20
22.81183545379326
450
0
451
0
460
0
461
0
452
1
462
1
453
2
463
0
63
5
421
255
463
1
63
7
421
16777215
470
LINEAR
1001
ACAD
1010
0
1020
0
1030
0
0
HATCH
5
c5e
100
AcDbEntity
8
TopSilkLayer
100
AcDbHatch
10
0
20
0
30
0
210
0
220
0
230
1
2
SOLID
70
1
71
0
91
1
92
7
72
0
73
1
93
4
10
12.43096266192515
20
-7.758978917957734
10
12.43096266192515
20
-6.898983997968003
10
12.301955803911596
20
-6.898983997968003
10
12.301955803911596
20
-7.758978917957734
97
1
330

75
0
76
1
47
0.4128176842155181
98
1
10
34.90568961886538
20
22.81183545379326
450
0
451
0
460
0
461
0
452
1
462
1
453
2
463
0
63
5
421
255
463
1
63
7
421
16777215
470
LINEAR
1001
ACAD
1010
0
1020
0
1030
0
0
HATCH
5
c60
100
AcDbEntity
8
Document
100
AcDbHatch
10
0
20
0
30
0
210
0
220
0
230
1
2
SOLID
70
1
71
0
91
1
92
7
72
0
73
1
93
4
10
3.0055372110743974
20
-41.135433070866156
10
3.134518669037334
20
-41.135433070866156
10
3.134518669037334
20
-41.651435102870096
10
3.0055372110743974
20
-41.651435102870096
97
1
330

75
0
76
1
47
0.4128176842155181
98
1
10
34.90568961886538
20
22.81183545379326
450
0
451
0
460
0
461
0
452
1
462
1
453
2
463
0
63
5
421
255
463
1
63
7
421
16777215
470
LINEAR
1001
ACAD
1010
0
1020
0
1030
0
0
HATCH
5
c62
100
AcDbEntity
8
Document
100
AcDbHatch
10
0
20
0
30
0
210
0
220
0
230
1
2
SOLID
70
1
71
0
91
1
92
7
72
0
73
1
93
4
10
3.0055372110743974
20
-45.17744475488951
10
3.134518669037334
20
-45.17744475488951
10
3.134518669037334
20
-44.661442722885454
10
3.0055372110743974
20
-44.661442722885454
97
1
330

75
0
76
1
47
0.4128176842155181
98
1
10
34.90568961886538
20
22.81183545379326
450
0
451
0
460
0
461
0
452
1
462
1
453
2
463
0
63
5
421
255
463
1
63
7
421
16777215
470
LINEAR
1001
ACAD
1010
0
1020
0
1030
0
0
HATCH
5
c64
100
AcDbEntity
8
Document
100
AcDbHatch
10
0
20
0
30
0
210
0
220
0
230
1
2
SOLID
70
1
71
0
91
1
92
7
72
0
73
1
93
4
10
2.6400304800608865
20
-44.98394716789426
10
3.500025400050845
20
-44.98394716789426
10
3.500025400050845
20
-44.85494030988059
10
2.6400304800608865
20
-44.85494030988059
97
1
330

75
0
76
1
47
0.4128176842155181
98
1
10
34.90568961886538
20
22.81183545379326
450
0
451
0
460
0
461
0
452
1
462
1
453
2
463
0
63
5
421
255
463
1
63
7
421
16777215
470
LINEAR
1001
ACAD
1010
0
1020
0
1030
0
0
HATCH
5
c66
100
AcDbEntity
8
TopSilkLayer
100
AcDbHatch
10
0
20
0
30
0
210
0
220
0
230
1
2
SOLID
70
1
71
0
91
1
92
7
72
0
73
1
93
4
10
3.9945389890779097
20
-41.135433070866156
10
4.123520447040846
20
-41.135433070866156
10
4.123520447040846
20
-41.651435102870096
10
3.9945389890779097
20
-41.651435102870096
97
1
330

75
0
76
1
47
0.4128176842155181
98
1
10
34.90568961886538
20
22.81183545379326
450
0
451
0
460
0
461
0
452
1
462
1
453
2
463
0
63
5
421
255
463
1
63
7
421
16777215
470
LINEAR
1001
ACAD
1010
0
1020
0
1030
0
0
HATCH
5
c68
100
AcDbEntity
8
TopSilkLayer
100
AcDbHatch
10
0
20
0
30
0
210
0
220
0
230
1
2
SOLID
70
1
71
0
91
1
92
7
72
0
73
1
93
4
10
3.9945389890779097
20
-45.17744475488951
10
4.123520447040846
20
-45.17744475488951
10
4.123520447040846
20
-44.661442722885454
10
3.9945389890779097
20
-44.661442722885454
97
1
330

75
0
76
1
47
0.4128176842155181
98
1
10
34.90568961886538
20
22.81183545379326
450
0
451
0
460
0
461
0
452
1
462
1
453
2
463
0
63
5
421
255
463
1
63
7
421
16777215
470
LINEAR
1001
ACAD
1010
0
1020
0
1030
0
0
HATCH
5
c6a
100
AcDbEntity
8
TopSilkLayer
100
AcDbHatch
10
0
20
0
30
0
210
0
220
0
230
1
2
SOLID
70
1
71
0
91
1
92
7
72
0
73
1
93
4
10
3.6290322580643988
20
-44.98394716789426
10
4.489027178054357
20
-44.98394716789426
10
4.489027178054357
20
-44.85494030988059
10
3.6290322580643988
20
-44.85494030988059
97
1
330

75
0
76
1
47
0.4128176842155181
98
1
10
34.90568961886538
20
22.81183545379326
450
0
451
0
460
0
461
0
452
1
462
1
453
2
463
0
63
5
421
255
463
1
63
7
421
16777215
470
LINEAR
1001
ACAD
1010
0
1020
0
1030
0
0
HATCH
5
c6c
100
AcDbEntity
8
Document
100
AcDbHatch
10
0
20
0
30
0
210
0
220
0
230
1
2
SOLID
70
1
71
0
91
1
92
7
72
0
73
1
93
4
10
42.26446532893078
20
-24.745567691135307
10
42.135483870967846
20
-24.745567691135307
10
42.135483870967846
20
-24.229565659131254
10
42.26446532893078
20
-24.229565659131254
97
1
330

75
0
76
1
47
0.4128176842155181
98
1
10
34.90568961886538
20
22.81183545379326
450
0
451
0
460
0
461
0
452
1
462
1
453
2
463
0
63
5
421
255
463
1
63
7
421
16777215
470
LINEAR
1001
ACAD
1010
0
1020
0
1030
0
0
HATCH
5
c6e
100
AcDbEntity
8
Document
100
AcDbHatch
10
0
20
0
30
0
210
0
220
0
230
1
2
SOLID
70
1
71
0
91
1
92
7
72
0
73
1
93
4
10
42.26446532893078
20
-20.703556007111956
10
42.135483870967846
20
-20.703556007111956
10
42.135483870967846
20
-21.219558039116123
10
42.26446532893078
20
-21.219558039116123
97
1
330

75
0
76
1
47
0.4128176842155181
98
1
10
34.90568961886538
20
22.81183545379326
450
0
451
0
460
0
461
0
452
1
462
1
453
2
463
0
63
5
421
255
463
1
63
7
421
16777215
470
LINEAR
1001
ACAD
1010
0
1020
0
1030
0
0
HATCH
5
c70
100
AcDbEntity
8
Document
100
AcDbHatch
10
0
20
0
30
0
210
0
220
0
230
1
2
SOLID
70
1
71
0
91
1
92
7
72
0
73
1
93
4
10
42.629972059944066
20
-20.897053594107092
10
41.76997713995411
20
-20.897053594107092
10
41.76997713995411
20
-21.026060452120873
10
42.629972059944066
20
-21.026060452120873
97
1
330

75
0
76
1
47
0.4128176842155181
98
1
10
34.90568961886538
20
22.81183545379326
450
0
451
0
460
0
461
0
452
1
462
1
453
2
463
0
63
5
421
255
463
1
63
7
421
16777215
470
LINEAR
1001
ACAD
1010
0
1020
0
1030
0
0
HATCH
5
c72
100
AcDbEntity
8
TopSilkLayer
100
AcDbHatch
10
0
20
0
30
0
210
0
220
0
230
1
2
SOLID
70
1
71
0
91
1
92
7
72
0
73
1
93
4
10
41.27546355092704
20
-24.745567691135307
10
41.146482092964106
20
-24.745567691135307
10
41.146482092964106
20
-24.229565659131254
10
41.27546355092704
20
-24.229565659131254
97
1
330

75
0
76
1
47
0.4128176842155181
98
1
10
34.90568961886538
20
22.81183545379326
450
0
451
0
460
0
461
0
452
1
462
1
453
2
463
0
63
5
421
255
463
1
63
7
421
16777215
470
LINEAR
1001
ACAD
1010
0
1020
0
1030
0
0
HATCH
5
c74
100
AcDbEntity
8
TopSilkLayer
100
AcDbHatch
10
0
20
0
30
0
210
0
220
0
230
1
2
SOLID
70
1
71
0
91
1
92
7
72
0
73
1
93
4
10
41.27546355092704
20
-20.703556007111956
10
41.146482092964106
20
-20.703556007111956
10
41.146482092964106
20
-21.219558039116123
10
41.27546355092704
20
-21.219558039116123
97
1
330

75
0
76
1
47
0.4128176842155181
98
1
10
34.90568961886538
20
22.81183545379326
450
0
451
0
460
0
461
0
452
1
462
1
453
2
463
0
63
5
421
255
463
1
63
7
421
16777215
470
LINEAR
1001
ACAD
1010
0
1020
0
1030
0
0
HATCH
5
c76
100
AcDbEntity
8
TopSilkLayer
100
AcDbHatch
10
0
20
0
30
0
210
0
220
0
230
1
2
SOLID
70
1
71
0
91
1
92
7
72
0
73
1
93
4
10
41.640970281940554
20
-20.897053594107092
10
40.78097536195082
20
-20.897053594107092
10
40.78097536195082
20
-21.026060452120873
10
41.640970281940554
20
-21.026060452120873
97
1
330

75
0
76
1
47
0.4128176842155181
98
1
10
34.90568961886538
20
22.81183545379326
450
0
451
0
460
0
461
0
452
1
462
1
453
2
463
0
63
5
421
255
463
1
63
7
421
16777215
470
LINEAR
1001
ACAD
1010
0
1020
0
1030
0
0
HATCH
5
c78
100
AcDbEntity
8
Document
100
AcDbHatch
10
0
20
0
30
0
210
0
220
0
230
1
2
SOLID
70
1
71
0
91
1
92
7
72
0
73
1
93
4
10
14.374447548894977
20
-34.12346964693927
10
14.374447548894977
20
-33.994488188976334
10
14.89044958089903
20
-33.994488188976334
10
14.89044958089903
20
-34.12346964693927
97
1
330

75
0
76
1
47
0.4128176842155181
98
1
10
34.90568961886538
20
22.81183545379326
450
0
451
0
460
0
461
0
452
1
462
1
453
2
463
0
63
5
421
255
463
1
63
7
421
16777215
470
LINEAR
1001
ACAD
1010
0
1020
0
1030
0
0
HATCH
5
c7a
100
AcDbEntity
8
Document
100
AcDbHatch
10
0
20
0
30
0
210
0
220
0
230
1
2
SOLID
70
1
71
0
91
1
92
7
72
0
73
1
93
4
10
18.41645923291844
20
-34.12346964693927
10
18.41645923291844
20
-33.994488188976334
10
17.90045720091439
20
-33.994488188976334
10
17.90045720091439
20
-34.12346964693927
97
1
330

75
0
76
1
47
0.4128176842155181
98
1
10
34.90568961886538
20
22.81183545379326
450
0
451
0
460
0
461
0
452
1
462
1
453
2
463
0
63
5
421
255
463
1
63
7
421
16777215
470
LINEAR
1001
ACAD
1010
0
1020
0
1030
0
0
HATCH
5
c7c
100
AcDbEntity
8
Document
100
AcDbHatch
10
0
20
0
30
0
210
0
220
0
230
1
2
SOLID
70
1
71
0
91
1
92
7
72
0
73
1
93
4
10
18.222961645923306
20
-34.48897637795278
10
18.222961645923306
20
-33.62898145796294
10
18.093954787909524
20
-33.62898145796294
10
18.093954787909524
20
-34.48897637795278
97
1
330

75
0
76
1
47
0.4128176842155181
98
1
10
34.90568961886538
20
22.81183545379326
450
0
451
0
460
0
461
0
452
1
462
1
453
2
463
0
63
5
421
255
463
1
63
7
421
16777215
470
LINEAR
1001
ACAD
1010
0
1020
0
1030
0
0
HATCH
5
c7e
100
AcDbEntity
8
TopSilkLayer
100
AcDbHatch
10
0
20
0
30
0
210
0
220
0
230
1
2
SOLID
70
1
71
0
91
1
92
7
72
0
73
1
93
4
10
14.374447548894977
20
-33.13446786893576
10
14.374447548894977
20
-33.00548641097282
10
14.89044958089903
20
-33.00548641097282
10
14.89044958089903
20
-33.13446786893576
97
1
330

75
0
76
1
47
0.4128176842155181
98
1
10
34.90568961886538
20
22.81183545379326
450
0
451
0
460
0
461
0
452
1
462
1
453
2
463
0
63
5
421
255
463
1
63
7
421
16777215
470
LINEAR
1001
ACAD
1010
0
1020
0
1030
0
0
HATCH
5
c80
100
AcDbEntity
8
TopSilkLayer
100
AcDbHatch
10
0
20
0
30
0
210
0
220
0
230
1
2
SOLID
70
1
71
0
91
1
92
7
72
0
73
1
93
4
10
18.41645923291844
20
-33.13446786893576
10
18.41645923291844
20
-33.00548641097282
10
17.90045720091439
20
-33.00548641097282
10
17.90045720091439
20
-33.13446786893576
97
1
330

75
0
76
1
47
0.4128176842155181
98
1
10
34.90568961886538
20
22.81183545379326
450
0
451
0
460
0
461
0
452
1
462
1
453
2
463
0
63
5
421
255
463
1
63
7
421
16777215
470
LINEAR
1001
ACAD
1010
0
1020
0
1030
0
0
HATCH
5
c82
100
AcDbEntity
8
TopSilkLayer
100
AcDbHatch
10
0
20
0
30
0
210
0
220
0
230
1
2
SOLID
70
1
71
0
91
1
92
7
72
0
73
1
93
4
10
18.222961645923306
20
-33.499974599949155
10
18.222961645923306
20
-32.63997967995931
10
18.093954787909524
20
-32.63997967995931
10
18.093954787909524
20
-33.499974599949155
97
1
330

75
0
76
1
47
0.4128176842155181
98
1
10
34.90568961886538
20
22.81183545379326
450
0
451
0
460
0
461
0
452
1
462
1
453
2
463
0
63
5
421
255
463
1
63
7
421
16777215
470
LINEAR
1001
ACAD
1010
0
1020
0
1030
0
0
HATCH
5
c84
100
AcDbEntity
8
Document
100
AcDbHatch
10
0
20
0
30
0
210
0
220
0
230
1
2
SOLID
70
1
71
0
91
1
92
7
72
0
73
1
93
4
10
7.704546609093313
20
-41.14445008890016
10
7.833528067056022
20
-41.14445008890016
10
7.833528067056022
20
-41.66045212090421
10
7.704546609093313
20
-41.66045212090421
97
1
330

75
0
76
1
47
0.4128176842155181
98
1
10
34.90568961886538
20
22.81183545379326
450
0
451
0
460
0
461
0
452
1
462
1
453
2
463
0
63
5
421
255
463
1
63
7
421
16777215
470
LINEAR
1001
ACAD
1010
0
1020
0
1030
0
0
HATCH
5
c86
100
AcDbEntity
8
Document
100
AcDbHatch
10
0
20
0
30
0
210
0
220
0
230
1
2
SOLID
70
1
71
0
91
1
92
7
72
0
73
1
93
4
10
7.704546609093313
20
-45.18646177292351
10
7.833528067056022
20
-45.18646177292351
10
7.833528067056022
20
-44.670459740919455
10
7.704546609093313
20
-44.670459740919455
97
1
330

75
0
76
1
47
0.4128176842155181
98
1
10
34.90568961886538
20
22.81183545379326
450
0
451
0
460
0
461
0
452
1
462
1
453
2
463
0
63
5
421
255
463
1
63
7
421
16777215
470
LINEAR
1001
ACAD
1010
0
1020
0
1030
0
0
HATCH
5
c88
100
AcDbEntity
8
Document
100
AcDbHatch
10
0
20
0
30
0
210
0
220
0
230
1
2
SOLID
70
1
71
0
91
1
92
7
72
0
73
1
93
4
10
7.339039878079575
20
-44.99296418592837
10
8.199034798069533
20
-44.99296418592837
10
8.199034798069533
20
-44.86395732791459
10
7.339039878079575
20
-44.86395732791459
97
1
330

75
0
76
1
47
0.4128176842155181
98
1
10
34.90568961886538
20
22.81183545379326
450
0
451
0
460
0
461
0
452
1
462
1
453
2
463
0
63
5
421
255
463
1
63
7
421
16777215
470
LINEAR
1001
ACAD
1010
0
1020
0
1030
0
0
HATCH
5
c8a
100
AcDbEntity
8
TopSilkLayer
100
AcDbHatch
10
0
20
0
30
0
210
0
220
0
230
1
2
SOLID
70
1
71
0
91
1
92
7
72
0
73
1
93
4
10
8.693548387096598
20
-41.14445008890016
10
8.822529845059762
20
-41.14445008890016
10
8.822529845059762
20
-41.66045212090421
10
8.693548387096598
20
-41.66045212090421
97
1
330

75
0
76
1
47
0.4128176842155181
98
1
10
34.90568961886538
20
22.81183545379326
450
0
451
0
460
0
461
0
452
1
462
1
453
2
463
0
63
5
421
255
463
1
63
7
421
16777215
470
LINEAR
1001
ACAD
1010
0
1020
0
1030
0
0
HATCH
5
c8c
100
AcDbEntity
8
TopSilkLayer
100
AcDbHatch
10
0
20
0
30
0
210
0
220
0
230
1
2
SOLID
70
1
71
0
91
1
92
7
72
0
73
1
93
4
10
8.693548387096598
20
-45.18646177292351
10
8.822529845059762
20
-45.18646177292351
10
8.822529845059762
20
-44.670459740919455
10
8.693548387096598
20
-44.670459740919455
97
1
330

75
0
76
1
47
0.4128176842155181
98
1
10
34.90568961886538
20
22.81183545379326
450
0
451
0
460
0
461
0
452
1
462
1
453
2
463
0
63
5
421
255
463
1
63
7
421
16777215
470
LINEAR
1001
ACAD
1010
0
1020
0
1030
0
0
HATCH
5
c8e
100
AcDbEntity
8
TopSilkLayer
100
AcDbHatch
10
0
20
0
30
0
210
0
220
0
230
1
2
SOLID
70
1
71
0
91
1
92
7
72
0
73
1
93
4
10
8.328041656083315
20
-44.99296418592837
10
9.188036576073046
20
-44.99296418592837
10
9.188036576073046
20
-44.86395732791459
10
8.328041656083315
20
-44.86395732791459
97
1
330

75
0
76
1
47
0.4128176842155181
98
1
10
34.90568961886538
20
22.81183545379326
450
0
451
0
460
0
461
0
452
1
462
1
453
2
463
0
63
5
421
255
463
1
63
7
421
16777215
470
LINEAR
1001
ACAD
1010
0
1020
0
1030
0
0
HATCH
5
c90
100
AcDbEntity
8
Document
100
AcDbHatch
10
0
20
0
30
0
210
0
220
0
230
1
2
SOLID
70
1
71
0
91
1
92
7
72
0
73
1
93
4
10
8.767995935991848
20
-19.097002794005675
10
8.767995935991848
20
-18.952984505969084
10
9.343992887985678
20
-18.952984505969084
10
9.343992887985678
20
-19.097002794005675
97
1
330

75
0
76
1
47
0.4128176842155181
98
1
10
34.90568961886538
20
22.81183545379326
450
0
451
0
460
0
461
0
452
1
462
1
453
2
463
0
63
5
421
255
463
1
63
7
421
16777215
470
LINEAR
1001
ACAD
1010
0
1020
0
1030
0
0
HATCH
5
c92
100
AcDbEntity
8
Document
100
AcDbHatch
10
0
20
0
30
0
210
0
220
0
230
1
2
SOLID
70
1
71
0
91
1
92
7
72
0
73
1
93
4
10
13.28001016002031
20
-19.097002794005675
10
13.28001016002031
20
-18.952984505969084
10
12.704013208026481
20
-18.952984505969084
10
12.704013208026481
20
-19.097002794005675
97
1
330

75
0
76
1
47
0.4128176842155181
98
1
10
34.90568961886538
20
22.81183545379326
450
0
451
0
460
0
461
0
452
1
462
1
453
2
463
0
63
5
421
255
463
1
63
7
421
16777215
470
LINEAR
1001
ACAD
1010
0
1020
0
1030
0
0
HATCH
5
c94
100
AcDbEntity
8
Document
100
AcDbHatch
10
0
20
0
30
0
210
0
220
0
230
1
2
SOLID
70
1
71
0
91
1
92
7
72
0
73
1
93
4
10
13.064008128016212
20
-19.50500381000768
10
13.064008128016212
20
-18.544983489966967
10
12.920015240030352
20
-18.544983489966967
10
12.920015240030352
20
-19.50500381000768
97
1
330

75
0
76
1
47
0.4128176842155181
98
1
10
34.90568961886538
20
22.81183545379326
450
0
451
0
460
0
461
0
452
1
462
1
453
2
463
0
63
5
421
255
463
1
63
7
421
16777215
470
LINEAR
1001
ACAD
1010
0
1020
0
1030
0
0
HATCH
5
c96
100
AcDbEntity
8
TopSilkLayer
100
AcDbHatch
10
0
20
0
30
0
210
0
220
0
230
1
2
SOLID
70
1
71
0
91
1
92
7
72
0
73
1
93
4
10
8.767995935991848
20
-17.992989585979217
10
8.767995935991848
20
-17.848996697993357
10
9.343992887985678
20
-17.848996697993357
10
9.343992887985678
20
-17.992989585979217
97
1
330

75
0
76
1
47
0.4128176842155181
98
1
10
34.90568961886538
20
22.81183545379326
450
0
451
0
460
0
461
0
452
1
462
1
453
2
463
0
63
5
421
255
463
1
63
7
421
16777215
470
LINEAR
1001
ACAD
1010
0
1020
0
1030
0
0
HATCH
5
c98
100
AcDbEntity
8
TopSilkLayer
100
AcDbHatch
10
0
20
0
30
0
210
0
220
0
230
1
2
SOLID
70
1
71
0
91
1
92
7
72
0
73
1
93
4
10
13.28001016002031
20
-17.992989585979217
10
13.28001016002031
20
-17.848996697993357
10
12.704013208026481
20
-17.848996697993357
10
12.704013208026481
20
-17.992989585979217
97
1
330

75
0
76
1
47
0.4128176842155181
98
1
10
34.90568961886538
20
22.81183545379326
450
0
451
0
460
0
461
0
452
1
462
1
453
2
463
0
63
5
421
255
463
1
63
7
421
16777215
470
LINEAR
1001
ACAD
1010
0
1020
0
1030
0
0
HATCH
5
c9a
100
AcDbEntity
8
TopSilkLayer
100
AcDbHatch
10
0
20
0
30
0
210
0
220
0
230
1
2
SOLID
70
1
71
0
91
1
92
7
72
0
73
1
93
4
10
13.064008128016212
20
-18.40099060198122
10
13.064008128016212
20
-17.440995681991353
10
12.920015240030352
20
-17.440995681991353
10
12.920015240030352
20
-18.40099060198122
97
1
330

75
0
76
1
47
0.4128176842155181
98
1
10
34.90568961886538
20
22.81183545379326
450
0
451
0
460
0
461
0
452
1
462
1
453
2
463
0
63
5
421
255
463
1
63
7
421
16777215
470
LINEAR
1001
ACAD
1010
0
1020
0
1030
0
0
HATCH
5
c9c
100
AcDbEntity
8
Document
100
AcDbHatch
10
0
20
0
30
0
210
0
220
0
230
1
2
SOLID
70
1
71
0
91
1
92
7
72
0
73
1
93
4
10
8.657988315976581
20
-13.532004064008106
10
8.657988315976581
20
-13.387985775971629
10
9.23398526797041
20
-13.387985775971629
10
9.23398526797041
20
-13.532004064008106
97
1
330

75
0
76
1
47
0.4128176842155181
98
1
10
34.90568961886538
20
22.81183545379326
450
0
451
0
460
0
461
0
452
1
462
1
453
2
463
0
63
5
421
255
463
1
63
7
421
16777215
470
LINEAR
1001
ACAD
1010
0
1020
0
1030
0
0
HATCH
5
c9e
100
AcDbEntity
8
Document
100
AcDbHatch
10
0
20
0
30
0
210
0
220
0
230
1
2
SOLID
70
1
71
0
91
1
92
7
72
0
73
1
93
4
10
13.170002540005044
20
-13.532004064008106
10
13.170002540005044
20
-13.387985775971629
10
12.594005588011214
20
-13.387985775971629
10
12.594005588011214
20
-13.532004064008106
97
1
330

75
0
76
1
47
0.4128176842155181
98
1
10
34.90568961886538
20
22.81183545379326
450
0
451
0
460
0
461
0
452
1
462
1
453
2
463
0
63
5
421
255
463
1
63
7
421
16777215
470
LINEAR
1001
ACAD
1010
0
1020
0
1030
0
0
HATCH
5
ca0
100
AcDbEntity
8
Document
100
AcDbHatch
10
0
20
0
30
0
210
0
220
0
230
1
2
SOLID
70
1
71
0
91
1
92
7
72
0
73
1
93
4
10
12.954000508000945
20
-13.940005080010224
10
12.954000508000945
20
-12.979984759969511
10
12.810007620015085
20
-12.979984759969511
10
12.810007620015085
20
-13.940005080010224
97
1
330

75
0
76
1
47
0.4128176842155181
98
1
10
34.90568961886538
20
22.81183545379326
450
0
451
0
460
0
461
0
452
1
462
1
453
2
463
0
63
5
421
255
463
1
63
7
421
16777215
470
LINEAR
1001
ACAD
1010
0
1020
0
1030
0
0
HATCH
5
ca2
100
AcDbEntity
8
TopSilkLayer
100
AcDbHatch
10
0
20
0
30
0
210
0
220
0
230
1
2
SOLID
70
1
71
0
91
1
92
7
72
0
73
1
93
4
10
8.657988315976581
20
-12.427990855981761
10
8.657988315976581
20
-12.283997967995901
10
9.23398526797041
20
-12.283997967995901
10
9.23398526797041
20
-12.427990855981761
97
1
330

75
0
76
1
47
0.4128176842155181
98
1
10
34.90568961886538
20
22.81183545379326
450
0
451
0
460
0
461
0
452
1
462
1
453
2
463
0
63
5
421
255
463
1
63
7
421
16777215
470
LINEAR
1001
ACAD
1010
0
1020
0
1030
0
0
HATCH
5
ca4
100
AcDbEntity
8
TopSilkLayer
100
AcDbHatch
10
0
20
0
30
0
210
0
220
0
230
1
2
SOLID
70
1
71
0
91
1
92
7
72
0
73
1
93
4
10
13.170002540005044
20
-12.427990855981761
10
13.170002540005044
20
-12.283997967995901
10
12.594005588011214
20
-12.283997967995901
10
12.594005588011214
20
-12.427990855981761
97
1
330

75
0
76
1
47
0.4128176842155181
98
1
10
34.90568961886538
20
22.81183545379326
450
0
451
0
460
0
461
0
452
1
462
1
453
2
463
0
63
5
421
255
463
1
63
7
421
16777215
470
LINEAR
1001
ACAD
1010
0
1020
0
1030
0
0
HATCH
5
ca6
100
AcDbEntity
8
TopSilkLayer
100
AcDbHatch
10
0
20
0
30
0
210
0
220
0
230
1
2
SOLID
70
1
71
0
91
1
92
7
72
0
73
1
93
4
10
12.954000508000945
20
-12.835991871983765
10
12.954000508000945
20
-11.875996951993898
10
12.810007620015085
20
-11.875996951993898
10
12.810007620015085
20
-12.835991871983765
97
1
330

75
0
76
1
47
0.4128176842155181
98
1
10
34.90568961886538
20
22.81183545379326
450
0
451
0
460
0
461
0
452
1
462
1
453
2
463
0
63
5
421
255
463
1
63
7
421
16777215
470
LINEAR
1001
ACAD
1010
0
1020
0
1030
0
0
HATCH
5
ca8
100
AcDbEntity
8
Document
100
AcDbHatch
10
0
20
0
30
0
210
0
220
0
230
1
2
SOLID
70
1
71
0
91
1
92
7
72
0
73
1
93
4
10
11.184048768097455
20
-1.0372110744222027
10
12.064033528067057
20
-1.0372110744222027
10
12.064033528067057
20
-1.217170434340801
10
11.184048768097455
20
-1.217170434340801
97
1
330

75
0
76
1
47
0.4128176842155181
98
1
10
34.90568961886538
20
22.81183545379326
450
0
451
0
460
0
461
0
452
1
462
1
453
2
463
0
63
5
421
255
463
1
63
7
421
16777215
470
LINEAR
1001
ACAD
1010
0
1020
0
1030
0
0
HATCH
5
caa
100
AcDbEntity
8
Document
100
AcDbHatch
10
0
20
0
30
0
210
0
220
0
230
1
2
SOLID
70
1
71
0
91
1
92
7
72
0
73
1
93
4
10
7.653873507746994
20
-1.1071120142240716
10
8.533858267716596
20
-1.1071120142240716
10
8.533858267716596
20
-1.2871221742443595
10
7.653873507746994
20
-1.2871221742443595
97
1
330

75
0
76
1
47
0.4128176842155181
98
1
10
34.90568961886538
20
22.81183545379326
450
0
451
0
460
0
461
0
452
1
462
1
453
2
463
0
63
5
421
255
463
1
63
7
421
16777215
470
LINEAR
1001
ACAD
1010
0
1020
0
1030
0
0
HATCH
5
cac
100
AcDbEntity
8
Document
100
AcDbHatch
10
0
20
0
30
0
210
0
220
0
230
1
2
SOLID
70
1
71
0
91
1
92
7
72
0
73
1
93
4
10
8.213741427482773
20
-0.6949707899416353
10
8.213741427482773
20
-1.5749047498095479
10
8.033756667513444
20
-1.5749047498095479
10
8.033756667513444
20
-0.6949707899416353
97
1
330

75
0
76
1
47
0.4128176842155181
98
1
10
34.90568961886538
20
22.81183545379326
450
0
451
0
460
0
461
0
452
1
462
1
453
2
463
0
63
5
421
255
463
1
63
7
421
16777215
470
LINEAR
1001
ACAD
1010
0
1020
0
1030
0
0
HATCH
5
cae
100
AcDbEntity
8
Document
100
AcDbHatch
10
0
20
0
30
0
210
0
220
0
230
1
2
SOLID
70
1
71
0
91
1
92
7
72
0
73
1
93
4
10
14.191211582423193
20
-40.70795021590038
10
14.191211582423193
20
-39.827965455930894
10
14.371170942341905
20
-39.827965455930894
10
14.371170942341905
20
-40.70795021590038
97
1
330

75
0
76
1
47
0.4128176842155181
98
1
10
34.90568961886538
20
22.81183545379326
450
0
451
0
460
0
461
0
452
1
462
1
453
2
463
0
63
5
421
255
463
1
63
7
421
16777215
470
LINEAR
1001
ACAD
1010
0
1020
0
1030
0
0
HATCH
5
cb0
100
AcDbEntity
8
Document
100
AcDbHatch
10
0
20
0
30
0
210
0
220
0
230
1
2
SOLID
70
1
71
0
91
1
92
7
72
0
73
1
93
4
10
14.261112522225176
20
-44.23812547625096
10
14.261112522225176
20
-43.35814071628147
10
14.44112268224535
20
-43.35814071628147
10
14.44112268224535
20
-44.23812547625096
97
1
330

75
0
76
1
47
0.4128176842155181
98
1
10
34.90568961886538
20
22.81183545379326
450
0
451
0
460
0
461
0
452
1
462
1
453
2
463
0
63
5
421
255
463
1
63
7
421
16777215
470
LINEAR
1001
ACAD
1010
0
1020
0
1030
0
0
HATCH
5
cb2
100
AcDbEntity
8
Document
100
AcDbHatch
10
0
20
0
30
0
210
0
220
0
230
1
2
SOLID
70
1
71
0
91
1
92
7
72
0
73
1
93
4
10
13.848971297942398
20
-43.678257556515064
10
14.728905257810538
20
-43.678257556515064
10
14.728905257810538
20
-43.85824231648462
10
13.848971297942398
20
-43.85824231648462
97
1
330

75
0
76
1
47
0.4128176842155181
98
1
10
34.90568961886538
20
22.81183545379326
450
0
451
0
460
0
461
0
452
1
462
1
453
2
463
0
63
5
421
255
463
1
63
7
421
16777215
470
LINEAR
1001
ACAD
1010
0
1020
0
1030
0
0
HATCH
5
cb4
100
AcDbEntity
8
TopPasteMaskLayer
100
AcDbHatch
10
0
20
0
30
0
210
0
220
0
230
1
2
SOLID
70
1
71
0
91
1
92
7
72
0
73
1
93
8
10
10.45549911099829
20
-3.41816103632209
10
10.45549911099829
20
-3.1278384556768515
10
10.752374904749786
20
-2.8194056388111903
10
11.279959359918621
20
-2.8194056388111903
10
11.34714249428498
20
-2.88658877317755
10
11.34714249428498
20
-3.659410718821391
10
11.279959359918621
20
-3.726593853187751
10
10.752374904749786
20
-3.726593853187751
97
1
330

75
0
76
1
47
0.4128176842155181
98
1
10
34.90568961886538
20
22.81183545379326
450
0
451
0
460
0
461
0
452
1
462
1
453
2
463
0
63
5
421
255
463
1
63
7
421
16777215
470
LINEAR
1001
ACAD
1010
0
1020
0
1030
0
0
HATCH
5
cb6
100
AcDbEntity
8
TopPasteMaskLayer
100
AcDbHatch
10
0
20
0
30
0
210
0
220
0
230
1
2
SOLID
70
1
71
0
91
1
92
7
72
0
73
1
93
8
10
10.122504445008872
20
-3.41816103632209
10
10.122504445008872
20
-3.1278384556768515
10
9.825628651257375
20
-2.8194056388111903
10
9.298044196088313
20
-2.8194056388111903
10
9.23086106172218
20
-2.88658877317755
10
9.23086106172218
20
-3.659410718821391
10
9.298044196088313
20
-3.726593853187751
10
9.825628651257375
20
-3.726593853187751
97
1
330

75
0
76
1
47
0.4128176842155181
98
1
10
34.90568961886538
20
22.81183545379326
450
0
451
0
460
0
461
0
452
1
462
1
453
2
463
0
63
5
421
255
463
1
63
7
421
16777215
470
LINEAR
1001
ACAD
1010
0
1020
0
1030
0
0
HATCH
5
cb8
100
AcDbEntity
8
Document
100
AcDbHatch
10
0
20
0
30
0
210
0
220
0
230
1
2
SOLID
70
1
71
0
91
1
92
7
72
0
73
1
93
4
10
-10.135026670053435
20
-25.438023876047737
10
-16.135052070104166
20
-25.438023876047737
10
-16.135052070104166
20
-8.637973075946206
10
-10.135026670053435
20
-8.637973075946206
97
1
330

75
0
76
1
47
0.4128176842155181
98
1
10
34.90568961886538
20
22.81183545379326
450
0
451
0
460
0
461
0
452
1
462
1
453
2
463
0
63
5
421
255
463
1
63
7
421
16777215
470
LINEAR
1001
ACAD
1010
0
1020
0
1030
0
0
HATCH
5
cba
100
AcDbEntity
8
Document
100
AcDbHatch
10
0
20
0
30
0
210
0
220
0
230
1
2
SOLID
70
1
71
0
91
1
92
7
72
0
73
1
93
4
10
19.815925831851473
20
-22.43901447802898
10
18.715925831851564
20
-22.43901447802898
10
18.715925831851564
20
-22.239014478028935
10
19.815925831851473
20
-22.239014478028935
97
1
330

75
0
76
1
47
0.4128176842155181
98
1
10
34.90568961886538
20
22.81183545379326
450
0
451
0
460
0
461
0
452
1
462
1
453
2
463
0
63
5
421
255
463
1
63
7
421
16777215
470
LINEAR
1001
ACAD
1010
0
1020
0
1030
0
0
HATCH
5
cbc
100
AcDbEntity
8
Document
100
AcDbHatch
10
0
20
0
30
0
210
0
220
0
230
1
2
SOLID
70
1
71
0
91
1
92
7
72
0
73
1
93
4
10
19.20040640081288
20
-22.885648971297996
10
19.20040640081288
20
-21.785648971297974
10
19.400406400812926
20
-21.785648971297974
10
19.400406400812926
20
-22.885648971297996
97
1
330

75
0
76
1
47
0.4128176842155181
98
1
10
34.90568961886538
20
22.81183545379326
450
0
451
0
460
0
461
0
452
1
462
1
453
2
463
0
63
5
421
255
463
1
63
7
421
16777215
470
LINEAR
1001
ACAD
1010
0
1020
0
1030
0
0
HATCH
5
cbe
100
AcDbEntity
8
Document
100
AcDbHatch
10
0
20
0
30
0
210
0
220
0
230
1
2
SOLID
70
1
71
0
91
1
92
7
72
0
73
1
93
4
10
19.36929133858257
20
-23.87437134874267
10
19.36929133858257
20
-24.97437134874258
10
19.169291338582525
20
-24.97437134874258
10
19.169291338582525
20
-23.87437134874267
97
1
330

75
0
76
1
47
0.4128176842155181
98
1
10
34.90568961886538
20
22.81183545379326
450
0
451
0
460
0
461
0
452
1
462
1
453
2
463
0
63
5
421
255
463
1
63
7
421
16777215
470
LINEAR
1001
ACAD
1010
0
1020
0
1030
0
0
HATCH
5
cc0
100
AcDbEntity
8
Document
100
AcDbHatch
10
0
20
0
30
0
210
0
220
0
230
1
2
SOLID
70
1
71
0
91
1
92
7
72
0
73
1
93
4
10
22.215925831851564
20
-22.486004572009165
10
21.115925831851655
20
-22.486004572009165
10
21.115925831851655
20
-22.28600457200912
10
22.215925831851564
20
-22.28600457200912
97
1
330

75
0
76
1
47
0.4128176842155181
98
1
10
34.90568961886538
20
22.81183545379326
450
0
451
0
460
0
461
0
452
1
462
1
453
2
463
0
63
5
421
255
463
1
63
7
421
16777215
470
LINEAR
1001
ACAD
1010
0
1020
0
1030
0
0
HATCH
5
cc2
100
AcDbEntity
8
Document
100
AcDbHatch
10
0
20
0
30
0
210
0
220
0
230
1
2
SOLID
70
1
71
0
91
1
92
7
72
0
73
1
93
4
10
21.600406400812744
20
-22.93263906527818
10
21.600406400812744
20
-21.83263906527816
10
21.80040640081279
20
-21.83263906527816
10
21.80040640081279
20
-22.93263906527818
97
1
330

75
0
76
1
47
0.4128176842155181
98
1
10
34.90568961886538
20
22.81183545379326
450
0
451
0
460
0
461
0
452
1
462
1
453
2
463
0
63
5
421
255
463
1
63
7
421
16777215
470
LINEAR
1001
ACAD
1010
0
1020
0
1030
0
0
HATCH
5
cc4
100
AcDbEntity
8
Document
100
AcDbHatch
10
0
20
0
30
0
210
0
220
0
230
1
2
SOLID
70
1
71
0
91
1
92
7
72
0
73
1
93
4
10
21.76929133858266
20
-23.921361442722855
10
21.76929133858266
20
-25.021361442722878
10
21.569291338582616
20
-25.021361442722878
10
21.569291338582616
20
-23.921361442722855
97
1
330

75
0
76
1
47
0.4128176842155181
98
1
10
34.90568961886538
20
22.81183545379326
450
0
451
0
460
0
461
0
452
1
462
1
453
2
463
0
63
5
421
255
463
1
63
7
421
16777215
470
LINEAR
1001
ACAD
1010
0
1020
0
1030
0
0
HATCH
5
cc6
100
AcDbEntity
8
Document
100
AcDbHatch
10
0
20
0
30
0
210
0
220
0
230
1
2
SOLID
70
1
71
0
91
1
92
7
72
0
73
1
93
4
10
29.844932689865345
20
-22.72999745999482
10
28.744932689865436
20
-22.72999745999482
10
28.744932689865436
20
-22.52999745999489
10
29.844932689865345
20
-22.52999745999489
97
1
330

75
0
76
1
47
0.4128176842155181
98
1
10
34.90568961886538
20
22.81183545379326
450
0
451
0
460
0
461
0
452
1
462
1
453
2
463
0
63
5
421
255
463
1
63
7
421
16777215
470
LINEAR
1001
ACAD
1010
0
1020
0
1030
0
0
HATCH
5
cc8
100
AcDbEntity
8
Document
100
AcDbHatch
10
0
20
0
30
0
210
0
220
0
230
1
2
SOLID
70
1
71
0
91
1
92
7
72
0
73
1
93
4
10
29.229413258826526
20
-23.176631953263836
10
29.229413258826526
20
-22.076631953263927
10
29.42941325882657
20
-22.076631953263927
10
29.42941325882657
20
-23.176631953263836
97
1
330

75
0
76
1
47
0.4128176842155181
98
1
10
34.90568961886538
20
22.81183545379326
450
0
451
0
460
0
461
0
452
1
462
1
453
2
463
0
63
5
421
255
463
1
63
7
421
16777215
470
LINEAR
1001
ACAD
1010
0
1020
0
1030
0
0
HATCH
5
cca
100
AcDbEntity
8
Document
100
AcDbHatch
10
0
20
0
30
0
210
0
220
0
230
1
2
SOLID
70
1
71
0
91
1
92
7
72
0
73
1
93
4
10
29.398298196596215
20
-24.165354330708624
10
29.398298196596215
20
-25.265354330708647
10
29.19829819659617
20
-25.265354330708647
10
29.19829819659617
20
-24.165354330708624
97
1
330

75
0
76
1
47
0.4128176842155181
98
1
10
34.90568961886538
20
22.81183545379326
450
0
451
0
460
0
461
0
452
1
462
1
453
2
463
0
63
5
421
255
463
1
63
7
421
16777215
470
LINEAR
1001
ACAD
1010
0
1020
0
1030
0
0
HATCH
5
ccc
100
AcDbEntity
8
Document
100
AcDbHatch
10
0
20
0
30
0
210
0
220
0
230
1
2
SOLID
70
1
71
0
91
1
92
7
72
0
73
1
93
4
10
31.08206756413506
20
-5.205003810007611
10
32.182067564135195
20
-5.205003810007611
10
32.182067564135195
20
-5.405003810007656
10
31.08206756413506
20
-5.405003810007656
97
1
330

75
0
76
1
47
0.4128176842155181
98
1
10
34.90568961886538
20
22.81183545379326
450
0
451
0
460
0
461
0
452
1
462
1
453
2
463
0
63
5
421
255
463
1
63
7
421
16777215
470
LINEAR
1001
ACAD
1010
0
1020
0
1030
0
0
HATCH
5
cce
100
AcDbEntity
8
Document
100
AcDbHatch
10
0
20
0
30
0
210
0
220
0
230
1
2
SOLID
70
1
71
0
91
1
92
7
72
0
73
1
93
4
10
31.69758699517388
20
-4.758369316738708
10
31.69758699517388
20
-5.858369316738617
10
31.497586995173833
20
-5.858369316738617
10
31.497586995173833
20
-4.758369316738708
97
1
330

75
0
76
1
47
0.4128176842155181
98
1
10
34.90568961886538
20
22.81183545379326
450
0
451
0
460
0
461
0
452
1
462
1
453
2
463
0
63
5
421
255
463
1
63
7
421
16777215
470
LINEAR
1001
ACAD
1010
0
1020
0
1030
0
0
HATCH
5
cd0
100
AcDbEntity
8
Document
100
AcDbHatch
10
0
20
0
30
0
210
0
220
0
230
1
2
SOLID
70
1
71
0
91
1
92
7
72
0
73
1
93
4
10
31.52870205740419
20
-3.7696469392939207
10
31.52870205740419
20
-2.669646939293898
10
31.728702057404007
20
-2.669646939293898
10
31.728702057404007
20
-3.7696469392939207
97
1
330

75
0
76
1
47
0.4128176842155181
98
1
10
34.90568961886538
20
22.81183545379326
450
0
451
0
460
0
461
0
452
1
462
1
453
2
463
0
63
5
421
255
463
1
63
7
421
16777215
470
LINEAR
1001
ACAD
1010
0
1020
0
1030
0
0
HATCH
5
cd2
100
AcDbEntity
8
Document
100
AcDbHatch
10
0
20
0
30
0
210
0
220
0
230
1
2
SOLID
70
1
71
0
91
1
92
7
72
0
73
1
93
4
10
28.711074422148613
20
-5.205003810007611
10
29.81107442214875
20
-5.205003810007611
10
29.81107442214875
20
-5.405003810007656
10
28.711074422148613
20
-5.405003810007656
97
1
330

75
0
76
1
47
0.4128176842155181
98
1
10
34.90568961886538
20
22.81183545379326
450
0
451
0
460
0
461
0
452
1
462
1
453
2
463
0
63
5
421
255
463
1
63
7
421
16777215
470
LINEAR
1001
ACAD
1010
0
1020
0
1030
0
0
HATCH
5
cd4
100
AcDbEntity
8
Document
100
AcDbHatch
10
0
20
0
30
0
210
0
220
0
230
1
2
SOLID
70
1
71
0
91
1
92
7
72
0
73
1
93
4
10
29.32659385318766
20
-4.758369316738708
10
29.32659385318766
20
-5.858369316738617
10
29.126593853187615
20
-5.858369316738617
10
29.126593853187615
20
-4.758369316738708
97
1
330

75
0
76
1
47
0.4128176842155181
98
1
10
34.90568961886538
20
22.81183545379326
450
0
451
0
460
0
461
0
452
1
462
1
453
2
463
0
63
5
421
255
463
1
63
7
421
16777215
470
LINEAR
1001
ACAD
1010
0
1020
0
1030
0
0
HATCH
5
cd6
100
AcDbEntity
8
Document
100
AcDbHatch
10
0
20
0
30
0
210
0
220
0
230
1
2
SOLID
70
1
71
0
91
1
92
7
72
0
73
1
93
4
10
29.157708915417743
20
-3.7696469392939207
10
29.157708915417743
20
-2.669646939293898
10
29.35770891541779
20
-2.669646939293898
10
29.35770891541779
20
-3.7696469392939207
97
1
330

75
0
76
1
47
0.4128176842155181
98
1
10
34.90568961886538
20
22.81183545379326
450
0
451
0
460
0
461
0
452
1
462
1
453
2
463
0
63
5
421
255
463
1
63
7
421
16777215
470
LINEAR
1001
ACAD
1010
0
1020
0
1030
0
0
HATCH
5
cd8
100
AcDbEntity
8
TopPasteMaskLayer
100
AcDbHatch
10
0
20
0
30
0
210
0
220
0
230
1
2
SOLID
70
1
71
0
91
1
92
7
72
0
73
1
93
12
10
41.68303276606548
20
-27.248006096012205
10
40.883032766065526
20
-27.248006096012205
10
40.833020066040035
20
-27.29801879603758
10
40.833020066040035
20
-27.525984251968453
10
41.203022606045124
20
-27.525984251968453
10
41.203022606045124
20
-27.85598171196341
10
40.833020066040035
20
-27.85598171196341
10
40.833020066040035
20
-28.09801879603765
10
40.883032766065526
20
-28.148006096012182
10
41.68303276606548
20
-28.148006096012182
10
41.733020066040126
20
-28.09801879603765
10
41.733020066040126
20
-27.29801879603758
97
1
330

75
0
76
1
47
0.4128176842155181
98
1
10
34.90568961886538
20
22.81183545379326
450
0
451
0
460
0
461
0
452
1
462
1
453
2
463
0
63
5
421
255
463
1
63
7
421
16777215
470
LINEAR
1001
ACAD
1010
0
1020
0
1030
0
0
HATCH
5
cda
100
AcDbEntity
8
TopPasteMaskLayer
100
AcDbHatch
10
0
20
0
30
0
210
0
220
0
230
1
2
SOLID
70
1
71
0
91
1
92
7
72
0
73
1
93
12
10
39.29298958597906
20
-28.147980695961337
10
40.09298958597924
20
-28.147980695961337
10
40.1430022860045
20
-28.09796799593596
10
40.1430022860045
20
-27.87000254000509
10
39.77299974599964
20
-27.87000254000509
10
39.77299974599964
20
-27.540005080010246
10
40.1430022860045
20
-27.540005080010246
10
40.1430022860045
20
-27.297967995936006
10
40.09298958597924
20
-27.24798069596136
10
39.29298958597906
20
-27.24798069596136
10
39.24300228600441
20
-27.297967995936006
10
39.24300228600441
20
-28.09796799593596
97
1
330

75
0
76
1
47
0.4128176842155181
98
1
10
34.90568961886538
20
22.81183545379326
450
0
451
0
460
0
461
0
452
1
462
1
453
2
463
0
63
5
421
255
463
1
63
7
421
16777215
470
LINEAR
1001
ACAD
1010
0
1020
0
1030
0
0
HATCH
5
cdc
100
AcDbEntity
8
TopPasteMaskLayer
100
AcDbHatch
10
0
20
0
30
0
210
0
220
0
230
1
2
SOLID
70
1
71
0
91
1
92
7
72
0
73
1
93
12
10
18.762001524002926
20
-26.98298196596386
10
18.762001524002926
20
-27.782981965963927
10
18.812014224028417
20
-27.832994665989304
10
19.039979679959515
20
-27.832994665989304
10
19.039979679959515
20
-27.462992125984215
10
19.369977139954244
20
-27.462992125984215
10
19.369977139954244
20
-27.832994665989304
10
19.61201422402837
20
-27.832994665989304
10
19.662001524003017
20
-27.782981965963927
10
19.662001524003017
20
-26.98298196596386
10
19.61201422402837
20
-26.932994665989213
10
18.812014224028417
20
-26.932994665989213
97
1
330

75
0
76
1
47
0.4128176842155181
98
1
10
34.90568961886538
20
22.81183545379326
450
0
451
0
460
0
461
0
452
1
462
1
453
2
463
0
63
5
421
255
463
1
63
7
421
16777215
470
LINEAR
1001
ACAD
1010
0
1020
0
1030
0
0
HATCH
5
cde
100
AcDbEntity
8
TopPasteMaskLayer
100
AcDbHatch
10
0
20
0
30
0
210
0
220
0
230
1
2
SOLID
70
1
71
0
91
1
92
7
72
0
73
1
93
12
10
19.661976123952172
20
-29.37302514605028
10
19.661976123952172
20
-28.573025146050327
10
19.61196342392668
20
-28.523012446024836
10
19.38399796799581
20
-28.523012446024836
10
19.38399796799581
20
-28.893014986029925
10
19.05400050800108
20
-28.893014986029925
10
19.05400050800108
20
-28.523012446024836
10
18.811963423926727
20
-28.523012446024836
10
18.76197612395231
20
-28.573025146050327
10
18.76197612395231
20
-29.37302514605028
10
18.811963423926727
20
-29.423012446024927
10
19.61196342392668
20
-29.423012446024927
97
1
330

75
0
76
1
47
0.4128176842155181
98
1
10
34.90568961886538
20
22.81183545379326
450
0
451
0
460
0
461
0
452
1
462
1
453
2
463
0
63
5
421
255
463
1
63
7
421
16777215
470
LINEAR
1001
ACAD
1010
0
1020
0
1030
0
0
HATCH
5
ce0
100
AcDbEntity
8
TopPasteMaskLayer
100
AcDbHatch
10
0
20
0
30
0
210
0
220
0
230
1
2
SOLID
70
1
71
0
91
1
92
7
72
0
73
1
93
12
10
21.192024384048636
20
-26.96398272796546
10
21.192024384048636
20
-27.763982727965413
10
21.242037084074127
20
-27.813995427990903
10
21.470002540005225
20
-27.813995427990903
10
21.470002540005225
20
-27.443992887985814
10
21.799999999999955
20
-27.443992887985814
10
21.799999999999955
20
-27.813995427990903
10
22.04203708407408
20
-27.813995427990903
10
22.092024384048727
20
-27.763982727965413
10
22.092024384048727
20
-26.96398272796546
10
22.04203708407408
20
-26.913995427990812
10
21.242037084074127
20
-26.913995427990812
97
1
330

75
0
76
1
47
0.4128176842155181
98
1
10
34.90568961886538
20
22.81183545379326
450
0
451
0
460
0
461
0
452
1
462
1
453
2
463
0
63
5
421
255
463
1
63
7
421
16777215
470
LINEAR
1001
ACAD
1010
0
1020
0
1030
0
0
HATCH
5
ce2
100
AcDbEntity
8
TopPasteMaskLayer
100
AcDbHatch
10
0
20
0
30
0
210
0
220
0
230
1
2
SOLID
70
1
71
0
91
1
92
7
72
0
73
1
93
12
10
22.091998983997883
20
-29.354025908051767
10
22.091998983997883
20
-28.554025908051813
10
22.041986283972392
20
-28.504013208026436
10
21.81402082804152
20
-28.504013208026436
10
21.81402082804152
20
-28.874015748031525
10
21.484023368046792
20
-28.874015748031525
10
21.484023368046792
20
-28.504013208026436
10
21.241986283972437
20
-28.504013208026436
10
21.19199898399802
20
-28.554025908051813
10
21.19199898399802
20
-29.354025908051767
10
21.241986283972437
20
-29.404013208026413
10
22.041986283972392
20
-29.404013208026413
97
1
330

75
0
76
1
47
0.4128176842155181
98
1
10
34.90568961886538
20
22.81183545379326
450
0
451
0
460
0
461
0
452
1
462
1
453
2
463
0
63
5
421
255
463
1
63
7
421
16777215
470
LINEAR
1001
ACAD
1010
0
1020
0
1030
0
0
HATCH
5
ce4
100
AcDbEntity
8
TopPasteMaskLayer
100
AcDbHatch
10
0
20
0
30
0
210
0
220
0
230
1
2
SOLID
70
1
71
0
91
1
92
7
72
0
73
1
93
12
10
28.833020066040262
20
-26.97998475996951
10
28.833020066040262
20
-27.779984759969466
10
28.883032766065526
20
-27.829997459994843
10
29.110998221996397
20
-27.829997459994843
10
29.110998221996397
20
-27.459994919989867
10
29.440995681991353
20
-27.459994919989867
10
29.440995681991353
20
-27.829997459994843
10
29.68303276606548
20
-27.829997459994843
10
29.7330200660399
20
-27.779984759969466
10
29.7330200660399
20
-26.97998475996951
10
29.68303276606548
20
-26.929997459994865
10
28.883032766065526
20
-26.929997459994865
97
1
330

75
0
76
1
47
0.4128176842155181
98
1
10
34.90568961886538
20
22.81183545379326
450
0
451
0
460
0
461
0
452
1
462
1
453
2
463
0
63
5
421
255
463
1
63
7
421
16777215
470
LINEAR
1001
ACAD
1010
0
1020
0
1030
0
0
HATCH
5
ce6
100
AcDbEntity
8
TopPasteMaskLayer
100
AcDbHatch
10
0
20
0
30
0
210
0
220
0
230
1
2
SOLID
70
1
71
0
91
1
92
7
72
0
73
1
93
12
10
29.73299466598928
20
-29.370027940055934
10
29.73299466598928
20
-28.570027940055866
10
29.682981965964018
20
-28.52001524003049
10
29.455016510033147
20
-28.52001524003049
10
29.455016510033147
20
-28.890017780035464
10
29.125019050037963
20
-28.890017780035464
10
29.125019050037963
20
-28.52001524003049
10
28.882981965963836
20
-28.52001524003049
10
28.83299466598919
20
-28.570027940055866
10
28.83299466598919
20
-29.370027940055934
10
28.882981965963836
20
-29.420015240030466
10
29.682981965964018
20
-29.420015240030466
97
1
330

75
0
76
1
47
0.4128176842155181
98
1
10
34.90568961886538
20
22.81183545379326
450
0
451
0
460
0
461
0
452
1
462
1
453
2
463
0
63
5
421
255
463
1
63
7
421
16777215
470
LINEAR
1001
ACAD
1010
0
1020
0
1030
0
0
HATCH
5
ce8
100
AcDbEntity
8
TopPasteMaskLayer
100
AcDbHatch
10
0
20
0
30
0
210
0
220
0
230
1
2
SOLID
70
1
71
0
91
1
92
7
72
0
73
1
93
12
10
32.088976377952804
20
-1.0860299720599187
10
32.088976377952804
20
-0.28602997205996417
10
32.03896367792731
20
-0.23601727203458722
10
31.810998221996442
20
-0.23601727203458722
10
31.810998221996442
20
-0.6060198120396763
10
31.481000762001486
20
-0.6060198120396763
10
31.481000762001486
20
-0.23601727203458722
10
31.23896367792736
20
-0.23601727203458722
10
31.188976377952713
20
-0.28602997205996417
10
31.188976377952713
20
-1.0860299720599187
10
31.23896367792736
20
-1.1360172720344508
10
32.03896367792731
20
-1.1360172720344508
97
1
330

75
0
76
1
47
0.4128176842155181
98
1
10
34.90568961886538
20
22.81183545379326
450
0
451
0
460
0
461
0
452
1
462
1
453
2
463
0
63
5
421
255
463
1
63
7
421
16777215
470
LINEAR
1001
ACAD
1010
0
1020
0
1030
0
0
HATCH
5
cea
100
AcDbEntity
8
TopPasteMaskLayer
100
AcDbHatch
10
0
20
0
30
0
210
0
220
0
230
1
2
SOLID
70
1
71
0
91
1
92
7
72
0
73
1
93
12
10
31.189001778003558
20
1.3040132080263902
10
31.189001778003558
20
0.5040132080264357
10
31.23901447802882
20
0.45400050800105873
10
31.46697993395992
20
0.45400050800105873
10
31.46697993395992
20
0.8240030480060341
10
31.796977393954876
20
0.8240030480060341
10
31.796977393954876
20
0.45400050800105873
10
32.039014478028776
20
0.45400050800105873
10
32.08900177800365
20
0.5040132080264357
10
32.08900177800365
20
1.3040132080263902
10
32.039014478028776
20
1.354000508001036
10
31.23901447802882
20
1.354000508001036
97
1
330

75
0
76
1
47
0.4128176842155181
98
1
10
34.90568961886538
20
22.81183545379326
450
0
451
0
460
0
461
0
452
1
462
1
453
2
463
0
63
5
421
255
463
1
63
7
421
16777215
470
LINEAR
1001
ACAD
1010
0
1020
0
1030
0
0
HATCH
5
cec
100
AcDbEntity
8
TopPasteMaskLayer
100
AcDbHatch
10
0
20
0
30
0
210
0
220
0
230
1
2
SOLID
70
1
71
0
91
1
92
7
72
0
73
1
93
12
10
29.726974853949514
20
-1.0980187960376497
10
29.726974853949514
20
-0.2980187960375815
10
29.67696215392425
20
-0.24800609601220458
10
29.44899669799338
20
-0.24800609601220458
10
29.44899669799338
20
-0.6180086360172936
10
29.118999237998423
20
-0.6180086360172936
10
29.118999237998423
20
-0.24800609601220458
10
28.876962153924296
20
-0.24800609601220458
10
28.82697485394965
20
-0.2980187960375815
10
28.82697485394965
20
-1.0980187960376497
10
28.876962153924296
20
-1.1480060960121818
10
29.67696215392425
20
-1.1480060960121818
97
1
330

75
0
76
1
47
0.4128176842155181
98
1
10
34.90568961886538
20
22.81183545379326
450
0
451
0
460
0
461
0
452
1
462
1
453
2
463
0
63
5
421
255
463
1
63
7
421
16777215
470
LINEAR
1001
ACAD
1010
0
1020
0
1030
0
0
HATCH
5
cee
100
AcDbEntity
8
TopPasteMaskLayer
100
AcDbHatch
10
0
20
0
30
0
210
0
220
0
230
1
2
SOLID
70
1
71
0
91
1
92
7
72
0
73
1
93
12
10
28.827000254000268
20
1.2920243840487728
10
28.827000254000268
20
0.4920243840488183
10
28.877012954025986
20
0.4420116840234414
10
29.104978409956857
20
0.4420116840234414
10
29.104978409956857
20
0.8120142240284167
10
29.434975869951586
20
0.8120142240284167
10
29.434975869951586
20
0.4420116840234414
10
29.67701295402594
20
0.4420116840234414
10
29.72700025400036
20
0.4920243840488183
10
29.72700025400036
20
1.2920243840487728
10
29.67701295402594
20
1.3420116840234186
10
28.877012954025986
20
1.3420116840234186
97
1
330

75
0
76
1
47
0.4128176842155181
98
1
10
34.90568961886538
20
22.81183545379326
450
0
451
0
460
0
461
0
452
1
462
1
453
2
463
0
63
5
421
255
463
1
63
7
421
16777215
470
LINEAR
1001
ACAD
1010
0
1020
0
1030
0
0
HATCH
5
cf0
100
AcDbEntity
8
TopPasteMaskLayer
100
AcDbHatch
10
0
20
0
30
0
210
0
220
0
230
1
2
SOLID
70
1
71
0
91
1
92
7
72
0
73
1
93
12
10
30.39799339598676
20
5.266979933959874
10
30.39799339598676
20
6.0669799339598285
10
30.34798069596127
20
6.116992633985319
10
30.120015240030398
20
6.116992633985319
10
30.120015240030398
20
5.74699009398023
10
29.79001778003544
20
5.74699009398023
10
29.79001778003544
20
6.116992633985319
10
29.54798069596154
20
6.116992633985319
10
29.49799339598667
20
6.0669799339598285
10
29.49799339598667
20
5.266979933959874
10
29.54798069596154
20
5.216992633985228
10
30.34798069596127
20
5.216992633985228
97
1
330

75
0
76
1
47
0.4128176842155181
98
1
10
34.90568961886538
20
22.81183545379326
450
0
451
0
460
0
461
0
452
1
462
1
453
2
463
0
63
5
421
255
463
1
63
7
421
16777215
470
LINEAR
1001
ACAD
1010
0
1020
0
1030
0
0
HATCH
5
cf2
100
AcDbEntity
8
TopPasteMaskLayer
100
AcDbHatch
10
0
20
0
30
0
210
0
220
0
230
1
2
SOLID
70
1
71
0
91
1
92
7
72
0
73
1
93
12
10
29.498018796037513
20
7.6570231140462965
10
29.498018796037513
20
6.857023114046228
10
29.548031496063004
20
6.807010414020851
10
29.775996951993875
20
6.807010414020851
10
29.775996951993875
20
7.17701295402594
10
30.10599441198883
20
7.17701295402594
10
30.10599441198883
20
6.807010414020851
10
30.34803149606296
20
6.807010414020851
10
30.398018796037604
20
6.857023114046228
10
30.398018796037604
20
7.6570231140462965
10
30.34803149606296
20
7.707010414020942
10
29.548031496063004
20
7.707010414020942
97
1
330

75
0
76
1
47
0.4128176842155181
98
1
10
34.90568961886538
20
22.81183545379326
450
0
451
0
460
0
461
0
452
1
462
1
453
2
463
0
63
5
421
255
463
1
63
7
421
16777215
470
LINEAR
1001
ACAD
1010
0
1020
0
1030
0
0
HATCH
5
cf4
100
AcDbEntity
8
TopPasteMaskLayer
100
AcDbHatch
10
0
20
0
30
0
210
0
220
0
230
1
2
SOLID
70
1
71
0
91
1
92
7
72
0
73
1
93
12
10
31.914986029971942
20
5.293980187960415
10
31.914986029971942
20
6.093980187960483
10
31.86497332994645
20
6.14399288798586
10
31.63700787401558
20
6.14399288798586
10
31.63700787401558
20
5.773990347980657
10
31.30701041402085
20
5.773990347980657
10
31.30701041402085
20
6.14399288798586
10
31.064973329946724
20
6.14399288798586
10
31.01498602997208
20
6.093980187960483
10
31.01498602997208
20
5.293980187960415
10
31.064973329946724
20
5.243992887985769
10
31.86497332994645
20
5.243992887985769
97
1
330

75
0
76
1
47
0.4128176842155181
98
1
10
34.90568961886538
20
22.81183545379326
450
0
451
0
460
0
461
0
452
1
462
1
453
2
463
0
63
5
421
255
463
1
63
7
421
16777215
470
LINEAR
1001
ACAD
1010
0
1020
0
1030
0
0
HATCH
5
cf6
100
AcDbEntity
8
TopPasteMaskLayer
100
AcDbHatch
10
0
20
0
30
0
210
0
220
0
230
1
2
SOLID
70
1
71
0
91
1
92
7
72
0
73
1
93
12
10
31.015011430022696
20
7.684023368046724
10
31.015011430022696
20
6.884023368046769
10
31.065024130048414
20
6.834010668021278
10
31.292989585979285
20
6.834010668021278
10
31.292989585979285
20
7.204013208026481
10
31.622987045974014
20
7.204013208026481
10
31.622987045974014
20
6.834010668021278
10
31.86502413004837
20
6.834010668021278
10
31.915011430022787
20
6.884023368046769
10
31.915011430022787
20
7.684023368046724
10
31.86502413004837
20
7.734010668021369
10
31.065024130048414
20
7.734010668021369
97
1
330

75
0
76
1
47
0.4128176842155181
98
1
10
34.90568961886538
20
22.81183545379326
450
0
451
0
460
0
461
0
452
1
462
1
453
2
463
0
63
5
421
255
463
1
63
7
421
16777215
470
LINEAR
1001
ACAD
1010
0
1020
0
1030
0
0
HATCH
5
cf8
100
AcDbEntity
8
TopPasteMaskLayer
100
AcDbHatch
10
0
20
0
30
0
210
0
220
0
230
1
2
SOLID
70
1
71
0
91
1
92
7
72
0
73
1
93
12
10
31.87901955803909
20
11.282981965963927
10
31.079019558039136
20
11.282981965963927
10
31.029006858013645
20
11.23296926593855
10
31.029006858013645
20
11.005003810007679
10
31.399009398018734
20
11.005003810007679
10
31.399009398018734
20
10.675006350012723
10
31.029006858013645
20
10.675006350012723
10
31.029006858013645
20
10.432969265938482
10
31.079019558039136
20
10.38298196596395
10
31.87901955803909
20
10.38298196596395
10
31.929006858013736
20
10.432969265938482
10
31.929006858013736
20
11.23296926593855
97
1
330

75
0
76
1
47
0.4128176842155181
98
1
10
34.90568961886538
20
22.81183545379326
450
0
451
0
460
0
461
0
452
1
462
1
453
2
463
0
63
5
421
255
463
1
63
7
421
16777215
470
LINEAR
1001
ACAD
1010
0
1020
0
1030
0
0
HATCH
5
cfa
100
AcDbEntity
8
TopPasteMaskLayer
100
AcDbHatch
10
0
20
0
30
0
210
0
220
0
230
1
2
SOLID
70
1
71
0
91
1
92
7
72
0
73
1
93
12
10
29.488976377952667
20
10.383007366014795
10
30.28897637795285
20
10.383007366014795
10
30.338989077978113
20
10.433020066040172
10
30.338989077978113
20
10.660985521971043
10
29.968986537973024
20
10.660985521971043
10
29.968986537973024
20
10.990982981965885
10
30.338989077978113
20
10.990982981965885
10
30.338989077978113
20
11.233020066040126
10
30.28897637795285
20
11.283007366014772
10
29.488976377952667
20
11.283007366014772
10
29.43898907797802
20
11.233020066040126
10
29.43898907797802
20
10.433020066040172
97
1
330

75
0
76
1
47
0.4128176842155181
98
1
10
34.90568961886538
20
22.81183545379326
450
0
451
0
460
0
461
0
452
1
462
1
453
2
463
0
63
5
421
255
463
1
63
7
421
16777215
470
LINEAR
1001
ACAD
1010
0
1020
0
1030
0
0
HATCH
5
cfc
100
AcDbEntity
8
TopPasteMaskLayer
100
AcDbHatch
10
0
20
0
30
0
210
0
220
0
230
1
2
SOLID
70
1
71
0
91
1
92
7
72
0
73
1
93
12
10
3.834975869951677
20
-9.31803403606807
10
3.834975869951677
20
-8.518034036068002
10
3.7849631699261863
20
-8.468021336042625
10
3.5569977139955427
20
-8.468021336042625
10
3.5569977139955427
20
-8.838023876047828
10
3.227000254000359
20
-8.838023876047828
10
3.227000254000359
20
-8.468021336042625
10
2.984963169926232
20
-8.468021336042625
10
2.934975869951586
20
-8.518034036068002
10
2.934975869951586
20
-9.31803403606807
10
2.984963169926232
20
-9.368021336042602
10
3.7849631699261863
20
-9.368021336042602
97
1
330

75
0
76
1
47
0.4128176842155181
98
1
10
34.90568961886538
20
22.81183545379326
450
0
451
0
460
0
461
0
452
1
462
1
453
2
463
0
63
5
421
255
463
1
63
7
421
16777215
470
LINEAR
1001
ACAD
1010
0
1020
0
1030
0
0
HATCH
5
cfe
100
AcDbEntity
8
TopPasteMaskLayer
100
AcDbHatch
10
0
20
0
30
0
210
0
220
0
230
1
2
SOLID
70
1
71
0
91
1
92
7
72
0
73
1
93
12
10
2.935001270002431
20
-6.927990855981761
10
2.935001270002431
20
-7.727990855981716
10
2.9850139700279215
20
-7.778003556007093
10
3.2129794259587925
20
-7.778003556007093
10
3.2129794259587925
20
-7.408001016002004
10
3.542976885953749
20
-7.408001016002004
10
3.542976885953749
20
-7.778003556007093
10
3.785013970027876
20
-7.778003556007093
10
3.835001270002522
20
-7.727990855981716
10
3.835001270002522
20
-6.927990855981761
10
3.785013970027876
20
-6.8780035560071155
10
2.9850139700279215
20
-6.8780035560071155
97
1
330

75
0
76
1
47
0.4128176842155181
98
1
10
34.90568961886538
20
22.81183545379326
450
0
451
0
460
0
461
0
452
1
462
1
453
2
463
0
63
5
421
255
463
1
63
7
421
16777215
470
LINEAR
1001
ACAD
1010
0
1020
0
1030
0
0
HATCH
5
d00
100
AcDbEntity
8
TopPasteMaskLayer
100
AcDbHatch
10
0
20
0
30
0
210
0
220
0
230
1
2
SOLID
70
1
71
0
91
1
92
7
72
0
73
1
93
12
10
3.7290068580136904
20
-25.759969519938977
10
3.7290068580136904
20
-26.559969519939045
10
3.779019558039181
20
-26.609982219964422
10
4.006985013969825
20
-26.609982219964422
10
4.006985013969825
20
-26.239979679959333
10
4.3369824739650085
20
-26.239979679959333
10
4.3369824739650085
20
-26.609982219964422
10
4.5790195580391355
20
-26.609982219964422
10
4.629006858013781
20
-26.559969519939045
10
4.629006858013781
20
-25.759969519938977
10
4.5790195580391355
20
-25.709982219964445
10
3.779019558039181
20
-25.709982219964445
97
1
330

75
0
76
1
47
0.4128176842155181
98
1
10
34.90568961886538
20
22.81183545379326
450
0
451
0
460
0
461
0
452
1
462
1
453
2
463
0
63
5
421
255
463
1
63
7
421
16777215
470
LINEAR
1001
ACAD
1010
0
1020
0
1030
0
0
HATCH
5
d02
100
AcDbEntity
8
TopPasteMaskLayer
100
AcDbHatch
10
0
20
0
30
0
210
0
220
0
230
1
2
SOLID
70
1
71
0
91
1
92
7
72
0
73
1
93
12
10
4.6289814579629365
20
-28.1500127000254
10
4.6289814579629365
20
-27.350012700025445
10
4.578968757937446
20
-27.300000000000068
10
4.351003302006575
20
-27.300000000000068
10
4.351003302006575
20
-27.670002540005044
10
4.021005842011618
20
-27.670002540005044
10
4.021005842011618
20
-27.300000000000068
10
3.7789687579374913
20
-27.300000000000068
10
3.7289814579628455
20
-27.350012700025445
10
3.7289814579628455
20
-28.1500127000254
10
3.7789687579374913
20
-28.200000000000045
10
4.578968757937446
20
-28.200000000000045
97
1
330

75
0
76
1
47
0.4128176842155181
98
1
10
34.90568961886538
20
22.81183545379326
450
0
451
0
460
0
461
0
452
1
462
1
453
2
463
0
63
5
421
255
463
1
63
7
421
16777215
470
LINEAR
1001
ACAD
1010
0
1020
0
1030
0
0
HATCH
5
d04
100
AcDbEntity
8
TopPasteMaskLayer
100
AcDbHatch
10
0
20
0
30
0
210
0
220
0
230
1
2
SOLID
70
1
71
0
91
1
92
7
72
0
73
1
93
12
10
22.03197866395726
20
-33.3569977139955
10
22.831978663957216
20
-33.3569977139955
10
22.881991363982706
20
-33.30698501397012
10
22.881991363982706
20
-33.079019558039136
10
22.511988823977617
20
-33.079019558039136
10
22.511988823977617
20
-32.74902209804418
10
22.881991363982706
20
-32.74902209804418
10
22.881991363982706
20
-32.50698501397005
10
22.831978663957216
20
-32.456997713995406
10
22.03197866395726
20
-32.456997713995406
10
21.981991363982843
20
-32.50698501397005
10
21.981991363982843
20
-33.30698501397012
97
1
330

75
0
76
1
47
0.4128176842155181
98
1
10
34.90568961886538
20
22.81183545379326
450
0
451
0
460
0
461
0
452
1
462
1
453
2
463
0
63
5
421
255
463
1
63
7
421
16777215
470
LINEAR
1001
ACAD
1010
0
1020
0
1030
0
0
HATCH
5
d06
100
AcDbEntity
8
TopPasteMaskLayer
100
AcDbHatch
10
0
20
0
30
0
210
0
220
0
230
1
2
SOLID
70
1
71
0
91
1
92
7
72
0
73
1
93
12
10
24.422021844043684
20
-32.45702311404625
10
23.62202184404373
20
-32.45702311404625
10
23.57200914401824
20
-32.50703581407163
10
23.57200914401824
20
-32.7350012700025
10
23.942011684023328
20
-32.7350012700025
10
23.942011684023328
20
-33.064998729997455
10
23.57200914401824
20
-33.064998729997455
10
23.57200914401824
20
-33.307035814071696
10
23.62202184404373
20
-33.35702311404623
10
24.422021844043684
20
-33.35702311404623
10
24.472009144018102
20
-33.307035814071696
10
24.472009144018102
20
-32.50703581407163
97
1
330

75
0
76
1
47
0.4128176842155181
98
1
10
34.90568961886538
20
22.81183545379326
450
0
451
0
460
0
461
0
452
1
462
1
453
2
463
0
63
5
421
255
463
1
63
7
421
16777215
470
LINEAR
1001
ACAD
1010
0
1020
0
1030
0
0
HATCH
5
d08
100
AcDbEntity
8
TopPasteMaskLayer
100
AcDbHatch
10
0
20
0
30
0
210
0
220
0
230
1
2
SOLID
70
1
71
0
91
1
92
7
72
0
73
1
93
12
10
33.41498602997217
20
-14.350977901955844
10
34.214986029972124
20
-14.350977901955844
10
34.26499872999739
20
-14.300965201930467
10
34.26499872999739
20
-14.072999745999482
10
33.894996189992526
20
-14.072999745999482
10
33.894996189992526
20
-13.74300228600464
10
34.26499872999739
20
-13.74300228600464
10
34.26499872999739
20
-13.500965201930399
10
34.214986029972124
20
-13.450977901955753
10
33.41498602997217
20
-13.450977901955753
10
33.364998729997296
20
-13.500965201930399
10
33.364998729997296
20
-14.300965201930467
97
1
330

75
0
76
1
47
0.4128176842155181
98
1
10
34.90568961886538
20
22.81183545379326
450
0
451
0
460
0
461
0
452
1
462
1
453
2
463
0
63
5
421
255
463
1
63
7
421
16777215
470
LINEAR
1001
ACAD
1010
0
1020
0
1030
0
0
HATCH
5
d0a
100
AcDbEntity
8
TopPasteMaskLayer
100
AcDbHatch
10
0
20
0
30
0
210
0
220
0
230
1
2
SOLID
70
1
71
0
91
1
92
7
72
0
73
1
93
12
10
35.805029210058365
20
-13.451003302006598
10
35.00502921005841
20
-13.451003302006598
10
34.95501651003292
20
-13.501016002031974
10
34.95501651003292
20
-13.728981457962846
10
35.325019050038236
20
-13.728981457962846
10
35.325019050038236
20
-14.058978917957802
10
34.95501651003292
20
-14.058978917957802
10
34.95501651003292
20
-14.301016002032043
10
35.00502921005841
20
-14.351003302006575
10
35.805029210058365
20
-14.351003302006575
10
35.85501651003301
20
-14.301016002032043
10
35.85501651003301
20
-13.501016002031974
97
1
330

75
0
76
1
47
0.4128176842155181
98
1
10
34.90568961886538
20
22.81183545379326
450
0
451
0
460
0
461
0
452
1
462
1
453
2
463
0
63
5
421
255
463
1
63
7
421
16777215
470
LINEAR
1001
ACAD
1010
0
1020
0
1030
0
0
HATCH
5
d0c
100
AcDbEntity
8
TopPasteMaskLayer
100
AcDbHatch
10
0
20
0
30
0
210
0
220
0
230
1
2
SOLID
70
1
71
0
91
1
92
7
72
0
73
1
93
12
10
37.28699517399036
20
-23.176022352044697
10
37.28699517399036
20
-22.37602235204463
10
37.2369824739651
20
-22.326009652019252
10
37.009017018034
20
-22.326009652019252
10
37.009017018034
20
-22.696012192024455
10
36.679019558039045
20
-22.696012192024455
10
36.679019558039045
20
-22.326009652019252
10
36.43698247396492
20
-22.326009652019252
10
36.38699517399027
20
-22.37602235204463
10
36.38699517399027
20
-23.176022352044697
10
36.43698247396492
20
-23.22600965201923
10
37.2369824739651
20
-23.22600965201923
97
1
330

75
0
76
1
47
0.4128176842155181
98
1
10
34.90568961886538
20
22.81183545379326
450
0
451
0
460
0
461
0
452
1
462
1
453
2
463
0
63
5
421
255
463
1
63
7
421
16777215
470
LINEAR
1001
ACAD
1010
0
1020
0
1030
0
0
HATCH
5
d0e
100
AcDbEntity
8
TopPasteMaskLayer
100
AcDbHatch
10
0
20
0
30
0
210
0
220
0
230
1
2
SOLID
70
1
71
0
91
1
92
7
72
0
73
1
93
12
10
36.38702057404112
20
-20.785979171958388
10
36.38702057404112
20
-21.585979171958343
10
36.43703327406661
20
-21.63599187198372
10
36.66499872999748
20
-21.63599187198372
10
36.66499872999748
20
-21.26598933197863
10
36.99499618999221
20
-21.26598933197863
10
36.99499618999221
20
-21.63599187198372
10
37.23703327406656
20
-21.63599187198372
10
37.28702057404098
20
-21.585979171958343
10
37.28702057404098
20
-20.785979171958388
10
37.23703327406656
20
-20.735991871983742
10
36.43703327406661
20
-20.735991871983742
97
1
330

75
0
76
1
47
0.4128176842155181
98
1
10
34.90568961886538
20
22.81183545379326
450
0
451
0
460
0
461
0
452
1
462
1
453
2
463
0
63
5
421
255
463
1
63
7
421
16777215
470
LINEAR
1001
ACAD
1010
0
1020
0
1030
0
0
HATCH
5
d10
100
AcDbEntity
8
TopPasteMaskLayer
100
AcDbHatch
10
0
20
0
30
0
210
0
220
0
230
1
2
SOLID
70
1
71
0
91
1
92
7
72
0
73
1
93
12
10
38.06700533401067
20
-20.812979425958815
10
38.06700533401067
20
-21.61297942595877
10
38.11701803403594
20
-21.66299212598426
10
38.344983489967035
20
-21.66299212598426
10
38.344983489967035
20
-21.29298958597917
10
38.67498094996199
20
-21.29298958597917
10
38.67498094996199
20
-21.66299212598426
10
38.91701803403589
20
-21.66299212598426
10
38.967005334010764
20
-21.61297942595877
10
38.967005334010764
20
-20.812979425958815
10
38.91701803403589
20
-20.76299212598417
10
38.11701803403594
20
-20.76299212598417
97
1
330

75
0
76
1
47
0.4128176842155181
98
1
10
34.90568961886538
20
22.81183545379326
450
0
451
0
460
0
461
0
452
1
462
1
453
2
463
0
63
5
421
255
463
1
63
7
421
16777215
470
LINEAR
1001
ACAD
1010
0
1020
0
1030
0
0
HATCH
5
d12
100
AcDbEntity
8
TopPasteMaskLayer
100
AcDbHatch
10
0
20
0
30
0
210
0
220
0
230
1
2
SOLID
70
1
71
0
91
1
92
7
72
0
73
1
93
12
10
38.96697993395992
20
-23.203022606045238
10
38.96697993395992
20
-22.40302260604517
10
38.91696723393443
20
-22.353009906019793
10
38.68900177800356
20
-22.353009906019793
10
38.68900177800356
20
-22.72301244602488
10
38.3590043180086
20
-22.72301244602488
10
38.3590043180086
20
-22.353009906019793
10
38.116967233934474
20
-22.353009906019793
10
38.06697993395983
20
-22.40302260604517
10
38.06697993395983
20
-23.203022606045238
10
38.116967233934474
20
-23.25300990601977
10
38.91696723393443
20
-23.25300990601977
97
1
330

75
0
76
1
47
0.4128176842155181
98
1
10
34.90568961886538
20
22.81183545379326
450
0
451
0
460
0
461
0
452
1
462
1
453
2
463
0
63
5
421
255
463
1
63
7
421
16777215
470
LINEAR
1001
ACAD
1010
0
1020
0
1030
0
0
HATCH
5
d14
100
AcDbEntity
8
TopPasteMaskLayer
100
AcDbHatch
10
0
20
0
30
0
210
0
220
0
230
1
2
SOLID
70
1
71
0
91
1
92
7
72
0
73
1
93
12
10
42.82697485394965
20
-13.549022098044247
10
42.82697485394965
20
-12.749022098044179
10
42.77696215392416
20
-12.699009398018802
10
42.54899669799329
20
-12.699009398018802
10
42.54899669799329
20
-13.069011938023777
10
42.21899923799856
20
-13.069011938023777
10
42.21899923799856
20
-12.699009398018802
10
41.976962153924205
20
-12.699009398018802
10
41.92697485394979
20
-12.749022098044179
10
41.92697485394979
20
-13.549022098044247
10
41.976962153924205
20
-13.59900939801878
10
42.77696215392416
20
-13.59900939801878
97
1
330

75
0
76
1
47
0.4128176842155181
98
1
10
34.90568961886538
20
22.81183545379326
450
0
451
0
460
0
461
0
452
1
462
1
453
2
463
0
63
5
421
255
463
1
63
7
421
16777215
470
LINEAR
1001
ACAD
1010
0
1020
0
1030
0
0
HATCH
5
d16
100
AcDbEntity
8
TopPasteMaskLayer
100
AcDbHatch
10
0
20
0
30
0
210
0
220
0
230
1
2
SOLID
70
1
71
0
91
1
92
7
72
0
73
1
93
12
10
41.927000254000404
20
-11.158978917957711
10
41.927000254000404
20
-11.95897891795778
10
41.97701295402567
20
-12.008991617983156
10
42.204978409956766
20
-12.008991617983156
10
42.204978409956766
20
-11.63898907797818
10
42.53497586995172
20
-11.63898907797818
10
42.53497586995172
20
-12.008991617983156
10
42.77701295402585
20
-12.008991617983156
10
42.827000254000495
20
-11.95897891795778
10
42.827000254000495
20
-11.158978917957711
10
42.77701295402585
20
-11.108991617983293
10
41.97701295402567
20
-11.108991617983293
97
1
330

75
0
76
1
47
0.4128176842155181
98
1
10
34.90568961886538
20
22.81183545379326
450
0
451
0
460
0
461
0
452
1
462
1
453
2
463
0
63
5
421
255
463
1
63
7
421
16777215
470
LINEAR
1001
ACAD
1010
0
1020
0
1030
0
0
HATCH
5
d18
100
AcDbEntity
8
TopPasteMaskLayer
100
AcDbHatch
10
0
20
0
30
0
210
0
220
0
230
1
2
SOLID
70
1
71
0
91
1
92
7
72
0
73
1
93
12
10
36.286004572009006
20
-7.454991109982188
10
36.286004572009006
20
-8.254991109982143
10
36.336017272034496
20
-8.305003810007634
10
36.56398272796537
20
-8.305003810007634
10
36.56398272796537
20
-7.9350012700025445
10
36.893980187960324
20
-7.9350012700025445
10
36.893980187960324
20
-8.305003810007634
10
37.13601727203468
20
-8.305003810007634
10
37.1860045720091
20
-8.254991109982143
10
37.1860045720091
20
-7.454991109982188
10
37.13601727203468
20
-7.405003810007543
10
36.336017272034496
20
-7.405003810007543
97
1
330

75
0
76
1
47
0.4128176842155181
98
1
10
34.90568961886538
20
22.81183545379326
450
0
451
0
460
0
461
0
452
1
462
1
453
2
463
0
63
5
421
255
463
1
63
7
421
16777215
470
LINEAR
1001
ACAD
1010
0
1020
0
1030
0
0
HATCH
5
d1a
100
AcDbEntity
8
TopPasteMaskLayer
100
AcDbHatch
10
0
20
0
30
0
210
0
220
0
230
1
2
SOLID
70
1
71
0
91
1
92
7
72
0
73
1
93
12
10
37.18597917195825
20
-9.845034290068611
10
37.18597917195825
20
-9.045034290068543
10
37.13596647193299
20
-8.995021590043166
10
36.90800101600189
20
-8.995021590043166
10
36.90800101600189
20
-9.365024130048255
10
36.57800355600716
20
-9.365024130048255
10
36.57800355600716
20
-8.995021590043166
10
36.335966471933034
20
-8.995021590043166
10
36.28597917195816
20
-9.045034290068543
10
36.28597917195816
20
-9.845034290068611
10
36.335966471933034
20
-9.895021590043257
10
37.13596647193299
20
-9.895021590043257
97
1
330

75
0
76
1
47
0.4128176842155181
98
1
10
34.90568961886538
20
22.81183545379326
450
0
451
0
460
0
461
0
452
1
462
1
453
2
463
0
63
5
421
255
463
1
63
7
421
16777215
470
LINEAR
1001
ACAD
1010
0
1020
0
1030
0
0
HATCH
5
d1c
100
AcDbEntity
8
TopPasteMaskLayer
100
AcDbHatch
10
0
20
0
30
0
210
0
220
0
230
1
2
SOLID
70
1
71
0
91
1
92
7
72
0
73
1
93
12
10
38.68399796799599
20
-8.0840233680467
10
38.68399796799599
20
-7.284023368046746
10
38.6339852679705
20
-7.234010668021369
10
38.40601981203963
20
-7.234010668021369
10
38.40601981203963
20
-7.604013208026345
10
38.076022352044674
20
-7.604013208026345
10
38.076022352044674
20
-7.234010668021369
10
37.83398526797032
20
-7.234010668021369
10
37.7839979679959
20
-7.284023368046746
10
37.7839979679959
20
-8.0840233680467
10
37.83398526797032
20
-8.134010668021347
10
38.6339852679705
20
-8.134010668021347
97
1
330

75
0
76
1
47
0.4128176842155181
98
1
10
34.90568961886538
20
22.81183545379326
450
0
451
0
460
0
461
0
452
1
462
1
453
2
463
0
63
5
421
255
463
1
63
7
421
16777215
470
LINEAR
1001
ACAD
1010
0
1020
0
1030
0
0
HATCH
5
d1e
100
AcDbEntity
8
TopPasteMaskLayer
100
AcDbHatch
10
0
20
0
30
0
210
0
220
0
230
1
2
SOLID
70
1
71
0
91
1
92
7
72
0
73
1
93
12
10
37.784023368046746
20
-5.693980187960278
10
37.784023368046746
20
-6.4939801879603465
10
37.83403606807224
20
-6.543992887985723
10
38.06200152400311
20
-6.543992887985723
10
38.06200152400311
20
-6.173990347980634
10
38.39199898399784
20
-6.173990347980634
10
38.39199898399784
20
-6.543992887985723
10
38.634036068071964
20
-6.543992887985723
10
38.68402336804661
20
-6.4939801879603465
10
38.68402336804661
20
-5.693980187960278
10
38.634036068071964
20
-5.643992887985746
10
37.83403606807224
20
-5.643992887985746
97
1
330

75
0
76
1
47
0.4128176842155181
98
1
10
34.90568961886538
20
22.81183545379326
450
0
451
0
460
0
461
0
452
1
462
1
453
2
463
0
63
5
421
255
463
1
63
7
421
16777215
470
LINEAR
1001
ACAD
1010
0
1020
0
1030
0
0
HATCH
5
d20
100
AcDbEntity
8
TopPasteMaskLayer
100
AcDbHatch
10
0
20
0
30
0
210
0
220
0
230
1
2
SOLID
70
1
71
0
91
1
92
7
72
0
73
1
93
12
10
41.61003302006611
20
-7.195021590043098
10
40.81003302006593
20
-7.195021590043098
10
40.76002032004044
20
-7.245034290068588
10
40.76002032004044
20
-7.472999745999573
10
41.130022860045756
20
-7.472999745999573
10
41.130022860045756
20
-7.802997205994416
10
40.76002032004044
20
-7.802997205994416
10
40.76002032004044
20
-8.045034290068543
10
40.81003302006593
20
-8.095021590043189
10
41.61003302006611
20
-8.095021590043189
10
41.66002032004053
20
-8.045034290068543
10
41.66002032004053
20
-7.245034290068588
97
1
330

75
0
76
1
47
0.4128176842155181
98
1
10
34.90568961886538
20
22.81183545379326
450
0
451
0
460
0
461
0
452
1
462
1
453
2
463
0
63
5
421
255
463
1
63
7
421
16777215
470
LINEAR
1001
ACAD
1010
0
1020
0
1030
0
0
HATCH
5
d22
100
AcDbEntity
8
TopPasteMaskLayer
100
AcDbHatch
10
0
20
0
30
0
210
0
220
0
230
1
2
SOLID
70
1
71
0
91
1
92
7
72
0
73
1
93
12
10
39.21998983997969
20
-8.094996189992344
10
40.019989839979644
20
-8.094996189992344
10
40.070002540005135
20
-8.044983489966967
10
40.070002540005135
20
-7.817018034035982
10
39.700000000000045
20
-7.817018034035982
10
39.700000000000045
20
-7.487020574041139
10
40.070002540005135
20
-7.487020574041139
10
40.070002540005135
20
-7.244983489966899
10
40.019989839979644
20
-7.1949961899923665
10
39.21998983997969
20
-7.1949961899923665
10
39.170002540005044
20
-7.244983489966899
10
39.170002540005044
20
-8.044983489966967
97
1
330

75
0
76
1
47
0.4128176842155181
98
1
10
34.90568961886538
20
22.81183545379326
450
0
451
0
460
0
461
0
452
1
462
1
453
2
463
0
63
5
421
255
463
1
63
7
421
16777215
470
LINEAR
1001
ACAD
1010
0
1020
0
1030
0
0
HATCH
5
d24
100
AcDbEntity
8
TopPasteMaskLayer
100
AcDbHatch
10
0
20
0
30
0
210
0
220
0
230
1
2
SOLID
70
1
71
0
91
1
92
7
72
0
73
1
93
12
10
15.87901955803909
20
-30.366014732029385
10
15.079019558039136
20
-30.366014732029385
10
15.029006858013645
20
-30.41602743205476
10
15.029006858013645
20
-30.643992887985746
10
15.399009398018734
20
-30.643992887985746
10
15.399009398018734
20
-30.97399034798059
10
15.029006858013645
20
-30.97399034798059
10
15.029006858013645
20
-31.21602743205483
10
15.079019558039136
20
-31.266014732029475
10
15.87901955803909
20
-31.266014732029475
10
15.929006858013736
20
-31.21602743205483
10
15.929006858013736
20
-30.41602743205476
97
1
330

75
0
76
1
47
0.4128176842155181
98
1
10
34.90568961886538
20
22.81183545379326
450
0
451
0
460
0
461
0
452
1
462
1
453
2
463
0
63
5
421
255
463
1
63
7
421
16777215
470
LINEAR
1001
ACAD
1010
0
1020
0
1030
0
0
HATCH
5
d26
100
AcDbEntity
8
TopPasteMaskLayer
100
AcDbHatch
10
0
20
0
30
0
210
0
220
0
230
1
2
SOLID
70
1
71
0
91
1
92
7
72
0
73
1
93
12
10
13.488976377952667
20
-31.26598933197863
10
14.28897637795285
20
-31.26598933197863
10
14.338989077978113
20
-31.215976631953254
10
14.338989077978113
20
-30.988011176022383
10
13.968986537973251
20
-30.988011176022383
10
13.968986537973251
20
-30.658013716027426
10
14.338989077978113
20
-30.658013716027426
10
14.338989077978113
20
-30.415976631953185
10
14.28897637795285
20
-30.365989331978653
10
13.488976377952667
20
-30.365989331978653
10
13.438989077978022
20
-30.415976631953185
10
13.438989077978022
20
-31.215976631953254
97
1
330

75
0
76
1
47
0.4128176842155181
98
1
10
34.90568961886538
20
22.81183545379326
450
0
451
0
460
0
461
0
452
1
462
1
453
2
463
0
63
5
421
255
463
1
63
7
421
16777215
470
LINEAR
1001
ACAD
1010
0
1020
0
1030
0
0
HATCH
5
d28
100
AcDbEntity
8
TopPasteMaskLayer
100
AcDbHatch
10
0
20
0
30
0
210
0
220
0
230
1
2
SOLID
70
1
71
0
91
1
92
7
72
0
73
1
93
12
10
10.258013716027335
20
-30.496977393954808
10
10.258013716027335
20
-31.296977393954762
10
10.308026416052826
20
-31.346990093980253
10
10.535991871983697
20
-31.346990093980253
10
10.535991871983697
20
-30.97698755397505
10
10.865989331978653
20
-30.97698755397505
10
10.865989331978653
20
-31.346990093980253
10
11.10802641605278
20
-31.346990093980253
10
11.158013716027426
20
-31.296977393954762
10
11.158013716027426
20
-30.496977393954808
10
11.10802641605278
20
-30.446990093980162
10
10.308026416052826
20
-30.446990093980162
97
1
330

75
0
76
1
47
0.4128176842155181
98
1
10
34.90568961886538
20
22.81183545379326
450
0
451
0
460
0
461
0
452
1
462
1
453
2
463
0
63
5
421
255
463
1
63
7
421
16777215
470
LINEAR
1001
ACAD
1010
0
1020
0
1030
0
0
HATCH
5
d2a
100
AcDbEntity
8
TopPasteMaskLayer
100
AcDbHatch
10
0
20
0
30
0
210
0
220
0
230
1
2
SOLID
70
1
71
0
91
1
92
7
72
0
73
1
93
12
10
11.157988315976581
20
-32.88702057404112
10
11.157988315976581
20
-32.08702057404105
10
11.107975615951318
20
-32.03700787401567
10
10.88001016002022
20
-32.03700787401567
10
10.88001016002022
20
-32.407010414020874
10
10.550012700025263
20
-32.407010414020874
10
10.550012700025263
20
-32.03700787401567
10
10.307975615951136
20
-32.03700787401567
10
10.25798831597649
20
-32.08702057404105
10
10.25798831597649
20
-32.88702057404112
10
10.307975615951136
20
-32.93700787401565
10
11.107975615951318
20
-32.93700787401565
97
1
330

75
0
76
1
47
0.4128176842155181
98
1
10
34.90568961886538
20
22.81183545379326
450
0
451
0
460
0
461
0
452
1
462
1
453
2
463
0
63
5
421
255
463
1
63
7
421
16777215
470
LINEAR
1001
ACAD
1010
0
1020
0
1030
0
0
HATCH
5
d2c
100
AcDbEntity
8
TopSilkLayer
100
AcDbHatch
10
0
20
0
30
0
210
0
220
0
230
1
2
SOLID
70
1
71
0
91
1
92
7
72
0
73
1
93
4
10
28.333401066802026
20
-28.902997205994325
10
27.548412496824994
20
-28.902997205994325
10
27.548412496824994
20
-28.598196596393223
10
28.333401066802026
20
-28.598196596393223
97
1
330

75
0
76
1
47
0.4128176842155181
98
1
10
34.90568961886538
20
22.81183545379326
450
0
451
0
460
0
461
0
452
1
462
1
453
2
463
0
63
5
421
255
463
1
63
7
421
16777215
470
LINEAR
1001
ACAD
1010
0
1020
0
1030
0
0
HATCH
5
d2e
100
AcDbEntity
8
TopSilkLayer
100
AcDbHatch
10
0
20
0
30
0
210
0
220
0
230
1
2
SOLID
70
1
71
0
91
1
92
7
72
0
73
1
93
4
10
25.098602997205944
20
-28.902997205994325
10
25.883591567183203
20
-28.902997205994325
10
25.883591567183203
20
-28.598196596393223
10
25.098602997205944
20
-28.598196596393223
97
1
330

75
0
76
1
47
0.4128176842155181
98
1
10
34.90568961886538
20
22.81183545379326
450
0
451
0
460
0
461
0
452
1
462
1
453
2
463
0
63
5
421
255
463
1
63
7
421
16777215
470
LINEAR
1001
ACAD
1010
0
1020
0
1030
0
0
HATCH
5
d30
100
AcDbEntity
8
TopSilkLayer
100
AcDbHatch
10
0
20
0
30
0
210
0
220
0
230
1
2
SOLID
70
1
71
0
91
1
92
7
72
0
73
1
93
103
10
19.8499872999746
20
-15.938989077978135
10
19.850791505540883
20
-15.905593047948514
10
19.853659027015738
20
-15.872310636844077
10
19.8585788917469
20
-15.83926920074714
10
19.86553227373406
20
-15.806595173641881
10
19.874492565665605
20
-15.774413583612386
10
19.88542548073201
20
-15.74284757441751
10
19.89828918382659
20
-15.712017934279856
10
19.91303445162748
20
-15.682042633684091
10
19.92960486095285
20
-15.653036373961072
10
19.94793700466539
20
-15.625110148379463
10
19.96796073430164
20
-15.59837081742694
10
19.98959942849683
20
-15.572920699905467
10
20.01277028617892
20
-15.548857181405424
10
20.037384643409496
20
-15.526272341657204
10
20.063348312658263
20
-15.505252602185351
10
20.09056194321488
20
-15.485878395614009
10
20.118921401356147
20
-15.468223857889711
10
20.148318168817923
20
-15.452356544597365
10
20.178639758043346
20
-15.43833717245775
10
20.20977014261757
20
-15.426219386992557
10
20.241590201248982
20
-15.416049557248698
10
20.273978173588375
20
-15.4078665983659
10
20.30681012614832
20
-15.401701822666155
10
20.339960426539164
20
-15.39757881983735
10
20.373302224204053
20
-15.395513366665568
10
20.406707935816485
20
-15.395513366665568
10
20.440049733481374
20
-15.39757881983735
10
20.473200033872217
20
-15.401701822666155
10
20.506031986432163
20
-15.4078665983659
10
20.538419958771556
20
-15.416049557248698
10
20.570240017402966
20
-15.426219386992557
10
20.601370401977192
20
-15.43833717245775
10
20.631691991202615
20
-15.452356544597365
10
20.66108875866439
20
-15.468223857889711
10
20.68944821680566
20
-15.485878395614009
10
20.716661847362275
20
-15.505252602185351
10
20.742625516611042
20
-15.526272341657204
10
20.767239873841618
20
-15.548857181405424
10
20.790410731523707
20
-15.572920699905467
10
20.812049425718897
20
-15.59837081742694
10
20.832073155355147
20
-15.625110148379463
10
20.85040529906769
20
-15.653036373961072
10
20.866975708393056
20
-15.682042633684091
10
20.881720976193947
20
-15.712017934279856
10
20.894584679288528
20
-15.742847574417624
10
20.90551759435516
20
-15.774413583612386
10
20.914477886286477
20
-15.806595173641995
10
20.921431268273636
20
-15.83926920074714
10
20.9263511330048
20
-15.872310636844077
10
20.929218654479655
20
-15.905593047948514
10
20.930022860045938
20
-15.938989077978135
10
20.929218654479655
20
-15.972385108007757
10
20.9263511330048
20
-16.005667519112194
10
20.921431268273636
20
-16.038708955209245
10
20.914477886286477
20
-16.07138298231439
10
20.90551759435516
20
-16.103564572344
10
20.894584679288528
20
-16.13513058153876
10
20.881720976193947
20
-16.165960221676414
10
20.866975708393056
20
-16.19593552227218
10
20.85040529906769
20
-16.2249417819952
10
20.832073155355147
20
-16.252868007576808
10
20.812049425718897
20
-16.27960733852933
10
20.790410731523707
20
-16.305057456050804
10
20.767239873841618
20
-16.329120974550847
10
20.742625516611042
20
-16.351705814299066
10
20.716661847362275
20
-16.37272555377092
10
20.68944821680566
20
-16.392099760342262
10
20.66108875866439
20
-16.40975429806656
10
20.631691991202615
20
-16.425621611358906
10
20.601370401977192
20
-16.43964098349852
10
20.570240017402966
20
-16.451758768963714
10
20.538419958771556
20
-16.461928598707573
10
20.506031986432163
20
-16.470111557590485
10
20.473200033872217
20
-16.476276333290116
10
20.440049733481374
20
-16.48039933611892
10
20.406707935816485
20
-16.482464789290702
10
20.373302224204053
20
-16.482464789290702
10
20.339960426539164
20
-16.48039933611892
10
20.30681012614832
20
-16.476276333290116
10
20.273978173588375
20
-16.470111557590485
10
20.241590201248982
20
-16.461928598707573
10
20.20977014261757
20
-16.451758768963714
10
20.178639758043346
20
-16.43964098349852
10
20.148318168817923
20
-16.425621611358906
10
20.118921401356147
20
-16.40975429806656
10
20.09056194321488
20
-16.392099760342262
10
20.063348312658263
20
-16.37272555377092
10
20.037384643409496
20
-16.351705814299066
10
20.01277028617892
20
-16.329120974550847
10
19.98959942849683
20
-16.305057456050804
10
19.96796073430164
20
-16.27960733852933
10
19.94793700466539
20
-16.252868007576808
10
19.92960486095285
20
-16.2249417819952
10
19.91303445162748
20
-16.19593552227218
10
19.89828918382659
20
-16.165960221676414
10
19.88542548073201
20
-16.13513058153876
10
19.874492565665605
20
-16.103564572344
10
19.86553227373406
20
-16.07138298231439
10
19.8585788917469
20
-16.038708955209245
10
19.853659027015738
20
-16.005667519112194
10
19.850791505540883
20
-15.972385108007757
10
19.8499872999746
20
-15.938989077978135
97
1
330

75
0
76
1
47
0.4128176842155181
98
1
10
34.90568961886538
20
22.81183545379326
450
0
451
0
460
0
461
0
452
1
462
1
453
2
463
0
63
5
421
255
463
1
63
7
421
16777215
470
LINEAR
1001
ACAD
1010
0
1020
0
1030
0
0
HATCH
5
d32
100
AcDbEntity
8
Document
100
AcDbHatch
10
0
20
0
30
0
210
0
220
0
230
1
2
SOLID
70
1
71
0
91
1
92
7
72
0
73
1
93
4
10
22.000914401828823
20
0.12519685039376327
10
22.03690627381252
20
0.12519685039376327
10
22.03690627381252
20
-0.4508001016001799
10
22.000914401828823
20
-0.4508001016001799
97
1
330

75
0
76
1
47
0.4128176842155181
98
1
10
34.90568961886538
20
22.81183545379326
450
0
451
0
460
0
461
0
452
1
462
1
453
2
463
0
63
5
421
255
463
1
63
7
421
16777215
470
LINEAR
1001
ACAD
1010
0
1020
0
1030
0
0
HATCH
5
d34
100
AcDbEntity
8
Document
100
AcDbHatch
10
0
20
0
30
0
210
0
220
0
230
1
2
SOLID
70
1
71
0
91
1
92
7
72
0
73
1
93
4
10
21.964922529845126
20
0.12519685039376327
10
22.000914401828823
20
0.12519685039376327
10
22.000914401828823
20
-0.4508001016001799
10
21.964922529845126
20
-0.4508001016001799
97
1
330

75
0
76
1
47
0.4128176842155181
98
1
10
34.90568961886538
20
22.81183545379326
450
0
451
0
460
0
461
0
452
1
462
1
453
2
463
0
63
5
421
255
463
1
63
7
421
16777215
470
LINEAR
1001
ACAD
1010
0
1020
0
1030
0
0
HATCH
5
d36
100
AcDbEntity
8
Document
100
AcDbHatch
10
0
20
0
30
0
210
0
220
0
230
1
2
SOLID
70
1
71
0
91
1
92
7
72
0
73
1
93
4
10
21.928905257810356
20
0.12519685039376327
10
21.964922529845126
20
0.12519685039376327
10
21.964922529845126
20
-0.4508001016001799
10
21.928905257810356
20
-0.4508001016001799
97
1
330

75
0
76
1
47
0.4128176842155181
98
1
10
34.90568961886538
20
22.81183545379326
450
0
451
0
460
0
461
0
452
1
462
1
453
2
463
0
63
5
421
255
463
1
63
7
421
16777215
470
LINEAR
1001
ACAD
1010
0
1020
0
1030
0
0
HATCH
5
d38
100
AcDbEntity
8
Document
100
AcDbHatch
10
0
20
0
30
0
210
0
220
0
230
1
2
SOLID
70
1
71
0
91
1
92
7
72
0
73
1
93
4
10
21.892913385826887
20
0.08920497840995267
10
21.928905257810356
20
0.08920497840995267
10
21.928905257810356
20
-0.4508001016001799
10
21.892913385826887
20
-0.4508001016001799
97
1
330

75
0
76
1
47
0.4128176842155181
98
1
10
34.90568961886538
20
22.81183545379326
450
0
451
0
460
0
461
0
452
1
462
1
453
2
463
0
63
5
421
255
463
1
63
7
421
16777215
470
LINEAR
1001
ACAD
1010
0
1020
0
1030
0
0
HATCH
5
d3a
100
AcDbEntity
8
Document
100
AcDbHatch
10
0
20
0
30
0
210
0
220
0
230
1
2
SOLID
70
1
71
0
91
1
92
7
72
0
73
1
93
4
10
21.856921513842963
20
0.08920497840995267
10
21.892913385826887
20
0.08920497840995267
10
21.892913385826887
20
-0.01879603759209658
10
21.856921513842963
20
-0.01879603759209658
97
1
330

75
0
76
1
47
0.4128176842155181
98
1
10
34.90568961886538
20
22.81183545379326
450
0
451
0
460
0
461
0
452
1
462
1
453
2
463
0
63
5
421
255
463
1
63
7
421
16777215
470
LINEAR
1001
ACAD
1010
0
1020
0
1030
0
0
HATCH
5
d3c
100
AcDbEntity
8
Document
100
AcDbHatch
10
0
20
0
30
0
210
0
220
0
230
1
2
SOLID
70
1
71
0
91
1
92
7
72
0
73
1
93
4
10
21.82090424180842
20
0.05321310642625576
10
21.856921513842963
20
0.05321310642625576
10
21.856921513842963
20
-0.05478790957590718
10
21.82090424180842
20
-0.05478790957590718
97
1
330

75
0
76
1
47
0.4128176842155181
98
1
10
34.90568961886538
20
22.81183545379326
450
0
451
0
460
0
461
0
452
1
462
1
453
2
463
0
63
5
421
255
463
1
63
7
421
16777215
470
LINEAR
1001
ACAD
1010
0
1020
0
1030
0
0
HATCH
5
d3e
100
AcDbEntity
8
Document
100
AcDbHatch
10
0
20
0
30
0
210
0
220
0
230
1
2
SOLID
70
1
71
0
91
1
92
7
72
0
73
1
93
4
10
21.784912369824724
20
0.017195834391714016
10
21.82090424180842
20
0.017195834391714016
10
21.82090424180842
20
-0.05478790957590718
10
21.784912369824724
20
-0.05478790957590718
97
1
330

75
0
76
1
47
0.4128176842155181
98
1
10
34.90568961886538
20
22.81183545379326
450
0
451
0
460
0
461
0
452
1
462
1
453
2
463
0
63
5
421
255
463
1
63
7
421
16777215
470
LINEAR
1001
ACAD
1010
0
1020
0
1030
0
0
HATCH
5
d40
100
AcDbEntity
8
Document
100
AcDbHatch
10
0
20
0
30
0
210
0
220
0
230
1
2
SOLID
70
1
71
0
91
1
92
7
72
0
73
1
93
4
10
21.7489204978408
20
0.017195834391714016
10
21.784912369824724
20
0.017195834391714016
10
21.784912369824724
20
-0.05478790957590718
10
21.7489204978408
20
-0.05478790957590718
97
1
330

75
0
76
1
47
0.4128176842155181
98
1
10
34.90568961886538
20
22.81183545379326
450
0
451
0
460
0
461
0
452
1
462
1
453
2
463
0
63
5
421
255
463
1
63
7
421
16777215
470
LINEAR
1001
ACAD
1010
0
1020
0
1030
0
0
HATCH
5
d42
100
AcDbEntity
8
Document
100
AcDbHatch
10
0
20
0
30
0
210
0
220
0
230
1
2
SOLID
70
1
71
0
91
1
92
7
72
0
73
1
93
4
10
22.280492760985453
20
1.7595123190246795
10
22.280492760985453
20
1.1245110490220895
10
22.407493014985903
20
1.1245110490220895
10
22.407493014985903
20
1.7595123190246795
97
1
330

75
0
76
1
47
0.4128176842155181
98
1
10
34.90568961886538
20
22.81183545379326
450
0
451
0
460
0
461
0
452
1
462
1
453
2
463
0
63
5
421
255
463
1
63
7
421
16777215
470
LINEAR
1001
ACAD
1010
0
1020
0
1030
0
0
HATCH
5
d44
100
AcDbEntity
8
Document
100
AcDbHatch
10
0
20
0
30
0
210
0
220
0
230
1
2
SOLID
70
1
71
0
91
1
92
7
72
0
73
1
93
4
10
22.019278638557125
20
1.3727711455422877
10
22.65427990855983
20
1.3727711455422877
10
22.65427990855983
20
1.4997713995427375
10
22.019278638557125
20
1.4997713995427375
97
1
330

75
0
76
1
47
0.4128176842155181
98
1
10
34.90568961886538
20
22.81183545379326
450
0
451
0
460
0
461
0
452
1
462
1
453
2
463
0
63
5
421
255
463
1
63
7
421
16777215
470
LINEAR
1001
ACAD
1010
0
1020
0
1030
0
  0
ENDSEC
  0
SECTION
  2
OBJECTS
  0
DICTIONARY
  5
C
330
0
100
AcDbDictionary
281
     1
  3
ACAD_CIP_PREVIOUS_PRODUCT_INFO
350
216
  3
ACAD_COLOR
350
6B
  3
ACAD_DETAILVIEWSTYLE
350
21B
  3
ACAD_GROUP
350
D
  3
ACAD_LAYOUT
350
1A
  3
ACAD_MATERIAL
350
6A
  3
ACAD_MLEADERSTYLE
350
12D
  3
ACAD_MLINESTYLE
350
17
  3
ACAD_PLOTSETTINGS
350
19
  3
ACAD_PLOTSTYLENAME
350
E
  3
ACAD_SCALELIST
350
10C
  3
ACAD_SECTIONVIEWSTYLE
350
219
  3
ACAD_TABLESTYLE
350
7E
  3
ACAD_VISUALSTYLE
350
EF
  3
ACDB_RECOMPOSE_DATA
350
27D
  3
AcDbVariableDictionary
350
5E
  3
AcDsDecomposeData
350
283
  0
DICTIONARY
  5
1FF
330
2
100
AcDbDictionary
280
     1
281
     1
  3
ACAD_LAYERSTATES
360
200
  0
DICTIONARY
  5
13C
330
10
100
AcDbDictionary
280
     1
281
     1
  0
DICTIONARY
  5
1CE
330
1F
100
AcDbDictionary
280
     1
281
     1
  0
XRECORD
  5
216
102
{ACAD_REACTORS
330
C
102
}
330
C
100
AcDbXrecord
280
     1
300
ACD
300
2017
300
ACD_F_S
  0
DICTIONARY
  5
6B
102
{ACAD_REACTORS
330
C
102
}
330
C
100
AcDbDictionary
281
     1
  0
DICTIONARY
  5
21B
102
{ACAD_REACTORS
330
C
102
}
330
C
100
AcDbDictionary
281
     1
  3
Metric50
350
21C
  0
DICTIONARY
  5
D
102
{ACAD_REACTORS
330
C
102
}
330
C
100
AcDbDictionary
281
     1
  0
DICTIONARY
  5
1A
102
{ACAD_REACTORS
330
C
102
}
330
C
100
AcDbDictionary
281
     1
  3
Model
350
22
  3
布局1
350
D3
  3
布局2
350
D7
  0
DICTIONARY
  5
6A
102
{ACAD_REACTORS
330
C
102
}
330
C
100
AcDbDictionary
281
     1
  3
ByBlock
350
ED
  3
ByLayer
350
EC
  3
Global
350
EE
  0
DICTIONARY
  5
12D
102
{ACAD_REACTORS
330
C
102
}
330
C
100
AcDbDictionary
281
     1
  3
Annotative
350
13B
  3
Standard
350
12E
  0
DICTIONARY
  5
17
102
{ACAD_REACTORS
330
C
102
}
330
C
100
AcDbDictionary
281
     1
  3
Standard
350
18
  0
DICTIONARY
  5
19
102
{ACAD_REACTORS
330
C
102
}
330
C
100
AcDbDictionary
281
     1
  0
ACDBDICTIONARYWDFLT
  5
E
102
{ACAD_REACTORS
330
C
102
}
330
C
100
AcDbDictionary
281
     1
  3
Normal
350
F
100
AcDbDictionaryWithDefault
340
F
  0
DICTIONARY
  5
10C
102
{ACAD_REACTORS
330
C
102
}
330
C
100
AcDbDictionary
281
     1
  3
A0
350
10D
  3
A1
350
1BE
  3
A2
350
1BF
  3
A3
350
1C0
  3
A4
350
1C1
  3
A5
350
1C2
  3
A6
350
1C3
  3
A7
350
1C4
  3
A8
350
1C5
  3
A9
350
1C6
  3
B0
350
1C7
  3
B1
350
1C8
  3
B2
350
1C9
  3
B3
350
1CA
  3
B4
350
1CB
  3
B5
350
1CC
  3
B6
350
1CD
  0
DICTIONARY
  5
219
102
{ACAD_REACTORS
330
C
102
}
330
C
100
AcDbDictionary
281
     1
  3
Metric50
350
21A
  0
DICTIONARY
  5
7E
102
{ACAD_REACTORS
330
C
102
}
330
C
100
AcDbDictionary
281
     1
  3
Standard
350
7F
  0
DICTIONARY
  5
EF
102
{ACAD_REACTORS
330
C
102
}
330
C
100
AcDbDictionary
281
     1
  3
2dWireframe
350
F5
  3
Basic
350
F4
  3
Brighten
350
FB
  3
ColorChange
350
FF
  3
Conceptual
350
F8
  3
Dim
350
FA
  3
EdgeColorOff
350
1E6
  3
Facepattern
350
FE
  3
Flat
350
F0
  3
FlatWithEdges
350
F1
  3
Gouraud
350
F2
  3
GouraudWithEdges
350
F3
  3
Hidden
350
F7
  3
JitterOff
350
1E4
  3
Linepattern
350
FD
  3
OverhangOff
350
1E5
  3
Realistic
350
F9
  3
Shaded
350
1F3
  3
Shaded with edges
350
1F2
  3
Shades of Gray
350
1EF
  3
Sketchy
350
1F0
  3
Thicken
350
FC
  3
Wireframe
350
F6
  3
X-Ray
350
1F1
  0
XRECORD
  5
27D
102
{ACAD_REACTORS
330
C
102
}
330
C
100
AcDbXrecord
280
     1
 90
        1
330
7F
  0
DICTIONARY
  5
5E
102
{ACAD_REACTORS
330
C
102
}
330
C
100
AcDbDictionary
281
     1
  3
CANNOSCALE
350
146
  3
CENTEREXE
350
259
  3
CENTERLTYPEFILE
350
25A
  3
CMLEADERSTYLE
350
145
  3
CTABLESTYLE
350
84
  3
CVIEWDETAILSTYLE
350
227
  3
CVIEWSECTIONSTYLE
350
228
  3
DIMASSOC
350
5F
  3
HIDETEXT
350
63
  3
LAYEREVAL
350
1AE
  3
LAYERNOTIFY
350
1AF
  3
XCLIPFRAME
350
27B
  0
DICTIONARY
  5
283
102
{ACAD_REACTORS
330
C
102
}
330
C
100
AcDbDictionary
281
     1
  3
AcDsRecords
350
285
  3
AcDsSchemas
350
284
1001
ACAD
1070
     2
  0
DICTIONARY
  5
200
102
{ACAD_REACTORS
330
1FF
102
}
330
1FF
100
AcDbDictionary
281
     1
  0
ACDBDETAILVIEWSTYLE
  5
21C
102
{ACAD_XDICTIONARY
360
236
102
}
102
{ACAD_REACTORS
330
21B
102
}
330
21B
100
AcDbModelDocViewStyle
 70
     0
  3
Metric50
290
     0
100
AcDbDetailViewStyle
 70
     0
 71
     0
 90
        3
 71
     1
340
11
 62
   256
 40
5.0
340
0
 62
   256
 40
5.0
300

 40
0.0
280
     1
 71
     2
340
16
 90
       25
 62
   256
 71
     3
340
11
 62
   256
 40
5.0
 90
        0
 40
15.0
 90
        1
300
%<AcVar ViewDetailId>% (%<AcVar ViewScale  "%sn">%)
 71
     4
340
16
 90
       25
 62
   256
340
16
 90
       25
 62
   256
280
     0
  0
LAYOUT
  5
22
102
{ACAD_XDICTIONARY
360
205
102
}
102
{ACAD_REACTORS
330
1A
102
}
330
1A
100
AcDbPlotSettings
  1

  2
none_device
  4
ISO_A4_(210.00_x_297.00_MM)
  6

 40
7.5
 41
20.0
 42
7.5
 43
20.0
 44
210.0
 45
297.0
 46
11.54999923706054
 47
-13.65000009536743
 48
0.0
 49
0.0
140
0.0
141
0.0
142
1.0
143
8.704084754739808
 70
 11952
 72
     1
 73
     0
 74
     0
  7

 75
     0
147
0.1148885871608098
 76
     0
 77
     2
 78
   300
148
0.0
149
0.0
100
AcDbLayout
  1
Model
 70
     1
 71
     0
 10
0.0
 20
0.0
 11
12.0
 21
9.0
 12
0.0
 22
0.0
 32
0.0
 14
0.0
 24
0.0
 34
0.0
 15
0.0
 25
0.0
 35
0.0
146
0.0
 13
0.0
 23
0.0
 33
0.0
 16
1.0
 26
0.0
 36
0.0
 17
0.0
 27
1.0
 37
0.0
 76
     0
330
1F
331
EA
1001
ACAD_PSEXT
1000
None
1000
None
1000
Not applicable
1000
The layout will not be plotted unless a new plotter configuration name is selected.
1070
     0
  0
LAYOUT
  5
D3
102
{ACAD_REACTORS
330
1A
102
}
330
1A
100
AcDbPlotSettings
  1

  2
C:Documents and SettingsasasApplication DataAutodeskAutoCAD 2005R16.1enuplottersDefault Windows System Printer.pc3
  4

  6

 40
0.0
 41
0.0
 42
0.0
 43
0.0
 44
0.0
 45
0.0
 46
0.0
 47
0.0
 48
0.0
 49
0.0
140
0.0
141
0.0
142
1.0
143
1.0
 70
   688
 72
     0
 73
     0
 74
     5
  7

 75
    16
147
1.0
 76
     0
 77
     2
 78
   300
148
0.0
149
0.0
100
AcDbLayout
  1
布局1
 70
     1
 71
     1
 10
0.0
 20
0.0
 11
12.0
 21
9.0
 12
0.0
 22
0.0
 32
0.0
 14
0.0
 24
0.0
 34
0.0
 15
0.0
 25
0.0
 35
0.0
146
0.0
 13
0.0
 23
0.0
 33
0.0
 16
1.0
 26
0.0
 36
0.0
 17
0.0
 27
1.0
 37
0.0
 76
     0
330
D2
  0
LAYOUT
  5
D7
102
{ACAD_REACTORS
330
1A
102
}
330
1A
100
AcDbPlotSettings
  1

  2
C:Documents and SettingsasasApplication DataAutodeskAutoCAD 2005R16.1enuplottersDefault Windows System Printer.pc3
  4

  6

 40
0.0
 41
0.0
 42
0.0
 43
0.0
 44
0.0
 45
0.0
 46
0.0
 47
0.0
 48
0.0
 49
0.0
140
0.0
141
0.0
142
1.0
143
1.0
 70
   688
 72
     0
 73
     0
 74
     5
  7

 75
    16
147
1.0
 76
     0
 77
     2
 78
   300
148
0.0
149
0.0
100
AcDbLayout
  1
布局2
 70
     1
 71
     2
 10
0.0
 20
0.0
 11
12.0
 21
9.0
 12
0.0
 22
0.0
 32
0.0
 14
0.0
 24
0.0
 34
0.0
 15
0.0
 25
0.0
 35
0.0
146
0.0
 13
0.0
 23
0.0
 33
0.0
 16
1.0
 26
0.0
 36
0.0
 17
0.0
 27
1.0
 37
0.0
 76
     0
330
D6
  0
MATERIAL
  5
ED
102
{ACAD_XDICTIONARY
360
1F9
102
}
102
{ACAD_REACTORS
330
6A
102
}
330
6A
100
AcDbMaterial
  1
ByBlock
 94
       63
  0
MATERIAL
  5
EC
102
{ACAD_XDICTIONARY
360
1F7
102
}
102
{ACAD_REACTORS
330
6A
102
}
330
6A
100
AcDbMaterial
  1
ByLayer
 94
       63
  0
MATERIAL
  5
EE
102
{ACAD_XDICTIONARY
360
173
102
}
102
{ACAD_REACTORS
330
6A
102
}
330
6A
100
AcDbMaterial
  1
Global
 43
0.0007999999797903
 43
0.0
 43
0.0
 43
0.0
 43
0.0
 43
0.0007999999797903
 43
0.0
 43
0.0
 43
0.0
 43
0.0
 43
1.0
 43
0.0
 43
0.0
 43
0.0
 43
0.0
 43
1.0
 49
0.0007999999797903
 49
0.0
 49
0.0
 49
0.0
 49
0.0
 49
0.0007999999797903
 49
0.0
 49
0.0
 49
0.0
 49
0.0
 49
1.0
 49
0.0
 49
0.0
 49
0.0
 49
0.0
 49
1.0
142
0.0007999999797903
142
0.0
142
0.0
142
0.0
142
0.0
142
0.0007999999797903
142
0.0
142
0.0
142
0.0
142
0.0
142
1.0
142
0.0
142
0.0
142
0.0
142
0.0
142
1.0
144
0.0007999999797903
144
0.0
144
0.0
144
0.0
144
0.0
144
0.0007999999797903
144
0.0
144
0.0
144
0.0
144
0.0
144
1.0
144
0.0
144
0.0
144
0.0
144
0.0
144
1.0
 94
       63
1001
ACAD
1070
    -1
1070
     3
1070
     0
1000

1071
        0
1070
     0
  0
MLEADERSTYLE
  5
13B
102
{ACAD_REACTORS
330
12D
102
}
330
12D
100
AcDbMLeaderStyle
170
     2
171
     1
172
     0
 90
        2
 40
0.0
 41
0.0
173
     1
 91
-1056964608
340
14
 92
       -2
290
     1
 42
2.0
291
     1
 43
8.0
  3
Standard
 44
4.0
300

342
11
174
     1
178
     1
175
     1
176
     0
 93
-1056964608
 45
4.0
292
     0
297
     0
 46
4.0
 94
-1056964608
 47
1.0
 49
1.0
140
1.0
293
     1
141
0.0
294
     1
177
     0
142
1.0
295
     0
296
     1
143
3.75
1001
ACAD_MLEADERVER
1070
     2
  0
MLEADERSTYLE
  5
12E
102
{ACAD_REACTORS
330
12D
102
}
330
12D
100
AcDbMLeaderStyle
170
     2
171
     1
172
     0
 90
        2
 40
0.0
 41
0.0
173
     1
 91
-1056964608
340
14
 92
       -2
290
     1
 42
2.0
291
     1
 43
8.0
  3
Standard
 44
4.0
300

342
11
174
     1
178
     1
175
     1
176
     0
 93
-1056964608
 45
4.0
292
     0
297
     0
 46
4.0
 94
-1056964608
 47
1.0
 49
1.0
140
1.0
293
     1
141
0.0
294
     1
177
     0
142
1.0
295
     0
296
     0
143
3.75
1001
ACAD_MLEADERVER
1070
     2
  0
MLINESTYLE
  5
18
102
{ACAD_REACTORS
330
17
102
}
330
17
100
AcDbMlineStyle
  2
STANDARD
 70
     0
  3

 62
   256
 51
90.0
 52
90.0
 71
     2
 49
0.5
 62
   256
  6
BYLAYER
 49
-0.5
 62
   256
  6
BYLAYER
  0
ACDBPLACEHOLDER
  5
F
102
{ACAD_REACTORS
330
E
102
}
330
E
  0
SCALE
  5
10D
102
{ACAD_REACTORS
330
10C
102
}
330
10C
100
AcDbScale
 70
     0
300
1:1
140
1.0
141
1.0
290
     1
  0
SCALE
  5
1BE
102
{ACAD_REACTORS
330
10C
102
}
330
10C
100
AcDbScale
 70
     0
300
1:2
140
1.0
141
2.0
290
     0
  0
SCALE
  5
1BF
102
{ACAD_REACTORS
330
10C
102
}
330
10C
100
AcDbScale
 70
     0
300
1:4
140
1.0
141
4.0
290
     0
  0
SCALE
  5
1C0
102
{ACAD_REACTORS
330
10C
102
}
330
10C
100
AcDbScale
 70
     0
300
1:5
140
1.0
141
5.0
290
     0
  0
SCALE
  5
1C1
102
{ACAD_REACTORS
330
10C
102
}
330
10C
100
AcDbScale
 70
     0
300
1:8
140
1.0
141
8.0
290
     0
  0
SCALE
  5
1C2
102
{ACAD_REACTORS
330
10C
102
}
330
10C
100
AcDbScale
 70
     0
300
1:10
140
1.0
141
10.0
290
     0
  0
SCALE
  5
1C3
102
{ACAD_REACTORS
330
10C
102
}
330
10C
100
AcDbScale
 70
     0
300
1:16
140
1.0
141
16.0
290
     0
  0
SCALE
  5
1C4
102
{ACAD_REACTORS
330
10C
102
}
330
10C
100
AcDbScale
 70
     0
300
1:20
140
1.0
141
20.0
290
     0
  0
SCALE
  5
1C5
102
{ACAD_REACTORS
330
10C
102
}
330
10C
100
AcDbScale
 70
     0
300
1:30
140
1.0
141
30.0
290
     0
  0
SCALE
  5
1C6
102
{ACAD_REACTORS
330
10C
102
}
330
10C
100
AcDbScale
 70
     0
300
1:40
140
1.0
141
40.0
290
     0
  0
SCALE
  5
1C7
102
{ACAD_REACTORS
330
10C
102
}
330
10C
100
AcDbScale
 70
     0
300
1:50
140
1.0
141
50.0
290
     0
  0
SCALE
  5
1C8
102
{ACAD_REACTORS
330
10C
102
}
330
10C
100
AcDbScale
 70
     0
300
1:100
140
1.0
141
100.0
290
     0
  0
SCALE
  5
1C9
102
{ACAD_REACTORS
330
10C
102
}
330
10C
100
AcDbScale
 70
     0
300
2:1
140
2.0
141
1.0
290
     0
  0
SCALE
  5
1CA
102
{ACAD_REACTORS
330
10C
102
}
330
10C
100
AcDbScale
 70
     0
300
4:1
140
4.0
141
1.0
290
     0
  0
SCALE
  5
1CB
102
{ACAD_REACTORS
330
10C
102
}
330
10C
100
AcDbScale
 70
     0
300
8:1
140
8.0
141
1.0
290
     0
  0
SCALE
  5
1CC
102
{ACAD_REACTORS
330
10C
102
}
330
10C
100
AcDbScale
 70
     0
300
10:1
140
10.0
141
1.0
290
     0
  0
SCALE
  5
1CD
102
{ACAD_REACTORS
330
10C
102
}
330
10C
100
AcDbScale
 70
     0
300
100:1
140
100.0
141
1.0
290
     0
  0
ACDBSECTIONVIEWSTYLE
  5
21A
102
{ACAD_XDICTIONARY
360
234
102
}
102
{ACAD_REACTORS
330
219
102
}
330
219
100
AcDbModelDocViewStyle
 70
     0
  3
Metric50
290
     0
100
AcDbSectionViewStyle
 70
     0
 71
     0
 90
      102
 71
     1
340
11
 62
   256
 40
5.0
340
0
340
0
 62
   256
 40
5.0
300
I, O, Q, S, X, Z
 40
10.0
 90
        0
 40
2.5
 90
        0
 71
     2
340
16
 90
       25
 62
   256
340
16
 90
       50
 62
   256
 40
5.0
 40
2.5
 40
5.0
 71
     3
340
11
 62
   256
 40
5.0
 90
        0
 40
15.0
 90
        1
300
%<AcVar ViewSectionStartId>%-%<AcVar ViewSectionEndId>% (%<AcVar ViewScale  "%sn">%)
 71
     4
 62
   256
 62
   257
300
ANSI31
 40
1.0
 90
        0
290
     0
290
     0
 90
        6
 40
0.0
 40
1.570796326794896
 40
0.2617993877991494
 40
1.308996938995747
 40
-0.2617993877991494
 40
1.832595714594046
  0
TABLESTYLE
  5
7F
102
{ACAD_XDICTIONARY
360
162
102
}
102
{ACAD_REACTORS
330
7E
102
}
330
7E
100
AcDbTableStyle
  3
Standard
 70
     0
 71
     0
 40
1.5
 41
1.5
280
     0
281
     0
  7
Standard
140
4.5
170
     2
 62
     0
 63
     7
283
     0
 90
      512
 91
        0
  1

274
    -2
284
     1
 64
     0
275
    -2
285
     1
 65
     0
276
    -2
286
     1
 66
     0
277
    -2
287
     1
 67
     0
278
    -2
288
     1
 68
     0
279
    -2
289
     1
 69
     0
  7
Standard
140
6.0
170
     5
 62
     0
 63
     7
283
     0
 90
      512
 91
        0
  1

274
    -2
284
     1
 64
     0
275
    -2
285
     1
 65
     0
276
    -2
286
     1
 66
     0
277
    -2
287
     1
 67
     0
278
    -2
288
     1
 68
     0
279
    -2
289
     1
 69
     0
  7
Standard
140
4.5
170
     5
 62
     0
 63
     7
283
     0
 90
      512
 91
        0
  1

274
    -2
284
     1
 64
     0
275
    -2
285
     1
 65
     0
276
    -2
286
     1
 66
     0
277
    -2
287
     1
 67
     0
278
    -2
288
     1
 68
     0
279
    -2
289
     1
 69
     0
  0
VISUALSTYLE
  5
F5
102
{ACAD_XDICTIONARY
360
290
102
}
102
{ACAD_REACTORS
330
EF
102
}
330
EF
100
AcDbVisualStyle
  2
2dWireframe
 70
     4
 71
     0
 72
     2
 73
     1
 90
        0
 40
-0.6
 41
-30.0
 62
     5
 63
     7
421
 16777215
 74
     1
 91
        4
 64
     7
 65
   257
 75
     1
175
     1
 42
1.0
 92
        0
 66
   257
 43
1.0
 76
     1
 77
     6
 78
     2
 67
     7
 79
     5
170
     0
171
     0
290
     0
174
     0
 93
        1
 44
0.0
173
     0
291
     0
 45
0.0
1001
ACAD
1000
AcDbSavedByObjectVersion
1070
     0
  0
VISUALSTYLE
  5
F4
102
{ACAD_XDICTIONARY
360
28E
102
}
102
{ACAD_REACTORS
330
EF
102
}
330
EF
100
AcDbVisualStyle
  2
Basic
 70
     7
 71
     1
 72
     0
 73
     1
 90
        0
 40
-0.6
 41
-30.0
 62
     5
 63
     7
421
 16777215
 74
     0
 91
        4
 64
     7
 65
   257
 75
     1
175
     1
 42
1.0
 92
        8
 66
     7
 43
1.0
 76
     1
 77
     6
 78
     2
 67
     7
 79
     5
170
     0
171
     0
290
     0
174
     0
 93
        1
 44
0.0
173
     0
291
     1
 45
0.0
1001
ACAD
1000
AcDbSavedByObjectVersion
1070
     0
  0
VISUALSTYLE
  5
FB
102
{ACAD_XDICTIONARY
360
29C
102
}
102
{ACAD_REACTORS
330
EF
102
}
330
EF
100
AcDbVisualStyle
  2
Brighten
 70
    12
 71
     2
 72
     2
 73
     1
 90
        0
 40
-0.6
 41
-30.0
 62
     5
 63
     7
421
 16777215
 74
     1
 91
        4
 64
     7
 65
   257
 75
     1
175
     1
 42
1.0
 92
        8
 66
     7
 43
1.0
 76
     1
 77
     6
 78
     2
 67
     7
 79
     5
170
     0
171
     0
290
     0
174
     0
 93
        1
 44
50.0
173
     0
291
     1
 45
0.0
1001
ACAD
1000
AcDbSavedByObjectVersion
1070
     0
  0
VISUALSTYLE
  5
FF
102
{ACAD_XDICTIONARY
360
2A4
102
}
102
{ACAD_REACTORS
330
EF
102
}
330
EF
100
AcDbVisualStyle
  2
ColorChange
 70
    16
 71
     2
 72
     2
 73
     3
 90
        0
 40
-0.6
 41
-30.0
 62
     5
 63
     8
421
  8421504
 74
     1
 91
        4
 64
     7
 65
   257
 75
     1
175
     1
 42
1.0
 92
        8
 66
     8
424
  8421504
 43
1.0
 76
     1
 77
     6
 78
     2
 67
     7
 79
     5
170
     0
171
     0
290
     0
174
     0
 93
        1
 44
0.0
173
     0
291
     1
 45
0.0
1001
ACAD
1000
AcDbSavedByObjectVersion
1070
     0
  0
VISUALSTYLE
  5
F8
102
{ACAD_XDICTIONARY
360
296
102
}
102
{ACAD_REACTORS
330
EF
102
}
330
EF
100
AcDbVisualStyle
  2
Conceptual
 70
     9
 71
     3
 72
     2
 73
     1
 90
        0
 40
-0.6
 41
-30.0
 62
     5
 63
     7
421
 16777215
 74
     2
 91
        2
 64
     7
 65
   257
 75
     1
175
     1
 42
40.0
 92
        8
 66
     7
 43
1.0
 76
     1
 77
     6
 78
     2
 67
     7
 79
     3
170
     0
171
     0
290
     0
174
     0
 93
        1
 44
0.0
173
     0
291
     0
 45
0.0
1001
ACAD
1000
AcDbSavedByObjectVersion
1070
     0
  0
VISUALSTYLE
  5
FA
102
{ACAD_XDICTIONARY
360
29A
102
}
102
{ACAD_REACTORS
330
EF
102
}
330
EF
100
AcDbVisualStyle
  2
Dim
 70
    11
 71
     2
 72
     2
 73
     1
 90
        0
 40
-0.6
 41
-30.0
 62
     5
 63
     7
421
 16777215
 74
     1
 91
        4
 64
     7
 65
   257
 75
     1
175
     1
 42
1.0
 92
        8
 66
     7
 43
1.0
 76
     1
 77
     6
 78
     2
 67
     7
 79
     5
170
     0
171
     0
290
     0
174
     0
 93
        1
 44
-50.0
173
     0
291
     1
 45
0.0
1001
ACAD
1000
AcDbSavedByObjectVersion
1070
     0
  0
VISUALSTYLE
  5
1E6
102
{ACAD_XDICTIONARY
360
2AA
102
}
102
{ACAD_REACTORS
330
EF
102
}
330
EF
100
AcDbVisualStyle
  2
EdgeColorOff
 70
    22
 71
     2
 72
     2
 73
     0
 90
        0
 40
-0.6
 41
-30.0
 62
     5
 63
     7
421
 16777215
 74
     1
 91
        4
 64
     7
 65
   257
 75
     1
175
     1
 42
1.0
 92
        8
 66
     7
 43
1.0
 76
     1
 77
     6
 78
     2
 67
     7
 79
     5
170
     0
171
     0
290
     0
174
     0
 93
        1
 44
0.0
173
     0
291
     1
 45
0.0
1001
ACAD
1000
AcDbSavedByObjectVersion
1070
     0
  0
VISUALSTYLE
  5
FE
102
{ACAD_XDICTIONARY
360
2A2
102
}
102
{ACAD_REACTORS
330
EF
102
}
330
EF
100
AcDbVisualStyle
  2
Facepattern
 70
    15
 71
     2
 72
     2
 73
     1
 90
        0
 40
-0.6
 41
-30.0
 62
     5
 63
     7
421
 16777215
 74
     1
 91
        4
 64
     7
 65
   257
 75
     1
175
     1
 42
1.0
 92
        8
 66
     7
 43
1.0
 76
     1
 77
     6
 78
     2
 67
     7
 79
     5
170
     0
171
     0
290
     0
174
     0
 93
        1
 44
0.0
173
     0
291
     1
 45
0.0
1001
ACAD
1000
AcDbSavedByObjectVersion
1070
     0
  0
VISUALSTYLE
  5
F0
102
{ACAD_XDICTIONARY
360
286
102
}
102
{ACAD_REACTORS
330
EF
102
}
330
EF
100
AcDbVisualStyle
  2
Flat
 70
     0
 71
     2
 72
     1
 73
     1
 90
        2
 40
-0.6
 41
30.0
 62
     5
 63
     7
421
 16777215
 74
     0
 91
        0
 64
     7
 65
   257
 75
     1
175
     1
 42
1.0
 92
        8
 66
     7
 43
1.0
 76
     1
 77
     6
 78
     2
 67
     7
 79
     5
170
     0
171
     0
290
     0
174
     0
 93
       13
 44
0.0
173
     0
291
     1
 45
0.0
1001
ACAD
1000
AcDbSavedByObjectVersion
1070
     0
  0
VISUALSTYLE
  5
F1
102
{ACAD_XDICTIONARY
360
288
102
}
102
{ACAD_REACTORS
330
EF
102
}
330
EF
100
AcDbVisualStyle
  2
FlatWithEdges
 70
     1
 71
     2
 72
     1
 73
     1
 90
        2
 40
-0.6
 41
30.0
 62
     5
 63
     7
421
 16777215
 74
     1
 91
        0
 64
     7
 65
   257
 75
     1
175
     1
 42
1.0
 92
        0
 66
   257
 43
1.0
 76
     1
 77
     6
 78
     2
 67
     7
 79
     5
170
     0
171
     0
290
     0
174
     0
 93
       13
 44
0.0
173
     0
291
     1
 45
0.0
1001
ACAD
1000
AcDbSavedByObjectVersion
1070
     0
  0
VISUALSTYLE
  5
F2
102
{ACAD_XDICTIONARY
360
28A
102
}
102
{ACAD_REACTORS
330
EF
102
}
330
EF
100
AcDbVisualStyle
  2
Gouraud
 70
     2
 71
     2
 72
     2
 73
     1
 90
        2
 40
-0.6
 41
30.0
 62
     5
 63
     7
421
 16777215
 74
     0
 91
        0
 64
     7
 65
   257
 75
     1
175
     1
 42
1.0
 92
        0
 66
     7
 43
1.0
 76
     1
 77
     6
 78
     2
 67
     7
 79
     5
170
     0
171
     0
290
     0
174
     0
 93
       13
 44
0.0
173
     0
291
     1
 45
0.0
1001
ACAD
1000
AcDbSavedByObjectVersion
1070
     0
  0
VISUALSTYLE
  5
F3
102
{ACAD_XDICTIONARY
360
28C
102
}
102
{ACAD_REACTORS
330
EF
102
}
330
EF
100
AcDbVisualStyle
  2
GouraudWithEdges
 70
     3
 71
     2
 72
     2
 73
     1
 90
        2
 40
-0.6
 41
30.0
 62
     5
 63
     7
421
 16777215
 74
     1
 91
        0
 64
     7
 65
   257
 75
     1
175
     1
 42
1.0
 92
        0
 66
   257
 43
1.0
 76
     1
 77
     6
 78
     2
 67
     7
 79
     5
170
     0
171
     0
290
     0
174
     0
 93
       13
 44
0.0
173
     0
291
     1
 45
0.0
1001
ACAD
1000
AcDbSavedByObjectVersion
1070
     0
  0
VISUALSTYLE
  5
F7
102
{ACAD_XDICTIONARY
360
294
102
}
102
{ACAD_REACTORS
330
EF
102
}
330
EF
100
AcDbVisualStyle
  2
Hidden
 70
     6
 71
     1
 72
     2
 73
     2
 90
        0
 40
-0.6
 41
-30.0
 62
     5
 63
     7
421
 16777215
 74
     2
 91
        2
 64
     7
 65
   257
 75
     2
175
     1
 42
40.0
 92
        0
 66
   257
 43
1.0
 76
     1
 77
     6
 78
     2
 67
     7
 79
     3
170
     0
171
     0
290
     0
174
     0
 93
        1
 44
0.0
173
     0
291
     0
 45
0.0
1001
ACAD
1000
AcDbSavedByObjectVersion
1070
     0
  0
VISUALSTYLE
  5
1E4
102
{ACAD_XDICTIONARY
360
2A6
102
}
102
{ACAD_REACTORS
330
EF
102
}
330
EF
100
AcDbVisualStyle
  2
JitterOff
 70
    20
 71
     2
 72
     2
 73
     0
 90
        0
 40
-0.6
 41
-30.0
 62
     5
 63
     7
421
 16777215
 74
     1
 91
        4
 64
     7
 65
   257
 75
     1
175
     1
 42
1.0
 92
       10
 66
     7
 43
1.0
 76
     1
 77
     6
 78
     2
 67
     7
 79
     5
170
     0
171
     0
290
     0
174
     0
 93
        1
 44
0.0
173
     0
291
     1
 45
0.0
1001
ACAD
1000
AcDbSavedByObjectVersion
1070
     0
  0
VISUALSTYLE
  5
FD
102
{ACAD_XDICTIONARY
360
2A0
102
}
102
{ACAD_REACTORS
330
EF
102
}
330
EF
100
AcDbVisualStyle
  2
Linepattern
 70
    14
 71
     2
 72
     2
 73
     1
 90
        0
 40
-0.6
 41
-30.0
 62
     5
 63
     7
421
 16777215
 74
     1
 91
        4
 64
     7
 65
   257
 75
     7
175
     7
 42
1.0
 92
        8
 66
     7
 43
1.0
 76
     1
 77
     6
 78
     2
 67
     7
 79
     5
170
     0
171
     0
290
     0
174
     0
 93
        1
 44
0.0
173
     0
291
     1
 45
0.0
1001
ACAD
1000
AcDbSavedByObjectVersion
1070
     0
  0
VISUALSTYLE
  5
1E5
102
{ACAD_XDICTIONARY
360
2A8
102
}
102
{ACAD_REACTORS
330
EF
102
}
330
EF
100
AcDbVisualStyle
  2
OverhangOff
 70
    21
 71
     2
 72
     2
 73
     0
 90
        0
 40
-0.6
 41
-30.0
 62
     5
 63
     7
421
 16777215
 74
     1
 91
        4
 64
     7
 65
   257
 75
     1
175
     1
 42
1.0
 92
        9
 66
     7
 43
1.0
 76
     1
 77
     6
 78
     2
 67
     7
 79
     5
170
     0
171
     0
290
     0
174
     0
 93
        1
 44
0.0
173
     0
291
     1
 45
0.0
1001
ACAD
1000
AcDbSavedByObjectVersion
1070
     0
  0
VISUALSTYLE
  5
F9
102
{ACAD_XDICTIONARY
360
298
102
}
102
{ACAD_REACTORS
330
EF
102
}
330
EF
100
AcDbVisualStyle
  2
Realistic
 70
     8
 71
     2
 72
     3
 73
     0
 90
        2
 40
-0.6
 41
30.0
 62
     5
 63
     7
421
 16777215
 74
     0
 91
        0
 64
     7
 65
   257
 75
     1
175
     1
 42
1.0
 92
        8
 66
   257
 43
1.0
 76
     1
 77
     6
 78
     2
 67
     7
 79
     3
170
     0
171
     0
290
     0
174
     0
 93
       13
 44
0.0
173
     0
291
     0
 45
0.0
1001
ACAD
1000
AcDbSavedByObjectVersion
1070
     0
  0
VISUALSTYLE
  5
1F3
102
{ACAD_XDICTIONARY
360
2B4
102
}
102
{ACAD_REACTORS
330
EF
102
}
330
EF
100
AcDbVisualStyle
  2
Shaded
 70
    27
 71
     2
 72
     2
 73
     1
 90
        2
 40
-0.6
 41
30.0
 62
     5
 63
     7
421
 16777215
 74
     0
 91
        4
 64
     7
 65
   257
 75
     1
175
     1
 42
1.0
 92
        8
 66
   257
 43
1.0
 76
     1
 77
     6
 78
     2
 67
     8
425
  7895160
 79
     3
170
     0
171
     0
290
     0
174
     0
 93
        5
 44
0.0
173
     0
291
     0
 45
0.0
1001
ACAD
1000
AcDbSavedByObjectVersion
1070
     0
  0
VISUALSTYLE
  5
1F2
102
{ACAD_XDICTIONARY
360
2B2
102
}
102
{ACAD_REACTORS
330
EF
102
}
330
EF
100
AcDbVisualStyle
  2
Shaded with edges
 70
    26
 71
     2
 72
     2
 73
     1
 90
        2
 40
-0.6
 41
30.0
 62
     5
 63
     7
421
 16777215
 74
     1
 91
        2
 64
     7
 65
   257
 75
     2
175
     1
 42
1.0
 92
        8
 66
   257
 43
1.0
 76
     1
 77
     6
 78
     2
 67
     7
 79
     3
170
     0
171
     0
290
     0
174
     0
 93
        5
 44
0.0
173
     0
291
     0
 45
0.0
1001
ACAD
1000
AcDbSavedByObjectVersion
1070
     0
  0
VISUALSTYLE
  5
1EF
102
{ACAD_XDICTIONARY
360
2AC
102
}
102
{ACAD_REACTORS
330
EF
102
}
330
EF
100
AcDbVisualStyle
  2
Shades of Gray
 70
    23
 71
     2
 72
     2
 73
     3
 90
        0
 40
-0.6
 41
-30.0
 62
     5
 63
     7
421
 16777215
 74
     2
 91
        2
 64
     7
 65
     7
 75
     1
175
     1
 42
40.0
 92
        8
 66
     7
 43
1.0
 76
     1
 77
     6
 78
     2
 67
     7
 79
     3
170
     0
171
     0
290
     0
174
     0
 93
        1
 44
0.0
173
     0
291
     0
 45
0.0
1001
ACAD
1000
AcDbSavedByObjectVersion
1070
     0
  0
VISUALSTYLE
  5
1F0
102
{ACAD_XDICTIONARY
360
2AE
102
}
102
{ACAD_REACTORS
330
EF
102
}
330
EF
100
AcDbVisualStyle
  2
Sketchy
 70
    24
 71
     1
 72
     2
 73
     2
 90
        0
 40
-0.6
 41
-30.0
 62
     5
 63
     7
421
 16777215
 74
     2
 91
        2
 64
     7
 65
     7
 75
     1
175
     1
 42
40.0
 92
       11
 66
     7
 43
1.0
 76
     1
 77
     6
 78
     2
 67
     7
 79
     6
170
     0
171
     0
290
     0
174
     0
 93
        1
 44
0.0
173
     0
291
     0
 45
0.0
1001
ACAD
1000
AcDbSavedByObjectVersion
1070
     0
  0
VISUALSTYLE
  5
FC
102
{ACAD_XDICTIONARY
360
29E
102
}
102
{ACAD_REACTORS
330
EF
102
}
330
EF
100
AcDbVisualStyle
  2
Thicken
 70
    13
 71
     2
 72
     2
 73
     1
 90
        0
 40
-0.6
 41
-30.0
 62
     5
 63
     7
421
 16777215
 74
     1
 91
        4
 64
     7
 65
   257
 75
     1
175
     1
 42
1.0
 92
       12
 66
     7
 43
1.0
 76
     1
 77
     6
 78
     2
 67
     7
 79
     5
170
     0
171
     0
290
     0
174
     0
 93
        1
 44
0.0
173
     0
291
     1
 45
0.0
1001
ACAD
1000
AcDbSavedByObjectVersion
1070
     0
  0
VISUALSTYLE
  5
F6
102
{ACAD_XDICTIONARY
360
292
102
}
102
{ACAD_REACTORS
330
EF
102
}
330
EF
100
AcDbVisualStyle
  2
Wireframe
 70
     5
 71
     0
 72
     2
 73
     0
 90
        0
 40
-0.6
 41
-30.0
 62
     5
 63
     7
421
 16777215
 74
     1
 91
        4
 64
     7
 65
   257
 75
     1
175
     1
 42
1.0
 92
        0
 66
   257
 43
1.0
 76
     1
 77
     6
 78
     2
 67
     7
 79
     3
170
     0
171
     0
290
     0
174
     0
 93
        1
 44
0.0
173
     0
291
     0
 45
0.0
1001
ACAD
1000
AcDbSavedByObjectVersion
1070
     0
  0
VISUALSTYLE
  5
1F1
102
{ACAD_XDICTIONARY
360
2B0
102
}
102
{ACAD_REACTORS
330
EF
102
}
330
EF
100
AcDbVisualStyle
  2
X-Ray
 70
    25
 71
     2
 72
     2
 73
     1
 90
        1
 40
0.5
 41
-30.0
 62
     5
 63
     7
421
 16777215
 74
     1
 91
        0
 64
     7
 65
   257
 75
     1
175
     1
 42
1.0
 92
        8
 66
     7
 43
1.0
 76
     1
 77
     6
 78
     2
 67
     7
 79
     3
170
     0
171
     0
290
     0
174
     0
 93
       13
 44
0.0
173
     0
291
     0
 45
0.0
1001
ACAD
1000
AcDbSavedByObjectVersion
1070
     0
  0
DICTIONARYVAR
  5
146
102
{ACAD_REACTORS
330
5E
102
}
330
5E
100
DictionaryVariables
280
     0
  1
1:1
  0
DICTIONARYVAR
  5
259
102
{ACAD_REACTORS
330
5E
102
}
330
5E
100
DictionaryVariables
280
     0
  1
3.500000
  0
DICTIONARYVAR
  5
25A
102
{ACAD_REACTORS
330
5E
102
}
330
5E
100
DictionaryVariables
280
     0
  1
acadiso.lin
  0
DICTIONARYVAR
  5
145
102
{ACAD_REACTORS
330
5E
102
}
330
5E
100
DictionaryVariables
280
     0
  1
STANDARD
  0
DICTIONARYVAR
  5
84
102
{ACAD_REACTORS
330
5E
102
}
330
5E
100
DictionaryVariables
280
     0
  1
STANDARD
  0
DICTIONARYVAR
  5
227
102
{ACAD_REACTORS
330
5E
102
}
330
5E
100
DictionaryVariables
280
     0
  1
Metric50
  0
DICTIONARYVAR
  5
228
102
{ACAD_REACTORS
330
5E
102
}
330
5E
100
DictionaryVariables
280
     0
  1
Metric50
  0
DICTIONARYVAR
  5
5F
102
{ACAD_REACTORS
330
5E
102
}
330
5E
100
DictionaryVariables
280
     0
  1
2
  0
DICTIONARYVAR
  5
63
102
{ACAD_REACTORS
330
5E
102
}
330
5E
100
DictionaryVariables
280
     0
  1
1
  0
DICTIONARYVAR
  5
1AE
102
{ACAD_REACTORS
330
5E
102
}
330
5E
100
DictionaryVariables
280
     0
  1
0
  0
DICTIONARYVAR
  5
1AF
102
{ACAD_REACTORS
330
5E
102
}
330
5E
100
DictionaryVariables
280
     0
  1
0
  0
DICTIONARYVAR
  5
27B
102
{ACAD_REACTORS
330
5E
102
}
330
5E
100
DictionaryVariables
280
     0
  1
2
  0
DICTIONARY
  5
285
102
{ACAD_REACTORS
330
283
102
}
330
283
100
AcDbDictionary
281
     1
  0
DICTIONARY
  5
284
102
{ACAD_REACTORS
330
283
102
}
330
283
100
AcDbDictionary
281
     1
  3
1923465580128
350
27E
  3
1923465580144
350
27F
  3
1923465580160
350
280
  3
1923465580176
350
281
  3
1923465580192
350
282
  0
DICTIONARY
  5
236
330
21C
100
AcDbDictionary
280
     1
281
     1
  3
ACAD_XREC_ROUNDTRIP
360
2B7
  0
DICTIONARY
  5
205
330
22
100
AcDbDictionary
280
     1
281
     1
  0
DICTIONARY
  5
1F9
330
ED
100
AcDbDictionary
280
     1
281
     1
  3
FBXASSET
360
1FA
  0
DICTIONARY
  5
1F7
330
EC
100
AcDbDictionary
280
     1
281
     1
  3
FBXASSET
360
1F8
  0
DICTIONARY
  5
173
330
EE
100
AcDbDictionary
280
     1
281
     1
  3
BUMPTILE
360
175
  3
DIFFUSETILE
360
174
  3
FBXASSET
360
1FB
  3
OPACITYTILE
360
176
  3
REFLECTIONTILE
360
177
  0
DICTIONARY
  5
234
330
21A
100
AcDbDictionary
280
     1
281
     1
  3
ACAD_XREC_ROUNDTRIP
360
2B6
  0
DICTIONARY
  5
162
330
7F
100
AcDbDictionary
280
     1
281
     1
  3
ACAD_ROUNDTRIP_2008_TABLESTYLE_CELLSTYLEMAP
360
27C
  0
DICTIONARY
  5
290
330
F5
100
AcDbDictionary
280
     1
281
     1
  3
ACAD_XREC_ROUNDTRIP
360
291
  0
DICTIONARY
  5
28E
330
F4
100
AcDbDictionary
280
     1
281
     1
  3
ACAD_XREC_ROUNDTRIP
360
28F
  0
DICTIONARY
  5
29C
330
FB
100
AcDbDictionary
280
     1
281
     1
  3
ACAD_XREC_ROUNDTRIP
360
29D
  0
DICTIONARY
  5
2A4
330
FF
100
AcDbDictionary
280
     1
281
     1
  3
ACAD_XREC_ROUNDTRIP
360
2A5
  0
DICTIONARY
  5
296
330
F8
100
AcDbDictionary
280
     1
281
     1
  3
ACAD_XREC_ROUNDTRIP
360
297
  0
DICTIONARY
  5
29A
330
FA
100
AcDbDictionary
280
     1
281
     1
  3
ACAD_XREC_ROUNDTRIP
360
29B
  0
DICTIONARY
  5
2AA
330
1E6
100
AcDbDictionary
280
     1
281
     1
  3
ACAD_XREC_ROUNDTRIP
360
2AB
  0
DICTIONARY
  5
2A2
330
FE
100
AcDbDictionary
280
     1
281
     1
  3
ACAD_XREC_ROUNDTRIP
360
2A3
  0
DICTIONARY
  5
286
330
F0
100
AcDbDictionary
280
     1
281
     1
  3
ACAD_XREC_ROUNDTRIP
360
287
  0
DICTIONARY
  5
288
330
F1
100
AcDbDictionary
280
     1
281
     1
  3
ACAD_XREC_ROUNDTRIP
360
289
  0
DICTIONARY
  5
28A
330
F2
100
AcDbDictionary
280
     1
281
     1
  3
ACAD_XREC_ROUNDTRIP
360
28B
  0
DICTIONARY
  5
28C
330
F3
100
AcDbDictionary
280
     1
281
     1
  3
ACAD_XREC_ROUNDTRIP
360
28D
  0
DICTIONARY
  5
294
330
F7
100
AcDbDictionary
280
     1
281
     1
  3
ACAD_XREC_ROUNDTRIP
360
295
  0
DICTIONARY
  5
2A6
330
1E4
100
AcDbDictionary
280
     1
281
     1
  3
ACAD_XREC_ROUNDTRIP
360
2A7
  0
DICTIONARY
  5
2A0
330
FD
100
AcDbDictionary
280
     1
281
     1
  3
ACAD_XREC_ROUNDTRIP
360
2A1
  0
DICTIONARY
  5
2A8
330
1E5
100
AcDbDictionary
280
     1
281
     1
  3
ACAD_XREC_ROUNDTRIP
360
2A9
  0
DICTIONARY
  5
298
330
F9
100
AcDbDictionary
280
     1
281
     1
  3
ACAD_XREC_ROUNDTRIP
360
299
  0
DICTIONARY
  5
2B4
330
1F3
100
AcDbDictionary
280
     1
281
     1
  3
ACAD_XREC_ROUNDTRIP
360
2B5
  0
DICTIONARY
  5
2B2
330
1F2
100
AcDbDictionary
280
     1
281
     1
  3
ACAD_XREC_ROUNDTRIP
360
2B3
  0
DICTIONARY
  5
2AC
330
1EF
100
AcDbDictionary
280
     1
281
     1
  3
ACAD_XREC_ROUNDTRIP
360
2AD
  0
DICTIONARY
  5
2AE
330
1F0
100
AcDbDictionary
280
     1
281
     1
  3
ACAD_XREC_ROUNDTRIP
360
2AF
  0
DICTIONARY
  5
29E
330
FC
100
AcDbDictionary
280
     1
281
     1
  3
ACAD_XREC_ROUNDTRIP
360
29F
  0
DICTIONARY
  5
292
330
F6
100
AcDbDictionary
280
     1
281
     1
  3
ACAD_XREC_ROUNDTRIP
360
293
  0
DICTIONARY
  5
2B0
330
1F1
100
AcDbDictionary
280
     1
281
     1
  3
ACAD_XREC_ROUNDTRIP
360
2B1
  0
XRECORD
  5
27E
102
{ACAD_REACTORS
330
284
102
}
330
284
100
AcDbXrecord
280
     1
  1
AcDb_Thumbnail_Schema
102
{ATTRRECORD
341
27F
  2
AcDbDs::TreatedAsObjectData
280
     1
291
     1
102
ATTRRECORD}
102
{ATTRRECORD
341
280
  2
AcDbDs::Legacy
280
     1
291
     1
102
ATTRRECORD}
  2
AcDbDs::ID
280
    10
 91
        8
102
{ATTRRECORD
341
281
  2
AcDs:Indexable
280
     1
291
     1
102
ATTRRECORD}
102
{ATTRRECORD
341
282
  2
AcDbDs::HandleAttribute
280
     7
282
     1
102
ATTRRECORD}
  2
Thumbnail_Data
280
    15
 91
        0
  0
XRECORD
  5
27F
102
{ACAD_REACTORS
330
284
102
}
330
284
100
AcDbXrecord
280
     1
  1
AcDbDs::TreatedAsObjectDataSchema
  2
AcDbDs::TreatedAsObjectData
280
     1
 91
        0
  0
XRECORD
  5
280
102
{ACAD_REACTORS
330
284
102
}
330
284
100
AcDbXrecord
280
     1
  1
AcDbDs::LegacySchema
  2
AcDbDs::Legacy
280
     1
 91
        0
  0
XRECORD
  5
281
102
{ACAD_REACTORS
330
284
102
}
330
284
100
AcDbXrecord
280
     1
  1
AcDbDs::IndexedPropertySchema
  2
AcDs:Indexable
280
     1
 91
        0
  0
XRECORD
  5
282
102
{ACAD_REACTORS
330
284
102
}
330
284
100
AcDbXrecord
280
     1
  1
AcDbDs::HandleAttributeSchema
  2
AcDbDs::HandleAttribute
280
     7
 91
        1
284
     1
  0
XRECORD
  5
2B7
102
{ACAD_REACTORS
330
236
102
}
330
236
100
AcDbXrecord
280
     1
102
DISPLAYNAME
  1
Metric50
102
FLAGS
 90
        0
  0
XRECORD
  5
1FA
102
{ACAD_REACTORS
330
1F9
102
}
330
1F9
100
AcDbXrecord
280
     1
 70
     1
 90
429727718
  1
D62C5603-E3A1-4AEA-B7FB-FE5D8D0755AF
310
504B03040A0000080000CC70623B3DEE336E79000000790000001B0000006175746F6465736B2D64657369676E2D7061636B6167652E786D6C3C3F786D6C2076657273696F6E3D22312E302220656E636F64696E673D227574662D3822203F3E3C666F726D6174733E3C666F726D61743E687474703A2F2F736368656D612E
310
6175746F6465736B2E636F6D2F64657369676E2D7061636B6167652F323030393C2F666F726D61743E3C2F666F726D6174733E504B0304140006080800CC70623BD486FD9CA0000000F4000000130000005B436F6E74656E745F54797065735D2E786D6C7D8EC10E82300C865F65E91D8A1E8C310C0EEA1BF002731658846E
310
D98AC1B77784ABF1D8FE5FBFBF75BBCE937A534CCEB38643598122B6FEE978D0B0485F9C41B54DDD7D022595594E1A469170414C76A4D9A4D207E29CF43ECE46F218070CC6BECC4078ACAA135ACF422C856C0E68EA1BF5669944DDD7BCDE7B1F8E415D77AECB980613C2E4AC91FC167A2B244592486606FC29C8FD7F045B9A
310
EF7053A7E60B504B0304140006080800CC70623B853B8169EB0000007C01000008000000636F72652E786D6C8D90416EC3201045AF62CDB6C206821CC7C244919D9CA01740401C94182C03558F5F9C3852BBEB6A467FFE9B197D7EFC9E1EC5975982F5AE035262288C535E5B377690E21535501C055FBC8FBF6C503839990E
310
5619041F179FE64D52DE45E362569DD7661365082642A11EB9E920A89B99642953CC8E702F67A9EE7234257977194EC9EAE275C4EABCCF5EAD5940D4AC6F0E35A568B8F43562CD7046CD199FD07E60174276A7BE677B5EADB0E0D14EEFFB6A31321A0D82627C4084204C3F096B71DD52F6819B16635EADF63F509AF53FA164
310
5DDCD1EDDD17164090FCC8732078B56691CB33A85CD7DCC40F504B0304140006080800CC70623B55019EA25F0000007C00000007000000636E782E786D6C4DCB3B0E80201045D1AD90E915ED2CF8AC45050C11660C8261F98AB1B07AC9C97D42D718D865D3E909258CFD00CCE24AC6E326A164D74DC0B4128928FF32603847
310
2BA13128B1252AC747C6BAB984FC68F0B87FE8960A5C09FE86CFB69FBA01504B0304140006080800CC70623BDBABAAF470010000D40300000C0000006662782F636F72652E786D6CC553D16E823014FD95A6AF4B694182CC941A83FA05FB810A9511A125A5257EFE2E82712ECEB8A7F100CD39F7F69E734AF9FADC366850B6
310
AF8DCE7018308C942E4C59EB2AC3DE1D498AD15A706B8CFB56869196ADCAF00863C12B6B7C374385D14E6907A836A59A41D9F7CA615434B0C8705F7CAA5606D23BA8E84F41278B93AC54100640439DE0BDB320004D43C63716C7C399D30917DCFBBA9CD9BA8469F5B156168B24CED3F7248AC8769F27244EB73B92EED8862C
310
B7F13E0C179B3C8F979C8ECD82BBBABDAA2BAC924E9558448CBD9330242CFA08E3154B5651FCC6D215639C8EE5774DBE2B5F6CF2B5768B68963BB5F5588420E442FC700B1139D4CB01F450C1E918227C2E09DF070D8140C84E1E9AAB8F1340832A9CB13130A5F1376A908D57309505ECF2A0DF179C4E9D30F5B239B87E3823
310
7A79C6F31DE1A8A5AEC08474B03C7837EAE4938639B44E5932B833D2C6B6B279CDC613877FA26EE21F4A2A4C63EC7F29A2F301D1F9F7A0E37D145F504B0304140006080800CC70623B9C113CC27E0000009D0000000B0000006662782F636E782E786D6C4DCCDF0A83201C86E15B91DFB94BFB330DD428C8FB886521330DA7
310
6397BF1A1DECE883878F57749FCDA1B7892F1BBC047A23808C7F84D9FA55424E0BE6803A256208E9EF06C84F9B91703228B1C690F78B66B34CD9A5439DF5CF0BFBF65E35BCA1B8D6A5C6F540381E886698B5741C695F9503EBA150A2F8958E3DC3EA0B504B0304140006080800CC70623B7DF2F77C2A010000120200003100
310
00006662782F41393633353835312D344632462D344230382D423046372D3739314545314133324237412F636F72652E786D6C8D51DB8EC22014FC15C2939B0D2DB4B45643319AE817EC0F6041255A68B86CFCFC856D4D76DF7CE190393373060EDB3DC707F856CE6B6B7A480A0C81328395DA5C7B18C3057510EC3873D686
310
3F34088C18550F330C39BB3A1BA7051AAC09CA84841A2BD5020AEF55806078A44B0FFD7053A328440C89E1EFC52486BBB8AA8214A99D789CF9E05200300FC927E4FB4D5B375D43103D5527440FB843077C5AA3F5861C8F645F5787F59E95B390B318B55CE45AA638FAA2957BD7248B390B7A7CC51F9C124149C82B8C378810
310
84AB2F42B7B8DD56F413775B8C5999E9FF4471926F8AA236A1AE96B8B3CC434E5839373893369E1FAF30EA395917409EB7F26AF8801C171837A4A6AC9C89E9F9C9B1A58BA30FD6A5EF5DDDCF894B9AD9B6A59C957943A9FCAE2FD5BC4DFE03504B0304140006080800CC70623BAD7543B64E01000033030000300000006662
310
782F41393633353835312D344632462D344230382D423046372D3739314545314133324237412F636E782E786D6CD593CD6EC32010845F0571AD6CE3D48AD20813A9873E410FBD12D82434182C7EAAE6EDBB2424CD25871E7B41D6EC30B3FA84F9E67BB2E40B4234DE8DB46F1925E094D7C6ED479AD3AE5951B2113C789FEE
310
6C943839C1488B4C05DF079FE72A69D8C96C13AAD6B8631503449F83828872B949AC57D26200B826A308D316B4064D6E46FCDA41C05550DC9E483A00797BFD207EFB092A45DE9514C1BBD22178396BD39D891265658C238DEA00936C654E5E433CB65A26D9F6EDB5EBC14EBF49A45CB856E66048291F6939A9A81BB5C89177
310
38143CA680F4AA299D66A042CEB3354A2684DC9D8D178FE0D9B8B41CAAD720F880EE7EF93C0C18769E099ECC04D5A102C8049A8A05632F4DDF376CF1DE0F6BB65C2F8627B65A33C6BB62177CEBBDAD973006829F89F22E814B54F4BC2BE347F8AA8F681390B50FA73F804400B5F542E796F19FF974E7F78DB802FE05E20750
310
4B0304140006080800CC70623BE75B7789680500003C100000340000006662782F41393633353835312D344632462D344230382D423046372D3739314545314133324237412F6F626A656374732E786D6CAD575B8F9B3818FD2B887D06C22499CB8AA1CA655245D5B455A356FB305264C061D8018C6C3393D95FBFC7600890
310
A4CD5EF210B0B1BFEBF98E3F7B1FF6596ABC522E1296DF9BAE3D320D9A872C4AF2F8DE2CE5CEBA358D0FBEC719939D65A691938CDE9B6ADAF4BD98B3B2D05311DD91329583D9D5FC0F438434A7A611A644887B5384CF34233629258BA878B12322891DEFF6B66BD70BFB62634E8AE781D082709A4B588AF91C528CDA28B73F
310
1C998EEF39EABBEFA97FBD6A7C7E9553F9D3D79FE442923C3C523610337627CB87ABE99D359D4CC6D6E4FACAB5E6ABF9D2726FC6A3C5F56271377BB88362213924694B38DD99FE47C48627A1E7D49F5A8BB5E1A74C0A599ED3B0F21F1E56366B89112D681E218F0915D0D6F17AD41FBA2A369DCF6335D62ABBD39779D5DDD1
310
11D4D8DE3CBB96B2E04FB8202E41051754A1AA8E8F76B4C6DFE810B580B1547F4B84911149794252234D024EF8BBE963A95AE27B3D310A9D5C215C7960FAEE415ED75694C6AFB17BCACA5D99A60A9AA65F217B0BFC53292ACB92BF283FAD0D3621576592CB5BED907C2FA8E9DF794E35E97BEA31BED21FEB401ABB94C44839
310
DCACBF0E1C5DA8DA5B2F4DFFD32AD86F543D9E565E7056502E157C00AD2671CD534549AB752FCA9CDA00677A313F04E51B22FF19E57B300579E3C97EB29F682D92935CEC18CF901B7B54FD8C51F362B56FC72FE0B3C1EAE335EDCCBF5AEC39ADB17DC238973F804BA5E6F6BFE7AF1FB32E523BE9F3BD571418E3631DCA4D48
310
5250CF639223210A9446CA30052EDF057BD35F8329C1ECD84552BF0DC8D18BE7BCE23BFE6BD960AB4A7DE79923A103BEBD80F911CBAA2C60DB19B01CF164A5583B772EE6D3FFA56666CBCDA74DC97724A48F9A58967497E489C4D979006FD7A05E227A1EBDD0F737C623387A9C844D3709995625106D157315F8B8392CD4E0
310
A0B9A720C4BE9829CEF37EA1E13111214D53925356365ADA634861B52519DD27A00AEB808EAF0628E6F435519D446F45CF2C9CF5214F0A15B2F6D06B79DA3EE3CBF7F56780D2F4E7EF73A0F5E5B02A38D07DC852C6B7C1FBB6664213E0C39E3EBA7FF4E1AD23EA2829407C85E586727488B751B2DB9502BC7B228A3FD68B6E
310
A65A22397E690AA8D158D7E404EC8CDA235CC3B7D1898680131CEC2CDF2638C65196279577750F15884AEE19F94199155B92B13297978469D4F8D358DF0AEF7631E28DC8F0D9F437D5D39A83B2231A1D52D543813A824EF8D44BCFF2FA6A31BD1E8DAD87F1CCB526B3879935BF59CDADD5C37479BB1CDD4CA7B3556B516589
310
EF352754B706114D9C885EC9131DE6EFEB43D99AFE2391C2F958179413D7CFEF6B1B6DB1E7600F00DE6E5C67454A339A4BA2E0FBA85ED26F045D454F463DBFCE484C2F90F2E5E3666003662ED8F755951A7D1BECD5B30B550B2785C8E7320B7292A4838DDA71BBC863ED7613CAF659337A3354231D4FF4A182A54904C2898C
310
98B28C4AD0CE056CCF332A80986E571EE9DBC305BB5FEB7E509220A58D25CF042D712A806AC0AD0C657FDEF80D2D9CEAA2EE4D1C76F60BFE74219A06527D6F82DF6412526107381E55E353090704D085B52408A8913C4ED159D79BDA71BB4BC506F4831350EB6F975CD22D69BF7AC49B91A2C0A9DDA3D5CA36AD20FC478E37
310
E61844E2352865EBCB61A275A65283CAAA9DD27703B4102F5AF51EF5F573B75CBB5AD38BC845F7A49F82A0966A49C2E3EA5EA0ECD326CD965F1DB402C6FA8B51A4658C5C5E2EC9E214602E55810345408596591009A82E7E7FFACA19EEA299B14A0081A705CB3296EBC14CDF658DCD336EA6D1136881AAEB87B81AB9EE53D5
310
F5EB8BC8362082DA24122F98680A4E7930C01A0079749CEA14382A0783E5EBA5A10F8C098456A03D6A4AEB6BB881E2513747552A5DB22C7EDAF83BD5528081A365F7FF06504B0304140006080000CC70623B000000000000000000000000350000006662782F41393633353835312D344632462D344230382D423046372D37
310
39314545314133324237412F76657274696365732E62696E504B0304140006080800CC70623BF270F1330600000004000000360000006662782F41393633353835312D344632462D344230382D423046372D3739314545314133324237412F747269616E676C65732E62696E636660600000504B0304140006080000CC7062
310
3B000000000000000000000000370000006662782F41393633353835312D344632462D344230382D423046372D3739314545314133324237412F617474726962757465732E62696E504B0304140006080800CC70623B08DA0BD19000000041010000360000006662782F41393633353835312D344632462D344230382D4230
310
46372D3739314545314133324237412F6469726563746F72792E786D6C858F410AC3201045AF22B36F53E9A60B35CBEEBAE80D244E44489C6234F4F835464A48035D0DF398FF9F8AF63D0E6CC63039F212F8F9020C7D47C6792B21C5FE7403D62A1188E2E60C98D7234A5830286103A55745067B9D86B8A3CF9C7F90C11DE6
310
07FB144396D7B6A82D282E9A152AD114D5EF2CB866EEE831B8EEA07A7BB5A8D7D61A2BAAEB7FD5F70921FF497D00504B0304140006080800CC70623BEDD1DC58FD000000A00100003B0000006662782F41393633353835312D344632462D344230382D423046372D3739314545314133324237412F7265736F75726365732F
310
636F72652E786D6C8D504B6E833010BD0A9A6D65B00922041947112427E8052C33A156828DFCA97AFC9A40A576D7CDCCE87D344F8F9FBFE667F689CE6B6B3A6039850C8DB2A336530731DC4903D95970676DF82583CCC8193B5861107C72362E3BA4AC096842428D1D7107A5F7182053CF7474E0D507CE32973124857FE48B
310
540F3961CEF244279DE03EB81420DB9EAC1384436FA353E879B1B182C7A8C75DA3C7F453DF353A1075D537A7BA6464B8F535A99AE14A9A2BBD90E350DD183B5CFABE3AF262350B1EF4FC9351399401471025A527C218A1E53BAB5A5AB765F5469B96525EACF23FA6B88CFF34456DC2A1DCE36E360F82A5202F42F062ED2BAD
310
579969AFDD8A6F504B010214000A0000080000CC70623B3DEE336E79000000790000001B00000000000000000000000000000000006175746F6465736B2D64657369676E2D7061636B6167652E786D6C504B01021400140006080800CC70623BD486FD9CA0000000F40000001300000000000000000000000000B20000005B
310
436F6E74656E745F54797065735D2E786D6C504B01021400140006080800CC70623B853B8169EB0000007C010000080000000000000000000000000083010000636F72652E786D6C504B01021400140006080800CC70623B55019EA25F0000007C000000070000000000000000000000000094020000636E782E786D6C504B
310
01021400140006080800CC70623BDBABAAF470010000D40300000C00000000000000000000000000180300006662782F636F72652E786D6C504B01021400140006080800CC70623B9C113CC27E0000009D0000000B00000000000000000000000000B20400006662782F636E782E786D6C504B01021400140006080800CC70
310
623B7DF2F77C2A010000120200003100000000000000000000000000590500006662782F41393633353835312D344632462D344230382D423046372D3739314545314133324237412F636F72652E786D6C504B01021400140006080800CC70623BAD7543B64E010000330300003000000000000000000000000000D2060000
310
6662782F41393633353835312D344632462D344230382D423046372D3739314545314133324237412F636E782E786D6C504B01021400140006080800CC70623BE75B7789680500003C10000034000000000000000000000000006E0800006662782F41393633353835312D344632462D344230382D423046372D3739314545
310
314133324237412F6F626A656374732E786D6C504B01021400140006080000CC70623B0000000000000000000000003500000000000000000000000000280E00006662782F41393633353835312D344632462D344230382D423046372D3739314545314133324237412F76657274696365732E62696E504B01021400140006
310
080800CC70623BF270F133060000000400000036000000000000000000000000007B0E00006662782F41393633353835312D344632462D344230382D423046372D3739314545314133324237412F747269616E676C65732E62696E504B01021400140006080000CC70623B0000000000000000000000003700000000000000
310
000000000000D50E00006662782F41393633353835312D344632462D344230382D423046372D3739314545314133324237412F617474726962757465732E62696E504B01021400140006080800CC70623B08DA0BD1900000004101000036000000000000000000000000002A0F00006662782F41393633353835312D344632
310
462D344230382D423046372D3739314545314133324237412F6469726563746F72792E786D6C504B01021400140006080800CC70623BEDD1DC58FD000000A00100003B000000000000000000000000000E1000006662782F41393633353835312D344632462D344230382D423046372D3739314545314133324237412F7265
310
736F75726365732F636F72652E786D6C504B0506000000000E000E0080040000641100000000
  0
XRECORD
  5
1F8
102
{ACAD_REACTORS
330
1F7
102
}
330
1F7
100
AcDbXrecord
280
     1
 70
     1
 90
429727718
  1
30362254-06B7-45E0-A893-8CFA70E3D6BC
310
504B03040A0000080000CC70623B3DEE336E79000000790000001B0000006175746F6465736B2D64657369676E2D7061636B6167652E786D6C3C3F786D6C2076657273696F6E3D22312E302220656E636F64696E673D227574662D3822203F3E3C666F726D6174733E3C666F726D61743E687474703A2F2F736368656D612E
310
6175746F6465736B2E636F6D2F64657369676E2D7061636B6167652F323030393C2F666F726D61743E3C2F666F726D6174733E504B0304140006080800CC70623BD486FD9CA0000000F4000000130000005B436F6E74656E745F54797065735D2E786D6C7D8EC10E82300C865F65E91D8A1E8C310C0EEA1BF002731658846E
310
D98AC1B77784ABF1D8FE5FBFBF75BBCE937A534CCEB38643598122B6FEE978D0B0485F9C41B54DDD7D022595594E1A469170414C76A4D9A4D207E29CF43ECE46F218070CC6BECC4078ACAA135ACF422C856C0E68EA1BF5669944DDD7BCDE7B1F8E415D77AECB980613C2E4AC91FC167A2B244592486606FC29C8FD7F045B9A
310
EF7053A7E60B504B0304140006080800CC70623B1EC5D7A3EB0000007C01000008000000636F72652E786D6C8D90416EC3201045AF82665B6103C6756C6122AB4D4ED00B204C5C94182C03558F5F9C3852BBEB6A467FFE9B197D71FC9E6FE8CBACC17AD7032D0820E3B41FAD9B7A48F1820F808E52ACDEC75F36404ECDA687
310
4D0629A6D5A76597B477D1B89855E747B38B2A041301E95B6E7A08FAD3CCAA50296647B8168BD2573599823EBB0CA76447F43862C7BCCF5EAC59410E4DDD9C7973C2755553CCCFA4C603E3040F1565ED3B1FDE4E432BCA0D9622DAF9795FAF464533826484B498524CD807E51D79ED187F21878E10516EF63F505AC67F42C9
310
BA58B1FDDD071640D2FCC87D2045B96591CB3DA85CB7DCE40F504B0304140006080800CC70623B55019EA25F0000007C00000007000000636E782E786D6C4DCB3B0E80201045D1AD90E915ED2CF8AC45050C11660C8261F98AB1B07AC9C97D42D718D865D3E909258CFD00CCE24AC6E326A164D74DC0B4128928FF32603847
310
2BA13128B1252AC747C6BAB984FC68F0B87FE8960A5C09FE86CFB69FBA01504B0304140006080800CC70623B8C9102E971010000D40300000C0000006662782F636F72652E786D6CC5535B6E833010BC8AE5DF0A6C08340F1947A84D4ED00B38C6A128602363A31CBFCB234A53A551FA553EC09AD9F5CE8C31DB9E9B1AF5CA
310
7695D1198E428A91D2D214952E33ECDD315861B4E5CC1AE3BE9561A445A3323CC098B3D21ADFCE9034DA29ED00D5A6503328BA4E398C640D8B0C77F253352214DE4145770A5B214FA2546114020D759C75CE8200340D19DE981F0F6746269C33EFAB6266AB02A655C74A59CCF365BADC27CB5D902ED22848F6340DF238A141
310
BE88E2F57B92BFEDF23523433367AE6A2EEAA455C2A902F398D2751045018D3FA264435F3771F242571B4A1919CA6F9A7C5B3CD9E42BED16F12C776AEB308F40C848FC700B1139D4891EF410CEC810227CC6846F8386402064270EF5C5C709A05E49676C024C61FC95EA45ED154CA5211D1FF4FB8291A913A68E9B83EBBB33
310
E2A7673CDE118E5AE8124C0807CB8377834E366998436B950D7A7746DAD846D4CFD978E0F04FD455FC5D49D2D4C6FE9722321F10997F0F32DC47FE05504B0304140006080800CC70623BFFEA85907E0000009D0000000B0000006662782F636E782E786D6C4DCCD10A83201886E15B91FFDC95D95A811AB6F23E625948A6C3
310
E9D8E5AF46073BFAE0E1E365ED67B3E8ADC3CB78C7815C7240DA3DFC64DCC221C519D7805AC182F7F1EF06C88D9BE6703008B6049F9E274D7A1E938DBB5AE3D6131B2589BA0D3D965551E0B2EA732C9B9A624AAEB41E3A557677029960D9AFB4EF11165F504B0304140006080800CC70623B4FEEA4082C0100001202000031
310
0000006662782F39464131463745442D413632322D343644302D413938332D3331353338454246344243312F636F72652E786D6C8D515B6EC32010BC0AE2AB55850DD871ED0813254D72825EC00192A2C460F1A872FC42ED48ED5F7E00CDCECCCEB26C731F6FE05B39AFADE921293004CA082BB5B9F43086336A21D870E6AC
310
0D7F68109861543DCC30E4ECE26C9C164858139409093556AA051CBC570102714B8F1E7AF1A5C6A11862480C7F2DA6415C878B2A4891CA89C7990F2E050073937C42DE1DB7E4F87ED8A36D4329AA9B3D46DBAEAD504556557BD81DEBDD0761E52CE42C462D17B996298E3E6BE59E35C962CE821E1FF18553435012728A7187
310
0841987E927A8D9B35ADDF70BBC6989599FE4F1427F9A4286A132ABAC49D651EF234CD5CE04CDA78BA3DC2A8FB645D00B9DF8B57E215725C60BCA2A463E54C4CE327C7A65E1C7DB02E7DEFCBF594B864C5CA6CDBD49C957943E9FA5D5FBAF336F90F504B0304140006080800CC70623BAD7543B64E01000033030000300000
310
006662782F39464131463745442D413632322D343644302D413938332D3331353338454246344243312F636E782E786D6CD593CD6EC32010845F0571AD6CE3D48AD20813A9873E410FBD12D82434182C7EAAE6EDBB2424CD25871E7B41D6EC30B3FA84F9E67BB2E40B4234DE8DB46F1925E094D7C6ED479AD3AE5951B2113C
310
789FEE6C943839C1488B4C05DF079FE72A69D8C96C13AAD6B8631503449F83828872B949AC57D26200B826A308D316B4064D6E46FCDA41C05550DC9E483A00797BFD207EFB092A45DE9514C1BBD22178396BD39D891265658C238DEA00936C654E5E433CB65A26D9F6EDB5EBC14EBF49A45CB856E66048291F6939A9A81BB5
310
C8917738143CA680F4AA299D66A042CEB3354A2684DC9D8D178FE0D9B8B41CAAD720F880EE7EF93C0C18769E099ECC04D5A102C8049A8A05632F4DDF376CF1DE0F6BB65C2F8627B65A33C6BB62177CEBBDAD973006829F89F22E814B54F4BC2BE347F8AA8F681390B50FA73F804400B5F542E796F19FF974E7F78DB802FE05
310
E207504B0304140006080800CC70623B16AB87BA640500003C100000340000006662782F39464131463745442D413632322D343644302D413938332D3331353338454246344243312F6F626A656374732E786D6CAD575B6FA33818FD2B887DE6924B3BED8A326A92B68A663B534DD4D13E548A0C38942D60649B369D5FBFC7
310
600890A493BDE42160637FD7F31D7FF63E6FB3D478A55C242CBF3247B66B1A340F5994E4F19559CA8D75611A9F7D8F33263BCB4C232719BD32D5B4E97B316765A1A722BA21652A07B3B7B33F0D11D29C9A46981221AE4C113ED38CD8A4942CA2E2C58E882476BCD9DA23BB5ED8171B73523C0F841684D35CC252CCE79062D4
310
468DFA43D7747CCF51DF7D4FFDEB5593E3AB9CCA9FBEFE241792E4E19EB28198C968BAB8199F5D5A67D3E9C49A9E8F47D6EC76B6B0469F26EEFC7C3EBFBCBEB98462213924694B38DD98FE1D62C393D073EA4FADC5DAF04326852CCF6958F90F0F2B9BB5C48816348F90C7840A68EB78EDF68723159BCEE7891A6B95DDE9D3
310
BCEAEEE8086A6C6F9E5D4B59F0175C10A7A0820BAA5055C7473B5AE3CFDD452D602CD5DF12616444529E90D448938013FE6EFA58AA96F85E4F8C42275708571E98FE6827AF6B2B4AE3D7D83D64E5A64C53054DD3AF90BD06FEA9149565C94FCA0F6B834DC85599E4F2423B24DF0B6AFA979E534DFA9E7A4CC6FA631D486393
310
921829879BF5D781A373557BCB85E97FB90DB62B558F8795179C15944B051F40AB495CF35451D26A4727654E6D8033BD98EF82F21D91FF8AF2DD9982BCF1643BDD4EB516C9492E368C67C88DED563FC36D5EACF66DFF057C3658BDBFA69DF9578B3DA735B64F18C7F20770A9D45CFCF7FCF563D6456A277DBEF78A02637CA2
310
43B90A490AEAB94F72244481D24819A6C0E59B606BFA4B3025981DBB48EAB701D97BF19C577CC77F2D1B6C55A9EF3C732474C0B727303F625995056C3B02963D9EAC146BE78EC5FCEC7FA999EBC5EACBAAE41B12D27B4D2C0BBA49F244E2ECDC81B76B502F113D8F5EE8FB1BE3111CDD4FC2AA9B844CAB1288B68AB90A7CDC
310
1C166AB0D3DC5310625FCC14E779BFD0709F8890A629C9292B1B2DED31A4B0DA928CEE135085754027E3018A397D4D5427D15BD1330B677DC8934285AC3DF45A9EB68FF8F2B8FC0A509AFEECFD0FF2DE25CC6047F7214B195F07EFEB9A094D800F7BFAE8FED187B78EA8A3A400F115961BCAD1215E47C966530AF0EE8128FE
310
58CEBB996A8964FFA529A046635D9353B0336A8F700DDF46271A024E70B0B37C9DE01847591E54DED53D54202AB947E4076556AC49C6CA5C9E1226B7F1A7B1BE15DEED62C41B91E1B3E9AFAAA735036547343A925075041DF0A9979E893B391F8FCFA6967B3EFB644DCF6E5CEBFAE272625DCC6FAF3FB93793C5F90CE1EF57
310
407342756B10D1C489E8953CD1617E5CEECAD6F4EF8914CE5D5D504E5C3F1F9736DA62CFC11E00BCDDB8CC8A9466349744C1F75EBDA4DF09BA8A9E8C7A7E9991989E20E5DBDD6A6003664ED8F7A04A8DBE0DF6EAD9B9AA858342E47399053949D2C146EDB85DE4B176BB0965FBAC19BD19AA918E27FA50C1D22402E144464C
310
59462568E704B6E71915404CB72B8FF4EDE184DDAF753F284990D2C6926782963815403548A70C657FDEF80D2D9CEAA2AE4C1C76F60BFE74219A06527D6582DF6412526107381E55E353090704D085B52408D0933C4ED159D79BDA71BB4BC506F4831350EB6F979CD22D69BF7AC49B91A2C0A9DDA3D5CA36AD20FC478E37E6
310
1844E2352865EBCB6EA275A652E3836BE04EFB400BF1A2556F515F1FBB35B2AB35BD889C744FFA1004B5544B121E57F70215746DD2F5E2C1412B602CBF19455AC6C8E5E9922C4E01E65215385004546899059180EAFCF7A707CE7017CD8CDB0410789AB32C63B91E5CEBBBACB17AC6CD347A022D5075FD106377347AAABA7E
310
7D11590744509B44E205134DC1290F06580320F78E537D3D73540E06CB970B431F185308AD40BBD794D6D77003C5A36E8EAA54BA64597CD8F83BD552A080A365F7FF06504B0304140006080000CC70623B000000000000000000000000350000006662782F39464131463745442D413632322D343644302D413938332D3331
310
353338454246344243312F76657274696365732E62696E504B0304140006080800CC70623BF270F1330600000004000000360000006662782F39464131463745442D413632322D343644302D413938332D3331353338454246344243312F747269616E676C65732E62696E636660600000504B0304140006080000CC70623B
310
000000000000000000000000370000006662782F39464131463745442D413632322D343644302D413938332D3331353338454246344243312F617474726962757465732E62696E504B0304140006080800CC70623B08DA0BD19000000041010000360000006662782F39464131463745442D413632322D343644302D413938
310
332D3331353338454246344243312F6469726563746F72792E786D6C858F410AC3201045AF22B36F53E9A60B35CBEEBAE80D244E44489C6234F4F835464A48035D0DF398FF9F8AF63D0E6CC63039F212F8F9020C7D47C6792B21C5FE7403D62A1188E2E60C98D7234A5830286103A55745067B9D86B8A3CF9C7F90C11DE607
310
FB144396D7B6A82D282E9A152AD114D5EF2CB866EEE831B8EEA07A7BB5A8D7D61A2BAAEB7FD5F70921FF497D00504B0304140006080800CC70623B0D6EF93BFE000000A00100003B0000006662782F39464131463745442D413632322D343644302D413938332D3331353338454246344243312F7265736F75726365732F63
310
6F72652E786D6C8D50596E833010BD0A9ADFCA60B334011947A8694ED00B586642AC041B79A97AFC9A40A5F6AF3F33A3B7689E1E3F7DCD8FEC139DD7D6F4C0720A191A65476DA61E62B892236427C19DB5E1970C322367EC618541F0C9D9B8EC90B226A009093576C41D94DE63804C3DD2D18357379C652E63480A7FCF17A9
310
EE72C29CE5894E3AC17D702940B63D59270887DE46A7D0F36263058F518FBB468FE9A7BE6A7420864373B8D4873369AA8691FA421B3294352543C5CAF65C0F6FEF43CB8BD52C78D0F34F46E550061C419494B6843142CB0F5677F4B52BEB177AEC28E5C52AFF638ACBF84F53D42654E51E77B379102C05791282176B5F693D
310
CB4C7BED567C03504B010214000A0000080000CC70623B3DEE336E79000000790000001B00000000000000000000000000000000006175746F6465736B2D64657369676E2D7061636B6167652E786D6C504B01021400140006080800CC70623BD486FD9CA0000000F40000001300000000000000000000000000B20000005B
310
436F6E74656E745F54797065735D2E786D6C504B01021400140006080800CC70623B1EC5D7A3EB0000007C010000080000000000000000000000000083010000636F72652E786D6C504B01021400140006080800CC70623B55019EA25F0000007C000000070000000000000000000000000094020000636E782E786D6C504B
310
01021400140006080800CC70623B8C9102E971010000D40300000C00000000000000000000000000180300006662782F636F72652E786D6C504B01021400140006080800CC70623BFFEA85907E0000009D0000000B00000000000000000000000000B30400006662782F636E782E786D6C504B01021400140006080800CC70
310
623B4FEEA4082C0100001202000031000000000000000000000000005A0500006662782F39464131463745442D413632322D343644302D413938332D3331353338454246344243312F636F72652E786D6C504B01021400140006080800CC70623BAD7543B64E010000330300003000000000000000000000000000D5060000
310
6662782F39464131463745442D413632322D343644302D413938332D3331353338454246344243312F636E782E786D6C504B01021400140006080800CC70623B16AB87BA640500003C1000003400000000000000000000000000710800006662782F39464131463745442D413632322D343644302D413938332D3331353338
310
454246344243312F6F626A656374732E786D6C504B01021400140006080000CC70623B0000000000000000000000003500000000000000000000000000270E00006662782F39464131463745442D413632322D343644302D413938332D3331353338454246344243312F76657274696365732E62696E504B01021400140006
310
080800CC70623BF270F133060000000400000036000000000000000000000000007A0E00006662782F39464131463745442D413632322D343644302D413938332D3331353338454246344243312F747269616E676C65732E62696E504B01021400140006080000CC70623B0000000000000000000000003700000000000000
310
000000000000D40E00006662782F39464131463745442D413632322D343644302D413938332D3331353338454246344243312F617474726962757465732E62696E504B01021400140006080800CC70623B08DA0BD190000000410100003600000000000000000000000000290F00006662782F39464131463745442D413632
310
322D343644302D413938332D3331353338454246344243312F6469726563746F72792E786D6C504B01021400140006080800CC70623B0D6EF93BFE000000A00100003B000000000000000000000000000D1000006662782F39464131463745442D413632322D343644302D413938332D3331353338454246344243312F7265
310
736F75726365732F636F72652E786D6C504B0506000000000E000E0080040000641100000000
  0
XRECORD
  5
175
102
{ACAD_REACTORS
330
173
102
}
330
173
100
AcDbXrecord
280
     1
270
     1
271
     1
  0
XRECORD
  5
174
102
{ACAD_REACTORS
330
173
102
}
330
173
100
AcDbXrecord
280
     1
270
     1
271
     1
  0
XRECORD
  5
1FB
102
{ACAD_REACTORS
330
173
102
}
330
173
100
AcDbXrecord
280
     1
 70
     0
 90
1673772943
  1
ECE7A1D2-D628-4531-984C-D00F80459256
310
504B03040A0000080000CC70623B3DEE336E79000000790000001B0000006175746F6465736B2D64657369676E2D7061636B6167652E786D6C3C3F786D6C2076657273696F6E3D22312E302220656E636F64696E673D227574662D3822203F3E3C666F726D6174733E3C666F726D61743E687474703A2F2F736368656D612E
310
6175746F6465736B2E636F6D2F64657369676E2D7061636B6167652F323030393C2F666F726D61743E3C2F666F726D6174733E504B0304140006080800CC70623BD486FD9CA0000000F4000000130000005B436F6E74656E745F54797065735D2E786D6C7D8EC10E82300C865F65E91D8A1E8C310C0EEA1BF002731658846E
310
D98AC1B77784ABF1D8FE5FBFBF75BBCE937A534CCEB38643598122B6FEE978D0B0485F9C41B54DDD7D022595594E1A469170414C76A4D9A4D207E29CF43ECE46F218070CC6BECC4078ACAA135ACF422C856C0E68EA1BF5669944DDD7BCDE7B1F8E415D77AECB980613C2E4AC91FC167A2B244592486606FC29C8FD7F045B9A
310
EF7053A7E60B504B0304140006080800CC70623BD9DDAED0EC0000007C01000008000000636F72652E786D6C8D90416EC3201045AF82665B61836D9CD8C2444DD39CA01740405C94182C03558F5F9C3852BBEB6A467FFE9B197D7EF89E6EE8CB2CC17A37002D0820E394D7D68D03A478C17B4007C117EFE32F1B20272733C0
310
2A83E0E3E2D3BC49CABB685CCCAAF3DA6CA20CC14440EA969B0182FA34932C648AD911AEC52CD5558EA6A0CF2EC329598D1E47ACCEFBECC59A050463A7EA5833865FEBDD0E37353BE3EE8DBDE3F6786A48D375FBF6CC78B9C282473B3DEFABC5C86834888A900E538A49F5419B9EB47DD5BC907D4F082F57FB1F28CDFA9F50
310
B22ED6D5F6EE030B20687EE43E10BC5CB3C8E51E54AE6B6EE207504B0304140006080800CC70623B55019EA25F0000007C00000007000000636E782E786D6C4DCB3B0E80201045D1AD90E915ED2CF8AC45050C11660C8261F98AB1B07AC9C97D42D718D865D3E909258CFD00CCE24AC6E326A164D74DC0B4128928FF326038
310
472BA13128B1252AC747C6BAB984FC68F0B87FE8960A5C09FE86CFB69FBA01504B0304140006080800CC70623BA24EB22D72010000D40300000C0000006662782F636F72652E786D6CC5535B6E833010BC8AE5DF0A6C5E49888CA3A6694ED00B38E05014B091B1518EDFE511A5A9D228FD2A1F60CDEC7A67C6986DCE4D8D7A
310
69BA4AAB0C073EC548AA5C17952A33ECECD15B61B4E1CC686DBF9561A44423333CC098B3D268D7CE50AE9595CA02AA74216750749DB418E5352C32DCE59FB211BE70162ABA93DF8AFC244AE9073ED050C759670D0840D390E18DF9F1706664C23973AE2A66B62A605A75ACA4C13C4976E1364A12EF355A2EBD384AF65EFA96
310
BC7B8BED2EA6719AAE16FB8491A199335B351775B991C2CA02F390D2D40B028F861F41BCA68B7518BFD0D59A524686F29B26D7164F36B94AD9289CE54E6D1DE6010819891F6E21228B3AD1831EC219194284CF98F06DD01008846CC5A1BEF83801D4CBDC6A1303536877A57A513B0953A94FC707FDBE6064EA84A9E3E6E0FA
310
EE8CF0E9198F7784A316AA0413C2C2F2E0ECA0934D1AE6D05A69BCDE9E91D2A611F573361E38FC1375157F5752AE6B6DFE4B11990F88CCBF0719EE23FF02504B0304140006080800CC70623B408A7D3B7C0000009D0000000B0000006662782F636E782E786D6C4DCCD10A83201886E15B91FFDC552A92A0064DBC8F581632
310
D3703A76F9ABD1C18E3E78F878E5F0D9027ABBFCF2292AE86E2D20171F69F6715550CB827B40839639A5F2770314A7CD293819B45C73AAFB45B35BA61ACAA1C1C7E7855C58C15BC331339661262CC762340413D68D77DA5B42298546CBE6573AF60CEB2F504B0304140006080800CC70623B449FB9BD290100001202000031
310
0000006662782F36394639363044362D344446342D343946362D394244322D3234314243333846323333332F636F72652E786D6C8D515B6EC32010BC0AE22B55850D98B871848994463E412FE002495162B07854397EA176A4F62F3F2C9A9D991D587EB84F37F0AD7D30CEF6905418026DA553C65E7A98E219ED203808EE9D
310
8B7F6810D871D23D2C3014FCE25D9A57483A1BB58D19B54EE9151C43D0110279CB971E06F9A5A7B11A53CC8C70ADE6515EC78BAE4895DB992778883E0700CB907242D17643D7E2538BD869608875438BBAE38922CAC8F1BDD90DB4691A5E2F42C153326A951B95E398B3D1FE599322163C9AE9115F7A3D46ADA0A018778810
310
84E907617BDCEE297BC5BB3DC6BC2EF47FA234AB2745C9D8D8D035EE220B50105E2F0DC1954B9FB747187D9F9D8FA0CCDB042D5FA0C015C65B42DF78BD10F3F3B363CB56C7109DCFDFBBB97E662ED92EB62D13BC2E1BCAE5777DB9966D8A1F504B0304140006080800CC70623BAD7543B64E01000033030000300000006662
310
782F36394639363044362D344446342D343946362D394244322D3234314243333846323333332F636E782E786D6CD593CD6EC32010845F0571AD6CE3D48AD20813A9873E410FBD12D82434182C7EAAE6EDBB2424CD25871E7B41D6EC30B3FA84F9E67BB2E40B4234DE8DB46F1925E094D7C6ED479AD3AE5951B2113C789FEE
310
6C943839C1488B4C05DF079FE72A69D8C96C13AAD6B8631503449F83828872B949AC57D26200B826A308D316B4064D6E46FCDA41C05550DC9E483A00797BFD207EFB092A45DE9514C1BBD22178396BD39D891265658C238DEA00936C654E5E433CB65A26D9F6EDB5EBC14EBF49A45CB856E66048291F6939A9A81BB5C89177
310
38143CA680F4AA299D66A042CEB3354A2684DC9D8D178FE0D9B8B41CAAD720F880EE7EF93C0C18769E099ECC04D5A102C8049A8A05632F4DDF376CF1DE0F6BB65C2F8627B65A33C6BB62177CEBBDAD973006829F89F22E814B54F4BC2BE347F8AA8F681390B50FA73F804400B5F542E796F19FF974E7F78DB802FE05E20750
310
4B0304140006080800CC70623B8D05915C650500003B100000340000006662782F36394639363044362D344446342D343946362D394244322D3234314243333846323333332F6F626A656374732E786D6CAD575B6FA33814FE2B887D06429276DA1565D4266D158D3A339A6846FB502932E050B66023DB74D2FDF5FB190C01
310
9276B2973C046C8ECFF53B17071F77456EBD502133CEAE6CDF9DD81665314F32965ED995DA3A17B6F5310C04E7AA47665B8C14F4CAD6DB7618A48257A5D94AE89654B91AEDDEDDFC61C998326A5B714EA4BCB265FC440BE2924AF184CA6737218AB8E976E7FA6E4338649B0A523E8D98964450A6A029F619B8588D52FE7039
310
B1BD30F0F4F730D0FF866AF6369557DB33949F31A9088B0F848DD8CCFCF9F2767A76E99CCDE733677E3EF59D9BBB9BA5E37F984D16E78BC5E5F5ED25044B25C0C96822E8D60EEFE11B91C581D77CEA34368A1F5329E68CD1B8B61F16D63A1B8E092D294B10C78C4A48EB593D192E7DED9BDEE7995E1B91FDEDD3ACEA9FE831
310
6A756F9F7D4D79F4274C90A7A04248AA51D5F8C718DAE06FB2F75AC4796EBE65D22A88A22223B995679120E2D50E41AA49C260C046A35368846B0BECD0DFF3EBEB8AD4F835768F69B9ADF25C43D30E6B646F807FAA64AD59F61715C7A54127C4AACA98BA3006A9D792DAE165E0D59B61A01FB3A9F9D838D2DAE62445C86166
310
F37564E842E7DE6A69879FEEA2DD5AE7E371E1A5E025154AC307D06A03D73EB5978C58FFA4C8E9033066E0F3BD53BEC1F39F91BE7B55103791EDE6BBB991A2046172CB4581D8B893FA674DDA17A77B3B7C413D1B511FD2743BFF8A38F03A658705E3ADF8015C3A3417FF3D7E439FF591DA0B5F18BC20C1B8981957AE6392A3
310
F43C640C01D1A0B4728E2DD4F26DB4B3C3152A252A3B4E913CEC1C72F012782FF88EFF8637AA552DBEF76408E8A8DE9E50F9E1CB3A2DA0DB1B6039A893B56063DC5B3E3FFB5F72E67AB9FEB4AEC496C4F4C1149625DD662C53E89D7BF0F6151A046260D1337DFDC94502430F83B0EE07A130A224BCAD7DAE1D9FB6CD422FF6
310
920702629C4BB9AE79C12F243C6432A6794E18E5552BA56B431AAB5D91317302B2B071E86C3A42B1A02F999E24061403B5D0EB639195DA655DD3EBEAB4FB862DDF579F014AD0E73C22F99E28DA57FB98E75C6CA2D74D53086D600F4786E0FE3144B771A8A7B900F03594DB8A633CBC49B2EDB69228BB479CF863B5E807AAAB
310
23872F6DFEB4129B949CA33823F58830E86D65621E10047D9DB34D862E8EAC3C2ABC2F7B2C40D67CDFE01F5545B92105AF983AC54D93D69E56FB8E797F88913F898A9FEC705D3F9D1B54EC8426FB500D40A03BD0119B06E1B95DDC7EB8F6975367793EBD70E66733DFB9BC982F9CE564727731999F5D4ECFCE3B8D6A4DC2A0
310
6D50FD148437D110834A64C6CDDF57FBACB5C307A2A477DFE4939736CFEF2B175371E0E10CF0DD1D5C15654E0BCA14D1E87DD02FF93782A162C0A3D95F1524A52770F972BF1EE9809D13CE7DD599467F8ECE9ADD85CE85A34CD45355448C64F9E8A031DC2D596ACC6E5DD93D9B82DE2EF5CAF81363A8E47996A0DE24564A79
310
4115AACE09C55E14540231FDA13C319787134EBF34E3A022514E5B4D9E0826E25C02D5805B15ABE1BEF51B26383D445DD9E875EE33FE4C22DA16427D65A3BCA92CA6D28DD01DF5DC53330704308475351050232CCD31583787BA75774AFB06E5070DD0C8EF484E19968C5D83BA5B90B244D31E54D55A372320FE4786B7EA58
310
44E135AA5467CB7EA333A61683CC6A8C3257034C10CF46F40EF9F5BE59BE5BD30C3C72D235E95D10345C1D45445A5F0BB47E46A5EBE5570F9380B5FA629579952296A773720405982B9DE04011506178964401AA8BDF1FBF0A8EAB6861DD6580C0E38217056766716DAEB2D6FA0917D3E4116581EADB879C4E7CFFB11EFACD
310
3D641311495D92C8676CB409A72D18610D803CE8A626049E8EC1887CB5B44CC39883690DDA8399B4B9855B481E7D71D4A9D22F96E5BB73BF5793020C02137BF837504B0304140006080000CC70623B000000000000000000000000350000006662782F36394639363044362D344446342D343946362D394244322D32343142
310
43333846323333332F76657274696365732E62696E504B0304140006080800CC70623BF270F1330600000004000000360000006662782F36394639363044362D344446342D343946362D394244322D3234314243333846323333332F747269616E676C65732E62696E636660600000504B0304140006080000CC70623B0000
310
00000000000000000000370000006662782F36394639363044362D344446342D343946362D394244322D3234314243333846323333332F617474726962757465732E62696E504B0304140006080800CC70623B08DA0BD19000000041010000360000006662782F36394639363044362D344446342D343946362D394244322D
310
3234314243333846323333332F6469726563746F72792E786D6C858F410AC3201045AF22B36F53E9A60B35CBEEBAE80D244E44489C6234F4F835464A48035D0DF398FF9F8AF63D0E6CC63039F212F8F9020C7D47C6792B21C5FE7403D62A1188E2E60C98D7234A5830286103A55745067B9D86B8A3CF9C7F90C11DE607FB14
310
4396D7B6A82D282E9A152AD114D5EF2CB866EEE831B8EEA07A7BB5A8D7D61A2BAAEB7FD5F70921FF497D00504B0304140006080800CC70623BCA768048FE000000A00100003B0000006662782F36394639363044362D344446342D343946362D394244322D3234314243333846323333332F7265736F75726365732F636F72
310
652E786D6C8D50596E833010BD0A9ADFCA60D600328E9AA639412F609909B1126CE4A5EAF16B0295DABFFECC8CDEA2797AECF8353F924FB44E193D409E5248504B332A3D0D10FC95B4901C39B3C6F85F3248B49871801506CE266BC2B243D2688FDA47549B11775038871E12F988C7004EDE7016A9083E2ADC3D5D84BC8B09
310
D33C8D74D471E6BC8D0192EDC93A815B742658898E651BCB59086ADC356A8C3FD555A1055ED7E7E254D615792D0F075295F585746FF53B694EE78A565DD736979A65AB9933AFE69F8CD2A2F038022F28ED489E135A7CE4554F9BBEA85E68DB53CAB255FEC71496F19FA6A0B42F8B3DEE6673C0F318E4497096AD7DC5F52C33
310
EEB55BFE0D504B010214000A0000080000CC70623B3DEE336E79000000790000001B00000000000000000000000000000000006175746F6465736B2D64657369676E2D7061636B6167652E786D6C504B01021400140006080800CC70623BD486FD9CA0000000F40000001300000000000000000000000000B20000005B436F
310
6E74656E745F54797065735D2E786D6C504B01021400140006080800CC70623BD9DDAED0EC0000007C010000080000000000000000000000000083010000636F72652E786D6C504B01021400140006080800CC70623B55019EA25F0000007C000000070000000000000000000000000095020000636E782E786D6C504B0102
310
1400140006080800CC70623BA24EB22D72010000D40300000C00000000000000000000000000190300006662782F636F72652E786D6C504B01021400140006080800CC70623B408A7D3B7C0000009D0000000B00000000000000000000000000B50400006662782F636E782E786D6C504B01021400140006080800CC70623B
310
449FB9BD290100001202000031000000000000000000000000005A0500006662782F36394639363044362D344446342D343946362D394244322D3234314243333846323333332F636F72652E786D6C504B01021400140006080800CC70623BAD7543B64E010000330300003000000000000000000000000000D20600006662
310
782F36394639363044362D344446342D343946362D394244322D3234314243333846323333332F636E782E786D6C504B01021400140006080800CC70623B8D05915C650500003B10000034000000000000000000000000006E0800006662782F36394639363044362D344446342D343946362D394244322D32343142433338
310
46323333332F6F626A656374732E786D6C504B01021400140006080000CC70623B0000000000000000000000003500000000000000000000000000250E00006662782F36394639363044362D344446342D343946362D394244322D3234314243333846323333332F76657274696365732E62696E504B010214001400060808
310
00CC70623BF270F13306000000040000003600000000000000000000000000780E00006662782F36394639363044362D344446342D343946362D394244322D3234314243333846323333332F747269616E676C65732E62696E504B01021400140006080000CC70623B00000000000000000000000037000000000000000000
310
00000000D20E00006662782F36394639363044362D344446342D343946362D394244322D3234314243333846323333332F617474726962757465732E62696E504B01021400140006080800CC70623B08DA0BD190000000410100003600000000000000000000000000270F00006662782F36394639363044362D344446342D
310
343946362D394244322D3234314243333846323333332F6469726563746F72792E786D6C504B01021400140006080800CC70623BCA768048FE000000A00100003B000000000000000000000000000B1000006662782F36394639363044362D344446342D343946362D394244322D3234314243333846323333332F7265736F
310
75726365732F636F72652E786D6C504B0506000000000E000E0080040000621100000000
  0
XRECORD
  5
176
102
{ACAD_REACTORS
330
173
102
}
330
173
100
AcDbXrecord
280
     1
270
     1
271
     1
  0
XRECORD
  5
177
102
{ACAD_REACTORS
330
173
102
}
330
173
100
AcDbXrecord
280
     1
270
     1
271
     1
  0
XRECORD
  5
2B6
102
{ACAD_REACTORS
330
234
102
}
330
234
100
AcDbXrecord
280
     1
102
DISPLAYNAME
  1
Metric50
102
FLAGS
 90
        0
  0
CELLSTYLEMAP
  5
27C
102
{ACAD_REACTORS
330
162
102
}
330
162
100
AcDbCellStyleMap
 90
        3
300
CELLSTYLE
  1
TABLEFORMAT_BEGIN
 90
        5
170
     1
 91
        0
 92
    32768
 62
   257
 93
        1
300
CONTENTFORMAT
  1
CONTENTFORMAT_BEGIN
 90
        0
 91
        0
 92
      512
 93
        0
300

 40
0.0
140
1.0
 94
        5
 62
     0
340
11
144
6.0
309
CONTENTFORMAT_END
171
     1
301
MARGIN
  1
CELLMARGIN_BEGIN
 40
1.5
 40
1.5
 40
1.5
 40
1.5
 40
4.5
 40
4.5
309
CELLMARGIN_END
 94
        6
 95
        1
302
GRIDFORMAT
  1
GRIDFORMAT_BEGIN
 90
        0
 91
        1
 62
     0
 92
       -2
340
14
 93
        0
 40
1.125
309
GRIDFORMAT_END
 95
        2
302
GRIDFORMAT
  1
GRIDFORMAT_BEGIN
 90
        0
 91
        1
 62
     0
 92
       -2
340
14
 93
        0
 40
1.125
309
GRIDFORMAT_END
 95
        4
302
GRIDFORMAT
  1
GRIDFORMAT_BEGIN
 90
        0
 91
        1
 62
     0
 92
       -2
340
14
 93
        0
 40
1.125
309
GRIDFORMAT_END
 95
        8
302
GRIDFORMAT
  1
GRIDFORMAT_BEGIN
 90
        0
 91
        1
 62
     0
 92
       -2
340
14
 93
        0
 40
1.125
309
GRIDFORMAT_END
 95
       16
302
GRIDFORMAT
  1
GRIDFORMAT_BEGIN
 90
        0
 91
        1
 62
     0
 92
       -2
340
14
 93
        0
 40
1.125
309
GRIDFORMAT_END
 95
       32
302
GRIDFORMAT
  1
GRIDFORMAT_BEGIN
 90
        0
 91
        1
 62
     0
 92
       -2
340
14
 93
        0
 40
1.125
309
GRIDFORMAT_END
309
TABLEFORMAT_END
  1
CELLSTYLE_BEGIN
 90
        1
 91
        1
300
_TITLE
309
CELLSTYLE_END
300
CELLSTYLE
  1
TABLEFORMAT_BEGIN
 90
        5
170
     1
 91
        0
 92
        0
 62
   257
 93
        1
300
CONTENTFORMAT
  1
CONTENTFORMAT_BEGIN
 90
        0
 91
        0
 92
      512
 93
        0
300

 40
0.0
140
1.0
 94
        5
 62
     0
340
11
144
4.5
309
CONTENTFORMAT_END
171
     1
301
MARGIN
  1
CELLMARGIN_BEGIN
 40
1.5
 40
1.5
 40
1.5
 40
1.5
 40
4.5
 40
4.5
309
CELLMARGIN_END
 94
        6
 95
        1
302
GRIDFORMAT
  1
GRIDFORMAT_BEGIN
 90
        0
 91
        1
 62
     0
 92
       -2
340
14
 93
        0
 40
1.125
309
GRIDFORMAT_END
 95
        2
302
GRIDFORMAT
  1
GRIDFORMAT_BEGIN
 90
        0
 91
        1
 62
     0
 92
       -2
340
14
 93
        0
 40
1.125
309
GRIDFORMAT_END
 95
        4
302
GRIDFORMAT
  1
GRIDFORMAT_BEGIN
 90
        0
 91
        1
 62
     0
 92
       -2
340
14
 93
        0
 40
1.125
309
GRIDFORMAT_END
 95
        8
302
GRIDFORMAT
  1
GRIDFORMAT_BEGIN
 90
        0
 91
        1
 62
     0
 92
       -2
340
14
 93
        0
 40
1.125
309
GRIDFORMAT_END
 95
       16
302
GRIDFORMAT
  1
GRIDFORMAT_BEGIN
 90
        0
 91
        1
 62
     0
 92
       -2
340
14
 93
        0
 40
1.125
309
GRIDFORMAT_END
 95
       32
302
GRIDFORMAT
  1
GRIDFORMAT_BEGIN
 90
        0
 91
        1
 62
     0
 92
       -2
340
14
 93
        0
 40
1.125
309
GRIDFORMAT_END
309
TABLEFORMAT_END
  1
CELLSTYLE_BEGIN
 90
        2
 91
        1
300
_HEADER
309
CELLSTYLE_END
300
CELLSTYLE
  1
TABLEFORMAT_BEGIN
 90
        5
170
     1
 91
        0
 92
        0
 62
   257
 93
        1
300
CONTENTFORMAT
  1
CONTENTFORMAT_BEGIN
 90
        0
 91
        0
 92
      512
 93
        0
300

 40
0.0
140
1.0
 94
        2
 62
     0
340
11
144
4.5
309
CONTENTFORMAT_END
171
     1
301
MARGIN
  1
CELLMARGIN_BEGIN
 40
1.5
 40
1.5
 40
1.5
 40
1.5
 40
4.5
 40
4.5
309
CELLMARGIN_END
 94
        6
 95
        1
302
GRIDFORMAT
  1
GRIDFORMAT_BEGIN
 90
        0
 91
        1
 62
     0
 92
       -2
340
14
 93
        0
 40
1.125
309
GRIDFORMAT_END
 95
        2
302
GRIDFORMAT
  1
GRIDFORMAT_BEGIN
 90
        0
 91
        1
 62
     0
 92
       -2
340
14
 93
        0
 40
1.125
309
GRIDFORMAT_END
 95
        4
302
GRIDFORMAT
  1
GRIDFORMAT_BEGIN
 90
        0
 91
        1
 62
     0
 92
       -2
340
14
 93
        0
 40
1.125
309
GRIDFORMAT_END
 95
        8
302
GRIDFORMAT
  1
GRIDFORMAT_BEGIN
 90
        0
 91
        1
 62
     0
 92
       -2
340
14
 93
        0
 40
1.125
309
GRIDFORMAT_END
 95
       16
302
GRIDFORMAT
  1
GRIDFORMAT_BEGIN
 90
        0
 91
        1
 62
     0
 92
       -2
340
14
 93
        0
 40
1.125
309
GRIDFORMAT_END
 95
       32
302
GRIDFORMAT
  1
GRIDFORMAT_BEGIN
 90
        0
 91
        1
 62
     0
 92
       -2
340
14
 93
        0
 40
1.125
309
GRIDFORMAT_END
309
TABLEFORMAT_END
  1
CELLSTYLE_BEGIN
 90
        3
 91
        2
300
_DATA
309
CELLSTYLE_END
  0
XRECORD
  5
291
102
{ACAD_REACTORS
330
290
102
}
330
290
100
AcDbXrecord
280
     1
102
RTVSPost2010Prop28
280
     1
102
RTVSPost2010PropOp28
 70
     1
102
RTVSPost2010Prop29
280
     1
102
RTVSPost2010PropOp29
 70
     1
102
RTVSPost2010Prop30
280
     0
102
RTVSPost2010PropOp30
 70
     1
102
RTVSPost2010Prop31
280
     0
102
RTVSPost2010PropOp31
 70
     1
102
RTVSPost2010Prop32
280
     0
102
RTVSPost2010PropOp32
 70
     1
102
RTVSPost2010Prop33
280
     0
102
RTVSPost2010PropOp33
 70
     1
102
RTVSPost2010Prop34
280
     0
102
RTVSPost2010PropOp34
 70
     1
102
RTVSPost2010Prop35
280
     0
102
RTVSPost2010PropOp35
 70
     1
102
RTVSPost2010Prop36
280
     0
102
RTVSPost2010PropOp36
 70
     1
102
RTVSPost2010Prop37
 90
       50
102
RTVSPost2010PropOp37
 70
     1
102
RTVSPost2010Prop38
140
0.0
102
RTVSPost2010PropOp38
 70
     1
102
RTVSPost2010Prop39
140
1.0
102
RTVSPost2010PropOp39
 70
     1
102
RTVSPost2010Prop40
 90
        0
102
RTVSPost2010PropOp40
 70
     1
102
RTVSPost2010Prop41ColorIndex
 90
       18
102
RTVSPost2010Prop41ColorRGB
 90
        0
102
RTVSPost2010PropOp41
 70
     1
102
RTVSPost2010Prop42
 90
       50
102
RTVSPost2010PropOp42
 70
     1
102
RTVSPost2010Prop43
 90
        3
102
RTVSPost2010PropOp43
 70
     1
102
RTVSPost2010Prop44ColorIndex
 90
        5
102
RTVSPost2010Prop44ColorRGB
 90
      255
102
RTVSPost2010PropOp44
 70
     1
102
RTVSPost2010Prop45
280
     0
102
RTVSPost2010PropOp45
 70
     1
102
RTVSPost2010Prop46
 90
       50
102
RTVSPost2010PropOp46
 70
     1
102
RTVSPost2010Prop47
 90
       50
102
RTVSPost2010PropOp47
 70
     1
102
RTVSPost2010Prop48
 90
       50
102
RTVSPost2010PropOp48
 70
     1
102
RTVSPost2010Prop49
280
     0
102
RTVSPost2010PropOp49
 70
     1
102
RTVSPost2010Prop50
 90
       50
102
RTVSPost2010PropOp50
 70
     1
102
RTVSPost2010Prop51ColorIndex
 90
      256
102
RTVSPost2010Prop51ColorRGB
 90
-16777216
102
RTVSPost2010PropOp51
 70
     0
102
RTVSPost2010Prop52
140
1.0
102
RTVSPost2010PropOp52
 70
     0
102
RTVSPost2010Prop53
 90
        2
102
RTVSPost2010PropOp53
 70
     1
102
RTVSPost2010Prop54
  1
strokes_ogs.tif
102
RTVSPost2010PropOp54
 70
     1
102
RTVSPost2010Prop55
280
     0
102
RTVSPost2010PropOp55
 70
     1
102
RTVSPost2010Prop56
140
1.0
102
RTVSPost2010PropOp56
 70
     1
102
RTVSPost2010Prop57
140
1.0
102
RTVSPost2010PropOp57
 70
     1
102
RTVSPropertyOp0
 70
     1
102
RTVSPropertyOp1
 70
     1
102
RTVSPropertyOp2
 70
     1
102
RTVSPropertyOp3
 70
     1
102
RTVSPropertyOp4
 70
     1
102
RTVSPropertyOp5
 70
     1
102
RTVSPropertyOp6
 70
     1
102
RTVSPropertyOp7
 70
     1
102
RTVSPropertyOp8
 70
     1
102
RTVSPropertyOp9
 70
     1
102
RTVSPropertyOp10
 70
     1
102
RTVSPropertyOp11
 70
     1
102
RTVSPropertyOp12
 70
     1
102
RTVSPropertyOp13
 70
     1
102
RTVSPropertyOp14
 70
     1
102
RTVSPropertyOp15
 70
     1
102
RTVSPropertyOp16
 70
     1
102
RTVSPropertyOp17
 70
     1
102
RTVSPropertyOp18
 70
     1
102
RTVSPropertyOp19
 70
     1
102
RTVSPropertyOp20
 70
     1
102
RTVSPropertyOp21
 70
     1
102
RTVSPropertyOp22
 70
     1
102
RTVSPropertyOp23
 70
     1
102
RTVSPropertyOp24
 70
     1
102
RTVSPropertyOp25
 70
     1
102
RTVSPropertyOp26
 70
     1
102
RTVSPropertyOp27
 70
     1
102
RTVSPropertyOp28
 70
     1
102
RTVSPropertyOp29
 70
     1
102
RTVSPropertyOp30
 70
     1
102
RTVSPropertyOp31
 70
     1
102
RTVSPropertyOp32
 70
     1
102
RTVSPropertyOp33
 70
     1
102
RTVSPropertyOp34
 70
     1
102
RTVSPropertyOp35
 70
     1
102
RTVSPropertyOp36
 70
     1
102
RTVSPropertyOp37
 70
     1
102
RTVSPropertyOp38
 70
     1
102
RTVSPropertyOp39
 70
     1
102
RTVSPropertyOp40
 70
     1
102
RTVSPropertyOp41
 70
     1
102
RTVSPropertyOp42
 70
     1
102
RTVSPropertyOp43
 70
     1
102
RTVSPropertyOp44
 70
     1
102
RTVSPropertyOp45
 70
     1
102
RTVSPropertyOp46
 70
     1
102
RTVSPropertyOp47
 70
     1
102
RTVSPropertyOp48
 70
     1
102
RTVSPropertyOp49
 70
     1
102
RTVSPropertyOp50
 70
     1
102
RTVSPropertyOp51
 70
     0
102
RTVSPropertyOp52
 70
     0
102
RTVSPropertyOp53
 70
     1
102
RTVSPropertyOp54
 70
     1
102
RTVSPropertyOp55
 70
     1
102
RTVSPropertyOp56
 70
     1
102
RTVSPropertyOp57
 70
     1
102
RTVSPropertyOp58
 70
     1
102
RTVSPropertyOp59
 70
     1
102
RTVSPropertyOp60
 70
     1
102
RTVSPropertyOp61
 70
     1
102
RTVSPropertyOp62
 70
     1
  0
XRECORD
  5
28F
102
{ACAD_REACTORS
330
28E
102
}
330
28E
100
AcDbXrecord
280
     1
102
RTVSPost2010Prop28
280
     0
102
RTVSPost2010PropOp28
 70
     1
102
RTVSPost2010Prop29
280
     1
102
RTVSPost2010PropOp29
 70
     1
102
RTVSPost2010Prop30
280
     1
102
RTVSPost2010PropOp30
 70
     1
102
RTVSPost2010Prop31
280
     0
102
RTVSPost2010PropOp31
 70
     1
102
RTVSPost2010Prop32
280
     0
102
RTVSPost2010PropOp32
 70
     1
102
RTVSPost2010Prop33
280
     0
102
RTVSPost2010PropOp33
 70
     1
102
RTVSPost2010Prop34
280
     0
102
RTVSPost2010PropOp34
 70
     1
102
RTVSPost2010Prop35
280
     0
102
RTVSPost2010PropOp35
 70
     1
102
RTVSPost2010Prop36
280
     0
102
RTVSPost2010PropOp36
 70
     1
102
RTVSPost2010Prop37
 90
       50
102
RTVSPost2010PropOp37
 70
     1
102
RTVSPost2010Prop38
140
0.0
102
RTVSPost2010PropOp38
 70
     1
102
RTVSPost2010Prop39
140
1.0
102
RTVSPost2010PropOp39
 70
     1
102
RTVSPost2010Prop40
 90
        0
102
RTVSPost2010PropOp40
 70
     1
102
RTVSPost2010Prop41ColorIndex
 90
       18
102
RTVSPost2010Prop41ColorRGB
 90
        0
102
RTVSPost2010PropOp41
 70
     1
102
RTVSPost2010Prop42
 90
       50
102
RTVSPost2010PropOp42
 70
     1
102
RTVSPost2010Prop43
 90
        3
102
RTVSPost2010PropOp43
 70
     1
102
RTVSPost2010Prop44ColorIndex
 90
        5
102
RTVSPost2010Prop44ColorRGB
 90
      255
102
RTVSPost2010PropOp44
 70
     1
102
RTVSPost2010Prop45
280
     0
102
RTVSPost2010PropOp45
 70
     1
102
RTVSPost2010Prop46
 90
       50
102
RTVSPost2010PropOp46
 70
     1
102
RTVSPost2010Prop47
 90
       50
102
RTVSPost2010PropOp47
 70
     1
102
RTVSPost2010Prop48
 90
       50
102
RTVSPost2010PropOp48
 70
     1
102
RTVSPost2010Prop49
280
     0
102
RTVSPost2010PropOp49
 70
     1
102
RTVSPost2010Prop50
 90
       50
102
RTVSPost2010PropOp50
 70
     1
102
RTVSPost2010Prop51ColorIndex
 90
      256
102
RTVSPost2010Prop51ColorRGB
 90
-16777216
102
RTVSPost2010PropOp51
 70
     0
102
RTVSPost2010Prop52
140
1.0
102
RTVSPost2010PropOp52
 70
     0
102
RTVSPost2010Prop53
 90
        2
102
RTVSPost2010PropOp53
 70
     1
102
RTVSPost2010Prop54
  1
strokes_ogs.tif
102
RTVSPost2010PropOp54
 70
     1
102
RTVSPost2010Prop55
280
     0
102
RTVSPost2010PropOp55
 70
     1
102
RTVSPost2010Prop56
140
1.0
102
RTVSPost2010PropOp56
 70
     1
102
RTVSPost2010Prop57
140
1.0
102
RTVSPost2010PropOp57
 70
     1
102
RTVSPropertyOp0
 70
     1
102
RTVSPropertyOp1
 70
     1
102
RTVSPropertyOp2
 70
     1
102
RTVSPropertyOp3
 70
     1
102
RTVSPropertyOp4
 70
     1
102
RTVSPropertyOp5
 70
     1
102
RTVSPropertyOp6
 70
     1
102
RTVSPropertyOp7
 70
     1
102
RTVSPropertyOp8
 70
     1
102
RTVSPropertyOp9
 70
     1
102
RTVSPropertyOp10
 70
     1
102
RTVSPropertyOp11
 70
     1
102
RTVSPropertyOp12
 70
     1
102
RTVSPropertyOp13
 70
     1
102
RTVSPropertyOp14
 70
     1
102
RTVSPropertyOp15
 70
     1
102
RTVSPropertyOp16
 70
     1
102
RTVSPropertyOp17
 70
     1
102
RTVSPropertyOp18
 70
     1
102
RTVSPropertyOp19
 70
     1
102
RTVSPropertyOp20
 70
     1
102
RTVSPropertyOp21
 70
     1
102
RTVSPropertyOp22
 70
     1
102
RTVSPropertyOp23
 70
     1
102
RTVSPropertyOp24
 70
     1
102
RTVSPropertyOp25
 70
     1
102
RTVSPropertyOp26
 70
     1
102
RTVSPropertyOp27
 70
     1
102
RTVSPropertyOp28
 70
     1
102
RTVSPropertyOp29
 70
     1
102
RTVSPropertyOp30
 70
     1
102
RTVSPropertyOp31
 70
     1
102
RTVSPropertyOp32
 70
     1
102
RTVSPropertyOp33
 70
     1
102
RTVSPropertyOp34
 70
     1
102
RTVSPropertyOp35
 70
     1
102
RTVSPropertyOp36
 70
     1
102
RTVSPropertyOp37
 70
     1
102
RTVSPropertyOp38
 70
     1
102
RTVSPropertyOp39
 70
     1
102
RTVSPropertyOp40
 70
     1
102
RTVSPropertyOp41
 70
     1
102
RTVSPropertyOp42
 70
     1
102
RTVSPropertyOp43
 70
     1
102
RTVSPropertyOp44
 70
     1
102
RTVSPropertyOp45
 70
     1
102
RTVSPropertyOp46
 70
     1
102
RTVSPropertyOp47
 70
     1
102
RTVSPropertyOp48
 70
     1
102
RTVSPropertyOp49
 70
     1
102
RTVSPropertyOp50
 70
     1
102
RTVSPropertyOp51
 70
     0
102
RTVSPropertyOp52
 70
     0
102
RTVSPropertyOp53
 70
     1
102
RTVSPropertyOp54
 70
     1
102
RTVSPropertyOp55
 70
     1
102
RTVSPropertyOp56
 70
     1
102
RTVSPropertyOp57
 70
     1
102
RTVSPropertyOp58
 70
     1
102
RTVSPropertyOp59
 70
     1
102
RTVSPropertyOp60
 70
     1
102
RTVSPropertyOp61
 70
     1
102
RTVSPropertyOp62
 70
     1
  0
XRECORD
  5
29D
102
{ACAD_REACTORS
330
29C
102
}
330
29C
100
AcDbXrecord
280
     1
102
RTVSPost2010Prop28
280
     0
102
RTVSPost2010PropOp28
 70
     1
102
RTVSPost2010Prop29
280
     1
102
RTVSPost2010PropOp29
 70
     1
102
RTVSPost2010Prop30
280
     1
102
RTVSPost2010PropOp30
 70
     1
102
RTVSPost2010Prop31
280
     0
102
RTVSPost2010PropOp31
 70
     1
102
RTVSPost2010Prop32
280
     0
102
RTVSPost2010PropOp32
 70
     1
102
RTVSPost2010Prop33
280
     0
102
RTVSPost2010PropOp33
 70
     1
102
RTVSPost2010Prop34
280
     0
102
RTVSPost2010PropOp34
 70
     1
102
RTVSPost2010Prop35
280
     0
102
RTVSPost2010PropOp35
 70
     1
102
RTVSPost2010Prop36
280
     0
102
RTVSPost2010PropOp36
 70
     1
102
RTVSPost2010Prop37
 90
       50
102
RTVSPost2010PropOp37
 70
     1
102
RTVSPost2010Prop38
140
0.0
102
RTVSPost2010PropOp38
 70
     1
102
RTVSPost2010Prop39
140
1.0
102
RTVSPost2010PropOp39
 70
     1
102
RTVSPost2010Prop40
 90
        0
102
RTVSPost2010PropOp40
 70
     1
102
RTVSPost2010Prop41ColorIndex
 90
       18
102
RTVSPost2010Prop41ColorRGB
 90
        0
102
RTVSPost2010PropOp41
 70
     1
102
RTVSPost2010Prop42
 90
       50
102
RTVSPost2010PropOp42
 70
     1
102
RTVSPost2010Prop43
 90
        3
102
RTVSPost2010PropOp43
 70
     1
102
RTVSPost2010Prop44ColorIndex
 90
        5
102
RTVSPost2010Prop44ColorRGB
 90
      255
102
RTVSPost2010PropOp44
 70
     1
102
RTVSPost2010Prop45
280
     0
102
RTVSPost2010PropOp45
 70
     1
102
RTVSPost2010Prop46
 90
       50
102
RTVSPost2010PropOp46
 70
     1
102
RTVSPost2010Prop47
 90
       50
102
RTVSPost2010PropOp47
 70
     1
102
RTVSPost2010Prop48
 90
       50
102
RTVSPost2010PropOp48
 70
     1
102
RTVSPost2010Prop49
280
     0
102
RTVSPost2010PropOp49
 70
     1
102
RTVSPost2010Prop50
 90
       50
102
RTVSPost2010PropOp50
 70
     1
102
RTVSPost2010Prop51ColorIndex
 90
      256
102
RTVSPost2010Prop51ColorRGB
 90
-16777216
102
RTVSPost2010PropOp51
 70
     0
102
RTVSPost2010Prop52
140
1.0
102
RTVSPost2010PropOp52
 70
     0
102
RTVSPost2010Prop53
 90
        2
102
RTVSPost2010PropOp53
 70
     1
102
RTVSPost2010Prop54
  1
strokes_ogs.tif
102
RTVSPost2010PropOp54
 70
     1
102
RTVSPost2010Prop55
280
     0
102
RTVSPost2010PropOp55
 70
     1
102
RTVSPost2010Prop56
140
1.0
102
RTVSPost2010PropOp56
 70
     1
102
RTVSPost2010Prop57
140
1.0
102
RTVSPost2010PropOp57
 70
     1
102
RTVSPropertyOp0
 70
     1
102
RTVSPropertyOp1
 70
     1
102
RTVSPropertyOp2
 70
     1
102
RTVSPropertyOp3
 70
     1
102
RTVSPropertyOp4
 70
     1
102
RTVSPropertyOp5
 70
     1
102
RTVSPropertyOp6
 70
     1
102
RTVSPropertyOp7
 70
     1
102
RTVSPropertyOp8
 70
     1
102
RTVSPropertyOp9
 70
     1
102
RTVSPropertyOp10
 70
     1
102
RTVSPropertyOp11
 70
     1
102
RTVSPropertyOp12
 70
     1
102
RTVSPropertyOp13
 70
     1
102
RTVSPropertyOp14
 70
     1
102
RTVSPropertyOp15
 70
     1
102
RTVSPropertyOp16
 70
     1
102
RTVSPropertyOp17
 70
     1
102
RTVSPropertyOp18
 70
     1
102
RTVSPropertyOp19
 70
     1
102
RTVSPropertyOp20
 70
     1
102
RTVSPropertyOp21
 70
     1
102
RTVSPropertyOp22
 70
     1
102
RTVSPropertyOp23
 70
     1
102
RTVSPropertyOp24
 70
     1
102
RTVSPropertyOp25
 70
     1
102
RTVSPropertyOp26
 70
     1
102
RTVSPropertyOp27
 70
     1
102
RTVSPropertyOp28
 70
     1
102
RTVSPropertyOp29
 70
     1
102
RTVSPropertyOp30
 70
     1
102
RTVSPropertyOp31
 70
     1
102
RTVSPropertyOp32
 70
     1
102
RTVSPropertyOp33
 70
     1
102
RTVSPropertyOp34
 70
     1
102
RTVSPropertyOp35
 70
     1
102
RTVSPropertyOp36
 70
     1
102
RTVSPropertyOp37
 70
     1
102
RTVSPropertyOp38
 70
     1
102
RTVSPropertyOp39
 70
     1
102
RTVSPropertyOp40
 70
     1
102
RTVSPropertyOp41
 70
     1
102
RTVSPropertyOp42
 70
     1
102
RTVSPropertyOp43
 70
     1
102
RTVSPropertyOp44
 70
     1
102
RTVSPropertyOp45
 70
     1
102
RTVSPropertyOp46
 70
     1
102
RTVSPropertyOp47
 70
     1
102
RTVSPropertyOp48
 70
     1
102
RTVSPropertyOp49
 70
     1
102
RTVSPropertyOp50
 70
     1
102
RTVSPropertyOp51
 70
     0
102
RTVSPropertyOp52
 70
     0
102
RTVSPropertyOp53
 70
     1
102
RTVSPropertyOp54
 70
     1
102
RTVSPropertyOp55
 70
     1
102
RTVSPropertyOp56
 70
     1
102
RTVSPropertyOp57
 70
     1
102
RTVSPropertyOp58
 70
     1
102
RTVSPropertyOp59
 70
     1
102
RTVSPropertyOp60
 70
     1
102
RTVSPropertyOp61
 70
     1
102
RTVSPropertyOp62
 70
     1
  0
XRECORD
  5
2A5
102
{ACAD_REACTORS
330
2A4
102
}
330
2A4
100
AcDbXrecord
280
     1
102
RTVSPost2010Prop28
280
     0
102
RTVSPost2010PropOp28
 70
     1
102
RTVSPost2010Prop29
280
     1
102
RTVSPost2010PropOp29
 70
     1
102
RTVSPost2010Prop30
280
     1
102
RTVSPost2010PropOp30
 70
     1
102
RTVSPost2010Prop31
280
     0
102
RTVSPost2010PropOp31
 70
     1
102
RTVSPost2010Prop32
280
     0
102
RTVSPost2010PropOp32
 70
     1
102
RTVSPost2010Prop33
280
     0
102
RTVSPost2010PropOp33
 70
     1
102
RTVSPost2010Prop34
280
     0
102
RTVSPost2010PropOp34
 70
     1
102
RTVSPost2010Prop35
280
     0
102
RTVSPost2010PropOp35
 70
     1
102
RTVSPost2010Prop36
280
     0
102
RTVSPost2010PropOp36
 70
     1
102
RTVSPost2010Prop37
 90
       50
102
RTVSPost2010PropOp37
 70
     1
102
RTVSPost2010Prop38
140
0.0
102
RTVSPost2010PropOp38
 70
     1
102
RTVSPost2010Prop39
140
1.0
102
RTVSPost2010PropOp39
 70
     1
102
RTVSPost2010Prop40
 90
        0
102
RTVSPost2010PropOp40
 70
     1
102
RTVSPost2010Prop41ColorIndex
 90
       18
102
RTVSPost2010Prop41ColorRGB
 90
        0
102
RTVSPost2010PropOp41
 70
     1
102
RTVSPost2010Prop42
 90
       50
102
RTVSPost2010PropOp42
 70
     1
102
RTVSPost2010Prop43
 90
        3
102
RTVSPost2010PropOp43
 70
     1
102
RTVSPost2010Prop44ColorIndex
 90
        5
102
RTVSPost2010Prop44ColorRGB
 90
      255
102
RTVSPost2010PropOp44
 70
     1
102
RTVSPost2010Prop45
280
     0
102
RTVSPost2010PropOp45
 70
     1
102
RTVSPost2010Prop46
 90
       50
102
RTVSPost2010PropOp46
 70
     1
102
RTVSPost2010Prop47
 90
       50
102
RTVSPost2010PropOp47
 70
     1
102
RTVSPost2010Prop48
 90
       50
102
RTVSPost2010PropOp48
 70
     1
102
RTVSPost2010Prop49
280
     0
102
RTVSPost2010PropOp49
 70
     1
102
RTVSPost2010Prop50
 90
       50
102
RTVSPost2010PropOp50
 70
     1
102
RTVSPost2010Prop51ColorIndex
 90
      256
102
RTVSPost2010Prop51ColorRGB
 90
-16777216
102
RTVSPost2010PropOp51
 70
     0
102
RTVSPost2010Prop52
140
1.0
102
RTVSPost2010PropOp52
 70
     0
102
RTVSPost2010Prop53
 90
        2
102
RTVSPost2010PropOp53
 70
     1
102
RTVSPost2010Prop54
  1
strokes_ogs.tif
102
RTVSPost2010PropOp54
 70
     1
102
RTVSPost2010Prop55
280
     0
102
RTVSPost2010PropOp55
 70
     1
102
RTVSPost2010Prop56
140
1.0
102
RTVSPost2010PropOp56
 70
     1
102
RTVSPost2010Prop57
140
1.0
102
RTVSPost2010PropOp57
 70
     1
102
RTVSPropertyOp0
 70
     1
102
RTVSPropertyOp1
 70
     1
102
RTVSPropertyOp2
 70
     1
102
RTVSPropertyOp3
 70
     1
102
RTVSPropertyOp4
 70
     1
102
RTVSPropertyOp5
 70
     1
102
RTVSPropertyOp6
 70
     1
102
RTVSPropertyOp7
 70
     1
102
RTVSPropertyOp8
 70
     1
102
RTVSPropertyOp9
 70
     1
102
RTVSPropertyOp10
 70
     1
102
RTVSPropertyOp11
 70
     1
102
RTVSPropertyOp12
 70
     1
102
RTVSPropertyOp13
 70
     1
102
RTVSPropertyOp14
 70
     1
102
RTVSPropertyOp15
 70
     1
102
RTVSPropertyOp16
 70
     1
102
RTVSPropertyOp17
 70
     1
102
RTVSPropertyOp18
 70
     1
102
RTVSPropertyOp19
 70
     1
102
RTVSPropertyOp20
 70
     1
102
RTVSPropertyOp21
 70
     1
102
RTVSPropertyOp22
 70
     1
102
RTVSPropertyOp23
 70
     1
102
RTVSPropertyOp24
 70
     1
102
RTVSPropertyOp25
 70
     1
102
RTVSPropertyOp26
 70
     1
102
RTVSPropertyOp27
 70
     1
102
RTVSPropertyOp28
 70
     1
102
RTVSPropertyOp29
 70
     1
102
RTVSPropertyOp30
 70
     1
102
RTVSPropertyOp31
 70
     1
102
RTVSPropertyOp32
 70
     1
102
RTVSPropertyOp33
 70
     1
102
RTVSPropertyOp34
 70
     1
102
RTVSPropertyOp35
 70
     1
102
RTVSPropertyOp36
 70
     1
102
RTVSPropertyOp37
 70
     1
102
RTVSPropertyOp38
 70
     1
102
RTVSPropertyOp39
 70
     1
102
RTVSPropertyOp40
 70
     1
102
RTVSPropertyOp41
 70
     1
102
RTVSPropertyOp42
 70
     1
102
RTVSPropertyOp43
 70
     1
102
RTVSPropertyOp44
 70
     1
102
RTVSPropertyOp45
 70
     1
102
RTVSPropertyOp46
 70
     1
102
RTVSPropertyOp47
 70
     1
102
RTVSPropertyOp48
 70
     1
102
RTVSPropertyOp49
 70
     1
102
RTVSPropertyOp50
 70
     1
102
RTVSPropertyOp51
 70
     0
102
RTVSPropertyOp52
 70
     0
102
RTVSPropertyOp53
 70
     1
102
RTVSPropertyOp54
 70
     1
102
RTVSPropertyOp55
 70
     1
102
RTVSPropertyOp56
 70
     1
102
RTVSPropertyOp57
 70
     1
102
RTVSPropertyOp58
 70
     1
102
RTVSPropertyOp59
 70
     1
102
RTVSPropertyOp60
 70
     1
102
RTVSPropertyOp61
 70
     1
102
RTVSPropertyOp62
 70
     1
  0
XRECORD
  5
297
102
{ACAD_REACTORS
330
296
102
}
330
296
100
AcDbXrecord
280
     1
102
RTVSPost2010Prop28
280
     0
102
RTVSPost2010PropOp28
 70
     1
102
RTVSPost2010Prop29
280
     1
102
RTVSPost2010PropOp29
 70
     1
102
RTVSPost2010Prop30
280
     1
102
RTVSPost2010PropOp30
 70
     1
102
RTVSPost2010Prop31
280
     0
102
RTVSPost2010PropOp31
 70
     1
102
RTVSPost2010Prop32
280
     0
102
RTVSPost2010PropOp32
 70
     1
102
RTVSPost2010Prop33
280
     0
102
RTVSPost2010PropOp33
 70
     1
102
RTVSPost2010Prop34
280
     0
102
RTVSPost2010PropOp34
 70
     1
102
RTVSPost2010Prop35
280
     0
102
RTVSPost2010PropOp35
 70
     1
102
RTVSPost2010Prop36
280
     0
102
RTVSPost2010PropOp36
 70
     1
102
RTVSPost2010Prop37
 90
       50
102
RTVSPost2010PropOp37
 70
     1
102
RTVSPost2010Prop38
140
0.0
102
RTVSPost2010PropOp38
 70
     1
102
RTVSPost2010Prop39
140
1.0
102
RTVSPost2010PropOp39
 70
     1
102
RTVSPost2010Prop40
 90
        0
102
RTVSPost2010PropOp40
 70
     1
102
RTVSPost2010Prop41ColorIndex
 90
       18
102
RTVSPost2010Prop41ColorRGB
 90
        0
102
RTVSPost2010PropOp41
 70
     1
102
RTVSPost2010Prop42
 90
       50
102
RTVSPost2010PropOp42
 70
     1
102
RTVSPost2010Prop43
 90
        3
102
RTVSPost2010PropOp43
 70
     1
102
RTVSPost2010Prop44ColorIndex
 90
        5
102
RTVSPost2010Prop44ColorRGB
 90
      255
102
RTVSPost2010PropOp44
 70
     1
102
RTVSPost2010Prop45
280
     0
102
RTVSPost2010PropOp45
 70
     1
102
RTVSPost2010Prop46
 90
       50
102
RTVSPost2010PropOp46
 70
     1
102
RTVSPost2010Prop47
 90
       50
102
RTVSPost2010PropOp47
 70
     1
102
RTVSPost2010Prop48
 90
       50
102
RTVSPost2010PropOp48
 70
     1
102
RTVSPost2010Prop49
280
     0
102
RTVSPost2010PropOp49
 70
     1
102
RTVSPost2010Prop50
 90
       50
102
RTVSPost2010PropOp50
 70
     1
102
RTVSPost2010Prop51ColorIndex
 90
      256
102
RTVSPost2010Prop51ColorRGB
 90
-16777216
102
RTVSPost2010PropOp51
 70
     0
102
RTVSPost2010Prop52
140
1.0
102
RTVSPost2010PropOp52
 70
     0
102
RTVSPost2010Prop53
 90
        2
102
RTVSPost2010PropOp53
 70
     1
102
RTVSPost2010Prop54
  1
strokes_ogs.tif
102
RTVSPost2010PropOp54
 70
     1
102
RTVSPost2010Prop55
280
     0
102
RTVSPost2010PropOp55
 70
     1
102
RTVSPost2010Prop56
140
1.0
102
RTVSPost2010PropOp56
 70
     1
102
RTVSPost2010Prop57
140
1.0
102
RTVSPost2010PropOp57
 70
     1
102
RTVSPropertyOp0
 70
     1
102
RTVSPropertyOp1
 70
     1
102
RTVSPropertyOp2
 70
     1
102
RTVSPropertyOp3
 70
     1
102
RTVSPropertyOp4
 70
     1
102
RTVSPropertyOp5
 70
     1
102
RTVSPropertyOp6
 70
     1
102
RTVSPropertyOp7
 70
     1
102
RTVSPropertyOp8
 70
     1
102
RTVSPropertyOp9
 70
     1
102
RTVSPropertyOp10
 70
     1
102
RTVSPropertyOp11
 70
     1
102
RTVSPropertyOp12
 70
     1
102
RTVSPropertyOp13
 70
     1
102
RTVSPropertyOp14
 70
     1
102
RTVSPropertyOp15
 70
     1
102
RTVSPropertyOp16
 70
     1
102
RTVSPropertyOp17
 70
     1
102
RTVSPropertyOp18
 70
     1
102
RTVSPropertyOp19
 70
     1
102
RTVSPropertyOp20
 70
     1
102
RTVSPropertyOp21
 70
     1
102
RTVSPropertyOp22
 70
     1
102
RTVSPropertyOp23
 70
     1
102
RTVSPropertyOp24
 70
     1
102
RTVSPropertyOp25
 70
     1
102
RTVSPropertyOp26
 70
     1
102
RTVSPropertyOp27
 70
     1
102
RTVSPropertyOp28
 70
     1
102
RTVSPropertyOp29
 70
     1
102
RTVSPropertyOp30
 70
     1
102
RTVSPropertyOp31
 70
     1
102
RTVSPropertyOp32
 70
     1
102
RTVSPropertyOp33
 70
     1
102
RTVSPropertyOp34
 70
     1
102
RTVSPropertyOp35
 70
     1
102
RTVSPropertyOp36
 70
     1
102
RTVSPropertyOp37
 70
     1
102
RTVSPropertyOp38
 70
     1
102
RTVSPropertyOp39
 70
     1
102
RTVSPropertyOp40
 70
     1
102
RTVSPropertyOp41
 70
     1
102
RTVSPropertyOp42
 70
     1
102
RTVSPropertyOp43
 70
     1
102
RTVSPropertyOp44
 70
     1
102
RTVSPropertyOp45
 70
     1
102
RTVSPropertyOp46
 70
     1
102
RTVSPropertyOp47
 70
     1
102
RTVSPropertyOp48
 70
     1
102
RTVSPropertyOp49
 70
     1
102
RTVSPropertyOp50
 70
     1
102
RTVSPropertyOp51
 70
     0
102
RTVSPropertyOp52
 70
     0
102
RTVSPropertyOp53
 70
     1
102
RTVSPropertyOp54
 70
     1
102
RTVSPropertyOp55
 70
     1
102
RTVSPropertyOp56
 70
     1
102
RTVSPropertyOp57
 70
     1
102
RTVSPropertyOp58
 70
     1
102
RTVSPropertyOp59
 70
     1
102
RTVSPropertyOp60
 70
     1
102
RTVSPropertyOp61
 70
     1
102
RTVSPropertyOp62
 70
     1
  0
XRECORD
  5
29B
102
{ACAD_REACTORS
330
29A
102
}
330
29A
100
AcDbXrecord
280
     1
102
RTVSPost2010Prop28
280
     0
102
RTVSPost2010PropOp28
 70
     1
102
RTVSPost2010Prop29
280
     1
102
RTVSPost2010PropOp29
 70
     1
102
RTVSPost2010Prop30
280
     1
102
RTVSPost2010PropOp30
 70
     1
102
RTVSPost2010Prop31
280
     0
102
RTVSPost2010PropOp31
 70
     1
102
RTVSPost2010Prop32
280
     0
102
RTVSPost2010PropOp32
 70
     1
102
RTVSPost2010Prop33
280
     0
102
RTVSPost2010PropOp33
 70
     1
102
RTVSPost2010Prop34
280
     0
102
RTVSPost2010PropOp34
 70
     1
102
RTVSPost2010Prop35
280
     0
102
RTVSPost2010PropOp35
 70
     1
102
RTVSPost2010Prop36
280
     0
102
RTVSPost2010PropOp36
 70
     1
102
RTVSPost2010Prop37
 90
       50
102
RTVSPost2010PropOp37
 70
     1
102
RTVSPost2010Prop38
140
0.0
102
RTVSPost2010PropOp38
 70
     1
102
RTVSPost2010Prop39
140
1.0
102
RTVSPost2010PropOp39
 70
     1
102
RTVSPost2010Prop40
 90
        0
102
RTVSPost2010PropOp40
 70
     1
102
RTVSPost2010Prop41ColorIndex
 90
       18
102
RTVSPost2010Prop41ColorRGB
 90
        0
102
RTVSPost2010PropOp41
 70
     1
102
RTVSPost2010Prop42
 90
       50
102
RTVSPost2010PropOp42
 70
     1
102
RTVSPost2010Prop43
 90
        3
102
RTVSPost2010PropOp43
 70
     1
102
RTVSPost2010Prop44ColorIndex
 90
        5
102
RTVSPost2010Prop44ColorRGB
 90
      255
102
RTVSPost2010PropOp44
 70
     1
102
RTVSPost2010Prop45
280
     0
102
RTVSPost2010PropOp45
 70
     1
102
RTVSPost2010Prop46
 90
       50
102
RTVSPost2010PropOp46
 70
     1
102
RTVSPost2010Prop47
 90
       50
102
RTVSPost2010PropOp47
 70
     1
102
RTVSPost2010Prop48
 90
       50
102
RTVSPost2010PropOp48
 70
     1
102
RTVSPost2010Prop49
280
     0
102
RTVSPost2010PropOp49
 70
     1
102
RTVSPost2010Prop50
 90
       50
102
RTVSPost2010PropOp50
 70
     1
102
RTVSPost2010Prop51ColorIndex
 90
      256
102
RTVSPost2010Prop51ColorRGB
 90
-16777216
102
RTVSPost2010PropOp51
 70
     0
102
RTVSPost2010Prop52
140
1.0
102
RTVSPost2010PropOp52
 70
     0
102
RTVSPost2010Prop53
 90
        2
102
RTVSPost2010PropOp53
 70
     1
102
RTVSPost2010Prop54
  1
strokes_ogs.tif
102
RTVSPost2010PropOp54
 70
     1
102
RTVSPost2010Prop55
280
     0
102
RTVSPost2010PropOp55
 70
     1
102
RTVSPost2010Prop56
140
1.0
102
RTVSPost2010PropOp56
 70
     1
102
RTVSPost2010Prop57
140
1.0
102
RTVSPost2010PropOp57
 70
     1
102
RTVSPropertyOp0
 70
     1
102
RTVSPropertyOp1
 70
     1
102
RTVSPropertyOp2
 70
     1
102
RTVSPropertyOp3
 70
     1
102
RTVSPropertyOp4
 70
     1
102
RTVSPropertyOp5
 70
     1
102
RTVSPropertyOp6
 70
     1
102
RTVSPropertyOp7
 70
     1
102
RTVSPropertyOp8
 70
     1
102
RTVSPropertyOp9
 70
     1
102
RTVSPropertyOp10
 70
     1
102
RTVSPropertyOp11
 70
     1
102
RTVSPropertyOp12
 70
     1
102
RTVSPropertyOp13
 70
     1
102
RTVSPropertyOp14
 70
     1
102
RTVSPropertyOp15
 70
     1
102
RTVSPropertyOp16
 70
     1
102
RTVSPropertyOp17
 70
     1
102
RTVSPropertyOp18
 70
     1
102
RTVSPropertyOp19
 70
     1
102
RTVSPropertyOp20
 70
     1
102
RTVSPropertyOp21
 70
     1
102
RTVSPropertyOp22
 70
     1
102
RTVSPropertyOp23
 70
     1
102
RTVSPropertyOp24
 70
     1
102
RTVSPropertyOp25
 70
     1
102
RTVSPropertyOp26
 70
     1
102
RTVSPropertyOp27
 70
     1
102
RTVSPropertyOp28
 70
     1
102
RTVSPropertyOp29
 70
     1
102
RTVSPropertyOp30
 70
     1
102
RTVSPropertyOp31
 70
     1
102
RTVSPropertyOp32
 70
     1
102
RTVSPropertyOp33
 70
     1
102
RTVSPropertyOp34
 70
     1
102
RTVSPropertyOp35
 70
     1
102
RTVSPropertyOp36
 70
     1
102
RTVSPropertyOp37
 70
     1
102
RTVSPropertyOp38
 70
     1
102
RTVSPropertyOp39
 70
     1
102
RTVSPropertyOp40
 70
     1
102
RTVSPropertyOp41
 70
     1
102
RTVSPropertyOp42
 70
     1
102
RTVSPropertyOp43
 70
     1
102
RTVSPropertyOp44
 70
     1
102
RTVSPropertyOp45
 70
     1
102
RTVSPropertyOp46
 70
     1
102
RTVSPropertyOp47
 70
     1
102
RTVSPropertyOp48
 70
     1
102
RTVSPropertyOp49
 70
     1
102
RTVSPropertyOp50
 70
     1
102
RTVSPropertyOp51
 70
     0
102
RTVSPropertyOp52
 70
     0
102
RTVSPropertyOp53
 70
     1
102
RTVSPropertyOp54
 70
     1
102
RTVSPropertyOp55
 70
     1
102
RTVSPropertyOp56
 70
     1
102
RTVSPropertyOp57
 70
     1
102
RTVSPropertyOp58
 70
     1
102
RTVSPropertyOp59
 70
     1
102
RTVSPropertyOp60
 70
     1
102
RTVSPropertyOp61
 70
     1
102
RTVSPropertyOp62
 70
     1
  0
XRECORD
  5
2AB
102
{ACAD_REACTORS
330
2AA
102
}
330
2AA
100
AcDbXrecord
280
     1
102
RTVSPost2010Prop28
280
     0
102
RTVSPost2010PropOp28
 70
     1
102
RTVSPost2010Prop29
280
     1
102
RTVSPost2010PropOp29
 70
     1
102
RTVSPost2010Prop30
280
     1
102
RTVSPost2010PropOp30
 70
     1
102
RTVSPost2010Prop31
280
     0
102
RTVSPost2010PropOp31
 70
     1
102
RTVSPost2010Prop32
280
     0
102
RTVSPost2010PropOp32
 70
     1
102
RTVSPost2010Prop33
280
     0
102
RTVSPost2010PropOp33
 70
     1
102
RTVSPost2010Prop34
280
     0
102
RTVSPost2010PropOp34
 70
     1
102
RTVSPost2010Prop35
280
     0
102
RTVSPost2010PropOp35
 70
     1
102
RTVSPost2010Prop36
280
     0
102
RTVSPost2010PropOp36
 70
     1
102
RTVSPost2010Prop37
 90
       50
102
RTVSPost2010PropOp37
 70
     1
102
RTVSPost2010Prop38
140
0.0
102
RTVSPost2010PropOp38
 70
     1
102
RTVSPost2010Prop39
140
1.0
102
RTVSPost2010PropOp39
 70
     1
102
RTVSPost2010Prop40
 90
        0
102
RTVSPost2010PropOp40
 70
     1
102
RTVSPost2010Prop41ColorIndex
 90
       18
102
RTVSPost2010Prop41ColorRGB
 90
        0
102
RTVSPost2010PropOp41
 70
     1
102
RTVSPost2010Prop42
 90
       50
102
RTVSPost2010PropOp42
 70
     1
102
RTVSPost2010Prop43
 90
        3
102
RTVSPost2010PropOp43
 70
     1
102
RTVSPost2010Prop44ColorIndex
 90
        5
102
RTVSPost2010Prop44ColorRGB
 90
      255
102
RTVSPost2010PropOp44
 70
     1
102
RTVSPost2010Prop45
280
     0
102
RTVSPost2010PropOp45
 70
     1
102
RTVSPost2010Prop46
 90
       50
102
RTVSPost2010PropOp46
 70
     1
102
RTVSPost2010Prop47
 90
       50
102
RTVSPost2010PropOp47
 70
     1
102
RTVSPost2010Prop48
 90
       50
102
RTVSPost2010PropOp48
 70
     1
102
RTVSPost2010Prop49
280
     0
102
RTVSPost2010PropOp49
 70
     1
102
RTVSPost2010Prop50
 90
       50
102
RTVSPost2010PropOp50
 70
     1
102
RTVSPost2010Prop51ColorIndex
 90
      256
102
RTVSPost2010Prop51ColorRGB
 90
-16777216
102
RTVSPost2010PropOp51
 70
     0
102
RTVSPost2010Prop52
140
1.0
102
RTVSPost2010PropOp52
 70
     0
102
RTVSPost2010Prop53
 90
        2
102
RTVSPost2010PropOp53
 70
     1
102
RTVSPost2010Prop54
  1
strokes_ogs.tif
102
RTVSPost2010PropOp54
 70
     1
102
RTVSPost2010Prop55
280
     0
102
RTVSPost2010PropOp55
 70
     1
102
RTVSPost2010Prop56
140
1.0
102
RTVSPost2010PropOp56
 70
     1
102
RTVSPost2010Prop57
140
1.0
102
RTVSPost2010PropOp57
 70
     1
102
RTVSPropertyOp0
 70
     0
102
RTVSPropertyOp1
 70
     0
102
RTVSPropertyOp2
 70
     0
102
RTVSPropertyOp3
 70
     0
102
RTVSPropertyOp4
 70
     0
102
RTVSPropertyOp5
 70
     0
102
RTVSPropertyOp6
 70
     0
102
RTVSPropertyOp7
 70
     0
102
RTVSPropertyOp8
 70
     0
102
RTVSPropertyOp9
 70
     0
102
RTVSPropertyOp10
 70
     0
102
RTVSPropertyOp11
 70
     0
102
RTVSPropertyOp12
 70
     0
102
RTVSPropertyOp13
 70
     0
102
RTVSPropertyOp14
 70
     2
102
RTVSPropertyOp15
 70
     0
102
RTVSPropertyOp16
 70
     0
102
RTVSPropertyOp17
 70
     0
102
RTVSPropertyOp18
 70
     0
102
RTVSPropertyOp19
 70
     0
102
RTVSPropertyOp20
 70
     0
102
RTVSPropertyOp21
 70
     0
102
RTVSPropertyOp22
 70
     0
102
RTVSPropertyOp23
 70
     0
102
RTVSPropertyOp24
 70
     0
102
RTVSPropertyOp25
 70
     0
102
RTVSPropertyOp26
 70
     0
102
RTVSPropertyOp27
 70
     0
102
RTVSPropertyOp28
 70
     1
102
RTVSPropertyOp29
 70
     1
102
RTVSPropertyOp30
 70
     1
102
RTVSPropertyOp31
 70
     1
102
RTVSPropertyOp32
 70
     1
102
RTVSPropertyOp33
 70
     1
102
RTVSPropertyOp34
 70
     1
102
RTVSPropertyOp35
 70
     1
102
RTVSPropertyOp36
 70
     1
102
RTVSPropertyOp37
 70
     1
102
RTVSPropertyOp38
 70
     1
102
RTVSPropertyOp39
 70
     1
102
RTVSPropertyOp40
 70
     1
102
RTVSPropertyOp41
 70
     1
102
RTVSPropertyOp42
 70
     1
102
RTVSPropertyOp43
 70
     1
102
RTVSPropertyOp44
 70
     1
102
RTVSPropertyOp45
 70
     1
102
RTVSPropertyOp46
 70
     1
102
RTVSPropertyOp47
 70
     1
102
RTVSPropertyOp48
 70
     1
102
RTVSPropertyOp49
 70
     1
102
RTVSPropertyOp50
 70
     1
102
RTVSPropertyOp51
 70
     0
102
RTVSPropertyOp52
 70
     0
102
RTVSPropertyOp53
 70
     1
102
RTVSPropertyOp54
 70
     1
102
RTVSPropertyOp55
 70
     1
102
RTVSPropertyOp56
 70
     1
102
RTVSPropertyOp57
 70
     1
102
RTVSPropertyOp58
 70
     1
102
RTVSPropertyOp59
 70
     1
102
RTVSPropertyOp60
 70
     1
102
RTVSPropertyOp61
 70
     1
102
RTVSPropertyOp62
 70
     1
  0
XRECORD
  5
2A3
102
{ACAD_REACTORS
330
2A2
102
}
330
2A2
100
AcDbXrecord
280
     1
102
RTVSPost2010Prop28
280
     0
102
RTVSPost2010PropOp28
 70
     1
102
RTVSPost2010Prop29
280
     1
102
RTVSPost2010PropOp29
 70
     1
102
RTVSPost2010Prop30
280
     1
102
RTVSPost2010PropOp30
 70
     1
102
RTVSPost2010Prop31
280
     0
102
RTVSPost2010PropOp31
 70
     1
102
RTVSPost2010Prop32
280
     0
102
RTVSPost2010PropOp32
 70
     1
102
RTVSPost2010Prop33
280
     0
102
RTVSPost2010PropOp33
 70
     1
102
RTVSPost2010Prop34
280
     0
102
RTVSPost2010PropOp34
 70
     1
102
RTVSPost2010Prop35
280
     0
102
RTVSPost2010PropOp35
 70
     1
102
RTVSPost2010Prop36
280
     0
102
RTVSPost2010PropOp36
 70
     1
102
RTVSPost2010Prop37
 90
       50
102
RTVSPost2010PropOp37
 70
     1
102
RTVSPost2010Prop38
140
0.0
102
RTVSPost2010PropOp38
 70
     1
102
RTVSPost2010Prop39
140
1.0
102
RTVSPost2010PropOp39
 70
     1
102
RTVSPost2010Prop40
 90
        0
102
RTVSPost2010PropOp40
 70
     1
102
RTVSPost2010Prop41ColorIndex
 90
       18
102
RTVSPost2010Prop41ColorRGB
 90
        0
102
RTVSPost2010PropOp41
 70
     1
102
RTVSPost2010Prop42
 90
       50
102
RTVSPost2010PropOp42
 70
     1
102
RTVSPost2010Prop43
 90
        3
102
RTVSPost2010PropOp43
 70
     1
102
RTVSPost2010Prop44ColorIndex
 90
        5
102
RTVSPost2010Prop44ColorRGB
 90
      255
102
RTVSPost2010PropOp44
 70
     1
102
RTVSPost2010Prop45
280
     0
102
RTVSPost2010PropOp45
 70
     1
102
RTVSPost2010Prop46
 90
       50
102
RTVSPost2010PropOp46
 70
     1
102
RTVSPost2010Prop47
 90
       50
102
RTVSPost2010PropOp47
 70
     1
102
RTVSPost2010Prop48
 90
       50
102
RTVSPost2010PropOp48
 70
     1
102
RTVSPost2010Prop49
280
     0
102
RTVSPost2010PropOp49
 70
     1
102
RTVSPost2010Prop50
 90
       50
102
RTVSPost2010PropOp50
 70
     1
102
RTVSPost2010Prop51ColorIndex
 90
      256
102
RTVSPost2010Prop51ColorRGB
 90
-16777216
102
RTVSPost2010PropOp51
 70
     0
102
RTVSPost2010Prop52
140
1.0
102
RTVSPost2010PropOp52
 70
     0
102
RTVSPost2010Prop53
 90
        2
102
RTVSPost2010PropOp53
 70
     1
102
RTVSPost2010Prop54
  1
strokes_ogs.tif
102
RTVSPost2010PropOp54
 70
     1
102
RTVSPost2010Prop55
280
     0
102
RTVSPost2010PropOp55
 70
     1
102
RTVSPost2010Prop56
140
1.0
102
RTVSPost2010PropOp56
 70
     1
102
RTVSPost2010Prop57
140
1.0
102
RTVSPost2010PropOp57
 70
     1
102
RTVSPropertyOp0
 70
     1
102
RTVSPropertyOp1
 70
     1
102
RTVSPropertyOp2
 70
     1
102
RTVSPropertyOp3
 70
     1
102
RTVSPropertyOp4
 70
     1
102
RTVSPropertyOp5
 70
     1
102
RTVSPropertyOp6
 70
     1
102
RTVSPropertyOp7
 70
     1
102
RTVSPropertyOp8
 70
     1
102
RTVSPropertyOp9
 70
     1
102
RTVSPropertyOp10
 70
     1
102
RTVSPropertyOp11
 70
     1
102
RTVSPropertyOp12
 70
     1
102
RTVSPropertyOp13
 70
     1
102
RTVSPropertyOp14
 70
     1
102
RTVSPropertyOp15
 70
     1
102
RTVSPropertyOp16
 70
     1
102
RTVSPropertyOp17
 70
     1
102
RTVSPropertyOp18
 70
     1
102
RTVSPropertyOp19
 70
     1
102
RTVSPropertyOp20
 70
     1
102
RTVSPropertyOp21
 70
     1
102
RTVSPropertyOp22
 70
     1
102
RTVSPropertyOp23
 70
     1
102
RTVSPropertyOp24
 70
     1
102
RTVSPropertyOp25
 70
     1
102
RTVSPropertyOp26
 70
     1
102
RTVSPropertyOp27
 70
     1
102
RTVSPropertyOp28
 70
     1
102
RTVSPropertyOp29
 70
     1
102
RTVSPropertyOp30
 70
     1
102
RTVSPropertyOp31
 70
     1
102
RTVSPropertyOp32
 70
     1
102
RTVSPropertyOp33
 70
     1
102
RTVSPropertyOp34
 70
     1
102
RTVSPropertyOp35
 70
     1
102
RTVSPropertyOp36
 70
     1
102
RTVSPropertyOp37
 70
     1
102
RTVSPropertyOp38
 70
     1
102
RTVSPropertyOp39
 70
     1
102
RTVSPropertyOp40
 70
     1
102
RTVSPropertyOp41
 70
     1
102
RTVSPropertyOp42
 70
     1
102
RTVSPropertyOp43
 70
     1
102
RTVSPropertyOp44
 70
     1
102
RTVSPropertyOp45
 70
     1
102
RTVSPropertyOp46
 70
     1
102
RTVSPropertyOp47
 70
     1
102
RTVSPropertyOp48
 70
     1
102
RTVSPropertyOp49
 70
     1
102
RTVSPropertyOp50
 70
     1
102
RTVSPropertyOp51
 70
     0
102
RTVSPropertyOp52
 70
     0
102
RTVSPropertyOp53
 70
     1
102
RTVSPropertyOp54
 70
     1
102
RTVSPropertyOp55
 70
     1
102
RTVSPropertyOp56
 70
     1
102
RTVSPropertyOp57
 70
     1
102
RTVSPropertyOp58
 70
     1
102
RTVSPropertyOp59
 70
     1
102
RTVSPropertyOp60
 70
     1
102
RTVSPropertyOp61
 70
     1
102
RTVSPropertyOp62
 70
     1
  0
XRECORD
  5
287
102
{ACAD_REACTORS
330
286
102
}
330
286
100
AcDbXrecord
280
     1
102
RTVSPost2010Prop28
280
     0
102
RTVSPost2010PropOp28
 70
     1
102
RTVSPost2010Prop29
280
     1
102
RTVSPost2010PropOp29
 70
     1
102
RTVSPost2010Prop30
280
     1
102
RTVSPost2010PropOp30
 70
     1
102
RTVSPost2010Prop31
280
     0
102
RTVSPost2010PropOp31
 70
     1
102
RTVSPost2010Prop32
280
     0
102
RTVSPost2010PropOp32
 70
     1
102
RTVSPost2010Prop33
280
     0
102
RTVSPost2010PropOp33
 70
     1
102
RTVSPost2010Prop34
280
     0
102
RTVSPost2010PropOp34
 70
     1
102
RTVSPost2010Prop35
280
     0
102
RTVSPost2010PropOp35
 70
     1
102
RTVSPost2010Prop36
280
     0
102
RTVSPost2010PropOp36
 70
     1
102
RTVSPost2010Prop37
 90
       50
102
RTVSPost2010PropOp37
 70
     1
102
RTVSPost2010Prop38
140
0.0
102
RTVSPost2010PropOp38
 70
     1
102
RTVSPost2010Prop39
140
1.0
102
RTVSPost2010PropOp39
 70
     1
102
RTVSPost2010Prop40
 90
        0
102
RTVSPost2010PropOp40
 70
     1
102
RTVSPost2010Prop41ColorIndex
 90
       18
102
RTVSPost2010Prop41ColorRGB
 90
        0
102
RTVSPost2010PropOp41
 70
     1
102
RTVSPost2010Prop42
 90
       50
102
RTVSPost2010PropOp42
 70
     1
102
RTVSPost2010Prop43
 90
        3
102
RTVSPost2010PropOp43
 70
     1
102
RTVSPost2010Prop44ColorIndex
 90
        5
102
RTVSPost2010Prop44ColorRGB
 90
      255
102
RTVSPost2010PropOp44
 70
     1
102
RTVSPost2010Prop45
280
     0
102
RTVSPost2010PropOp45
 70
     1
102
RTVSPost2010Prop46
 90
       50
102
RTVSPost2010PropOp46
 70
     1
102
RTVSPost2010Prop47
 90
       50
102
RTVSPost2010PropOp47
 70
     1
102
RTVSPost2010Prop48
 90
       50
102
RTVSPost2010PropOp48
 70
     1
102
RTVSPost2010Prop49
280
     0
102
RTVSPost2010PropOp49
 70
     1
102
RTVSPost2010Prop50
 90
       50
102
RTVSPost2010PropOp50
 70
     1
102
RTVSPost2010Prop51ColorIndex
 90
      256
102
RTVSPost2010Prop51ColorRGB
 90
-16777216
102
RTVSPost2010PropOp51
 70
     0
102
RTVSPost2010Prop52
140
1.0
102
RTVSPost2010PropOp52
 70
     0
102
RTVSPost2010Prop53
 90
        2
102
RTVSPost2010PropOp53
 70
     1
102
RTVSPost2010Prop54
  1
strokes_ogs.tif
102
RTVSPost2010PropOp54
 70
     1
102
RTVSPost2010Prop55
280
     0
102
RTVSPost2010PropOp55
 70
     1
102
RTVSPost2010Prop56
140
1.0
102
RTVSPost2010PropOp56
 70
     1
102
RTVSPost2010Prop57
140
1.0
102
RTVSPost2010PropOp57
 70
     1
102
RTVSPropertyOp0
 70
     1
102
RTVSPropertyOp1
 70
     1
102
RTVSPropertyOp2
 70
     1
102
RTVSPropertyOp3
 70
     1
102
RTVSPropertyOp4
 70
     1
102
RTVSPropertyOp5
 70
     1
102
RTVSPropertyOp6
 70
     1
102
RTVSPropertyOp7
 70
     1
102
RTVSPropertyOp8
 70
     1
102
RTVSPropertyOp9
 70
     1
102
RTVSPropertyOp10
 70
     1
102
RTVSPropertyOp11
 70
     1
102
RTVSPropertyOp12
 70
     1
102
RTVSPropertyOp13
 70
     1
102
RTVSPropertyOp14
 70
     1
102
RTVSPropertyOp15
 70
     1
102
RTVSPropertyOp16
 70
     1
102
RTVSPropertyOp17
 70
     1
102
RTVSPropertyOp18
 70
     1
102
RTVSPropertyOp19
 70
     1
102
RTVSPropertyOp20
 70
     1
102
RTVSPropertyOp21
 70
     1
102
RTVSPropertyOp22
 70
     1
102
RTVSPropertyOp23
 70
     1
102
RTVSPropertyOp24
 70
     1
102
RTVSPropertyOp25
 70
     1
102
RTVSPropertyOp26
 70
     1
102
RTVSPropertyOp27
 70
     1
102
RTVSPropertyOp28
 70
     1
102
RTVSPropertyOp29
 70
     1
102
RTVSPropertyOp30
 70
     1
102
RTVSPropertyOp31
 70
     1
102
RTVSPropertyOp32
 70
     1
102
RTVSPropertyOp33
 70
     1
102
RTVSPropertyOp34
 70
     1
102
RTVSPropertyOp35
 70
     1
102
RTVSPropertyOp36
 70
     1
102
RTVSPropertyOp37
 70
     1
102
RTVSPropertyOp38
 70
     1
102
RTVSPropertyOp39
 70
     1
102
RTVSPropertyOp40
 70
     1
102
RTVSPropertyOp41
 70
     1
102
RTVSPropertyOp42
 70
     1
102
RTVSPropertyOp43
 70
     1
102
RTVSPropertyOp44
 70
     1
102
RTVSPropertyOp45
 70
     1
102
RTVSPropertyOp46
 70
     1
102
RTVSPropertyOp47
 70
     1
102
RTVSPropertyOp48
 70
     1
102
RTVSPropertyOp49
 70
     1
102
RTVSPropertyOp50
 70
     1
102
RTVSPropertyOp51
 70
     0
102
RTVSPropertyOp52
 70
     0
102
RTVSPropertyOp53
 70
     1
102
RTVSPropertyOp54
 70
     1
102
RTVSPropertyOp55
 70
     1
102
RTVSPropertyOp56
 70
     1
102
RTVSPropertyOp57
 70
     1
102
RTVSPropertyOp58
 70
     1
102
RTVSPropertyOp59
 70
     1
102
RTVSPropertyOp60
 70
     1
102
RTVSPropertyOp61
 70
     1
102
RTVSPropertyOp62
 70
     1
  0
XRECORD
  5
289
102
{ACAD_REACTORS
330
288
102
}
330
288
100
AcDbXrecord
280
     1
102
RTVSPost2010Prop28
280
     0
102
RTVSPost2010PropOp28
 70
     1
102
RTVSPost2010Prop29
280
     1
102
RTVSPost2010PropOp29
 70
     1
102
RTVSPost2010Prop30
280
     1
102
RTVSPost2010PropOp30
 70
     1
102
RTVSPost2010Prop31
280
     0
102
RTVSPost2010PropOp31
 70
     1
102
RTVSPost2010Prop32
280
     0
102
RTVSPost2010PropOp32
 70
     1
102
RTVSPost2010Prop33
280
     0
102
RTVSPost2010PropOp33
 70
     1
102
RTVSPost2010Prop34
280
     0
102
RTVSPost2010PropOp34
 70
     1
102
RTVSPost2010Prop35
280
     0
102
RTVSPost2010PropOp35
 70
     1
102
RTVSPost2010Prop36
280
     0
102
RTVSPost2010PropOp36
 70
     1
102
RTVSPost2010Prop37
 90
       50
102
RTVSPost2010PropOp37
 70
     1
102
RTVSPost2010Prop38
140
0.0
102
RTVSPost2010PropOp38
 70
     1
102
RTVSPost2010Prop39
140
1.0
102
RTVSPost2010PropOp39
 70
     1
102
RTVSPost2010Prop40
 90
        0
102
RTVSPost2010PropOp40
 70
     1
102
RTVSPost2010Prop41ColorIndex
 90
       18
102
RTVSPost2010Prop41ColorRGB
 90
        0
102
RTVSPost2010PropOp41
 70
     1
102
RTVSPost2010Prop42
 90
       50
102
RTVSPost2010PropOp42
 70
     1
102
RTVSPost2010Prop43
 90
        3
102
RTVSPost2010PropOp43
 70
     1
102
RTVSPost2010Prop44ColorIndex
 90
        5
102
RTVSPost2010Prop44ColorRGB
 90
      255
102
RTVSPost2010PropOp44
 70
     1
102
RTVSPost2010Prop45
280
     0
102
RTVSPost2010PropOp45
 70
     1
102
RTVSPost2010Prop46
 90
       50
102
RTVSPost2010PropOp46
 70
     1
102
RTVSPost2010Prop47
 90
       50
102
RTVSPost2010PropOp47
 70
     1
102
RTVSPost2010Prop48
 90
       50
102
RTVSPost2010PropOp48
 70
     1
102
RTVSPost2010Prop49
280
     0
102
RTVSPost2010PropOp49
 70
     1
102
RTVSPost2010Prop50
 90
       50
102
RTVSPost2010PropOp50
 70
     1
102
RTVSPost2010Prop51ColorIndex
 90
      256
102
RTVSPost2010Prop51ColorRGB
 90
-16777216
102
RTVSPost2010PropOp51
 70
     0
102
RTVSPost2010Prop52
140
1.0
102
RTVSPost2010PropOp52
 70
     0
102
RTVSPost2010Prop53
 90
        2
102
RTVSPost2010PropOp53
 70
     1
102
RTVSPost2010Prop54
  1
strokes_ogs.tif
102
RTVSPost2010PropOp54
 70
     1
102
RTVSPost2010Prop55
280
     0
102
RTVSPost2010PropOp55
 70
     1
102
RTVSPost2010Prop56
140
1.0
102
RTVSPost2010PropOp56
 70
     1
102
RTVSPost2010Prop57
140
1.0
102
RTVSPost2010PropOp57
 70
     1
102
RTVSPropertyOp0
 70
     1
102
RTVSPropertyOp1
 70
     1
102
RTVSPropertyOp2
 70
     1
102
RTVSPropertyOp3
 70
     1
102
RTVSPropertyOp4
 70
     1
102
RTVSPropertyOp5
 70
     1
102
RTVSPropertyOp6
 70
     1
102
RTVSPropertyOp7
 70
     1
102
RTVSPropertyOp8
 70
     1
102
RTVSPropertyOp9
 70
     1
102
RTVSPropertyOp10
 70
     1
102
RTVSPropertyOp11
 70
     1
102
RTVSPropertyOp12
 70
     1
102
RTVSPropertyOp13
 70
     1
102
RTVSPropertyOp14
 70
     1
102
RTVSPropertyOp15
 70
     1
102
RTVSPropertyOp16
 70
     1
102
RTVSPropertyOp17
 70
     1
102
RTVSPropertyOp18
 70
     1
102
RTVSPropertyOp19
 70
     1
102
RTVSPropertyOp20
 70
     1
102
RTVSPropertyOp21
 70
     1
102
RTVSPropertyOp22
 70
     1
102
RTVSPropertyOp23
 70
     1
102
RTVSPropertyOp24
 70
     1
102
RTVSPropertyOp25
 70
     1
102
RTVSPropertyOp26
 70
     1
102
RTVSPropertyOp27
 70
     1
102
RTVSPropertyOp28
 70
     1
102
RTVSPropertyOp29
 70
     1
102
RTVSPropertyOp30
 70
     1
102
RTVSPropertyOp31
 70
     1
102
RTVSPropertyOp32
 70
     1
102
RTVSPropertyOp33
 70
     1
102
RTVSPropertyOp34
 70
     1
102
RTVSPropertyOp35
 70
     1
102
RTVSPropertyOp36
 70
     1
102
RTVSPropertyOp37
 70
     1
102
RTVSPropertyOp38
 70
     1
102
RTVSPropertyOp39
 70
     1
102
RTVSPropertyOp40
 70
     1
102
RTVSPropertyOp41
 70
     1
102
RTVSPropertyOp42
 70
     1
102
RTVSPropertyOp43
 70
     1
102
RTVSPropertyOp44
 70
     1
102
RTVSPropertyOp45
 70
     1
102
RTVSPropertyOp46
 70
     1
102
RTVSPropertyOp47
 70
     1
102
RTVSPropertyOp48
 70
     1
102
RTVSPropertyOp49
 70
     1
102
RTVSPropertyOp50
 70
     1
102
RTVSPropertyOp51
 70
     0
102
RTVSPropertyOp52
 70
     0
102
RTVSPropertyOp53
 70
     1
102
RTVSPropertyOp54
 70
     1
102
RTVSPropertyOp55
 70
     1
102
RTVSPropertyOp56
 70
     1
102
RTVSPropertyOp57
 70
     1
102
RTVSPropertyOp58
 70
     1
102
RTVSPropertyOp59
 70
     1
102
RTVSPropertyOp60
 70
     1
102
RTVSPropertyOp61
 70
     1
102
RTVSPropertyOp62
 70
     1
  0
XRECORD
  5
28B
102
{ACAD_REACTORS
330
28A
102
}
330
28A
100
AcDbXrecord
280
     1
102
RTVSPost2010Prop28
280
     0
102
RTVSPost2010PropOp28
 70
     1
102
RTVSPost2010Prop29
280
     1
102
RTVSPost2010PropOp29
 70
     1
102
RTVSPost2010Prop30
280
     1
102
RTVSPost2010PropOp30
 70
     1
102
RTVSPost2010Prop31
280
     0
102
RTVSPost2010PropOp31
 70
     1
102
RTVSPost2010Prop32
280
     0
102
RTVSPost2010PropOp32
 70
     1
102
RTVSPost2010Prop33
280
     0
102
RTVSPost2010PropOp33
 70
     1
102
RTVSPost2010Prop34
280
     0
102
RTVSPost2010PropOp34
 70
     1
102
RTVSPost2010Prop35
280
     0
102
RTVSPost2010PropOp35
 70
     1
102
RTVSPost2010Prop36
280
     0
102
RTVSPost2010PropOp36
 70
     1
102
RTVSPost2010Prop37
 90
       50
102
RTVSPost2010PropOp37
 70
     1
102
RTVSPost2010Prop38
140
0.0
102
RTVSPost2010PropOp38
 70
     1
102
RTVSPost2010Prop39
140
1.0
102
RTVSPost2010PropOp39
 70
     1
102
RTVSPost2010Prop40
 90
        0
102
RTVSPost2010PropOp40
 70
     1
102
RTVSPost2010Prop41ColorIndex
 90
       18
102
RTVSPost2010Prop41ColorRGB
 90
        0
102
RTVSPost2010PropOp41
 70
     1
102
RTVSPost2010Prop42
 90
       50
102
RTVSPost2010PropOp42
 70
     1
102
RTVSPost2010Prop43
 90
        3
102
RTVSPost2010PropOp43
 70
     1
102
RTVSPost2010Prop44ColorIndex
 90
        5
102
RTVSPost2010Prop44ColorRGB
 90
      255
102
RTVSPost2010PropOp44
 70
     1
102
RTVSPost2010Prop45
280
     0
102
RTVSPost2010PropOp45
 70
     1
102
RTVSPost2010Prop46
 90
       50
102
RTVSPost2010PropOp46
 70
     1
102
RTVSPost2010Prop47
 90
       50
102
RTVSPost2010PropOp47
 70
     1
102
RTVSPost2010Prop48
 90
       50
102
RTVSPost2010PropOp48
 70
     1
102
RTVSPost2010Prop49
280
     0
102
RTVSPost2010PropOp49
 70
     1
102
RTVSPost2010Prop50
 90
       50
102
RTVSPost2010PropOp50
 70
     1
102
RTVSPost2010Prop51ColorIndex
 90
      256
102
RTVSPost2010Prop51ColorRGB
 90
-16777216
102
RTVSPost2010PropOp51
 70
     0
102
RTVSPost2010Prop52
140
1.0
102
RTVSPost2010PropOp52
 70
     0
102
RTVSPost2010Prop53
 90
        2
102
RTVSPost2010PropOp53
 70
     1
102
RTVSPost2010Prop54
  1
strokes_ogs.tif
102
RTVSPost2010PropOp54
 70
     1
102
RTVSPost2010Prop55
280
     0
102
RTVSPost2010PropOp55
 70
     1
102
RTVSPost2010Prop56
140
1.0
102
RTVSPost2010PropOp56
 70
     1
102
RTVSPost2010Prop57
140
1.0
102
RTVSPost2010PropOp57
 70
     1
102
RTVSPropertyOp0
 70
     1
102
RTVSPropertyOp1
 70
     1
102
RTVSPropertyOp2
 70
     1
102
RTVSPropertyOp3
 70
     1
102
RTVSPropertyOp4
 70
     1
102
RTVSPropertyOp5
 70
     1
102
RTVSPropertyOp6
 70
     1
102
RTVSPropertyOp7
 70
     1
102
RTVSPropertyOp8
 70
     1
102
RTVSPropertyOp9
 70
     1
102
RTVSPropertyOp10
 70
     1
102
RTVSPropertyOp11
 70
     1
102
RTVSPropertyOp12
 70
     1
102
RTVSPropertyOp13
 70
     1
102
RTVSPropertyOp14
 70
     1
102
RTVSPropertyOp15
 70
     1
102
RTVSPropertyOp16
 70
     1
102
RTVSPropertyOp17
 70
     1
102
RTVSPropertyOp18
 70
     1
102
RTVSPropertyOp19
 70
     1
102
RTVSPropertyOp20
 70
     1
102
RTVSPropertyOp21
 70
     1
102
RTVSPropertyOp22
 70
     1
102
RTVSPropertyOp23
 70
     1
102
RTVSPropertyOp24
 70
     1
102
RTVSPropertyOp25
 70
     1
102
RTVSPropertyOp26
 70
     1
102
RTVSPropertyOp27
 70
     1
102
RTVSPropertyOp28
 70
     1
102
RTVSPropertyOp29
 70
     1
102
RTVSPropertyOp30
 70
     1
102
RTVSPropertyOp31
 70
     1
102
RTVSPropertyOp32
 70
     1
102
RTVSPropertyOp33
 70
     1
102
RTVSPropertyOp34
 70
     1
102
RTVSPropertyOp35
 70
     1
102
RTVSPropertyOp36
 70
     1
102
RTVSPropertyOp37
 70
     1
102
RTVSPropertyOp38
 70
     1
102
RTVSPropertyOp39
 70
     1
102
RTVSPropertyOp40
 70
     1
102
RTVSPropertyOp41
 70
     1
102
RTVSPropertyOp42
 70
     1
102
RTVSPropertyOp43
 70
     1
102
RTVSPropertyOp44
 70
     1
102
RTVSPropertyOp45
 70
     1
102
RTVSPropertyOp46
 70
     1
102
RTVSPropertyOp47
 70
     1
102
RTVSPropertyOp48
 70
     1
102
RTVSPropertyOp49
 70
     1
102
RTVSPropertyOp50
 70
     1
102
RTVSPropertyOp51
 70
     0
102
RTVSPropertyOp52
 70
     0
102
RTVSPropertyOp53
 70
     1
102
RTVSPropertyOp54
 70
     1
102
RTVSPropertyOp55
 70
     1
102
RTVSPropertyOp56
 70
     1
102
RTVSPropertyOp57
 70
     1
102
RTVSPropertyOp58
 70
     1
102
RTVSPropertyOp59
 70
     1
102
RTVSPropertyOp60
 70
     1
102
RTVSPropertyOp61
 70
     1
102
RTVSPropertyOp62
 70
     1
  0
XRECORD
  5
28D
102
{ACAD_REACTORS
330
28C
102
}
330
28C
100
AcDbXrecord
280
     1
102
RTVSPost2010Prop28
280
     0
102
RTVSPost2010PropOp28
 70
     1
102
RTVSPost2010Prop29
280
     1
102
RTVSPost2010PropOp29
 70
     1
102
RTVSPost2010Prop30
280
     1
102
RTVSPost2010PropOp30
 70
     1
102
RTVSPost2010Prop31
280
     0
102
RTVSPost2010PropOp31
 70
     1
102
RTVSPost2010Prop32
280
     0
102
RTVSPost2010PropOp32
 70
     1
102
RTVSPost2010Prop33
280
     0
102
RTVSPost2010PropOp33
 70
     1
102
RTVSPost2010Prop34
280
     0
102
RTVSPost2010PropOp34
 70
     1
102
RTVSPost2010Prop35
280
     0
102
RTVSPost2010PropOp35
 70
     1
102
RTVSPost2010Prop36
280
     0
102
RTVSPost2010PropOp36
 70
     1
102
RTVSPost2010Prop37
 90
       50
102
RTVSPost2010PropOp37
 70
     1
102
RTVSPost2010Prop38
140
0.0
102
RTVSPost2010PropOp38
 70
     1
102
RTVSPost2010Prop39
140
1.0
102
RTVSPost2010PropOp39
 70
     1
102
RTVSPost2010Prop40
 90
        0
102
RTVSPost2010PropOp40
 70
     1
102
RTVSPost2010Prop41ColorIndex
 90
       18
102
RTVSPost2010Prop41ColorRGB
 90
        0
102
RTVSPost2010PropOp41
 70
     1
102
RTVSPost2010Prop42
 90
       50
102
RTVSPost2010PropOp42
 70
     1
102
RTVSPost2010Prop43
 90
        3
102
RTVSPost2010PropOp43
 70
     1
102
RTVSPost2010Prop44ColorIndex
 90
        5
102
RTVSPost2010Prop44ColorRGB
 90
      255
102
RTVSPost2010PropOp44
 70
     1
102
RTVSPost2010Prop45
280
     0
102
RTVSPost2010PropOp45
 70
     1
102
RTVSPost2010Prop46
 90
       50
102
RTVSPost2010PropOp46
 70
     1
102
RTVSPost2010Prop47
 90
       50
102
RTVSPost2010PropOp47
 70
     1
102
RTVSPost2010Prop48
 90
       50
102
RTVSPost2010PropOp48
 70
     1
102
RTVSPost2010Prop49
280
     0
102
RTVSPost2010PropOp49
 70
     1
102
RTVSPost2010Prop50
 90
       50
102
RTVSPost2010PropOp50
 70
     1
102
RTVSPost2010Prop51ColorIndex
 90
      256
102
RTVSPost2010Prop51ColorRGB
 90
-16777216
102
RTVSPost2010PropOp51
 70
     0
102
RTVSPost2010Prop52
140
1.0
102
RTVSPost2010PropOp52
 70
     0
102
RTVSPost2010Prop53
 90
        2
102
RTVSPost2010PropOp53
 70
     1
102
RTVSPost2010Prop54
  1
strokes_ogs.tif
102
RTVSPost2010PropOp54
 70
     1
102
RTVSPost2010Prop55
280
     0
102
RTVSPost2010PropOp55
 70
     1
102
RTVSPost2010Prop56
140
1.0
102
RTVSPost2010PropOp56
 70
     1
102
RTVSPost2010Prop57
140
1.0
102
RTVSPost2010PropOp57
 70
     1
102
RTVSPropertyOp0
 70
     1
102
RTVSPropertyOp1
 70
     1
102
RTVSPropertyOp2
 70
     1
102
RTVSPropertyOp3
 70
     1
102
RTVSPropertyOp4
 70
     1
102
RTVSPropertyOp5
 70
     1
102
RTVSPropertyOp6
 70
     1
102
RTVSPropertyOp7
 70
     1
102
RTVSPropertyOp8
 70
     1
102
RTVSPropertyOp9
 70
     1
102
RTVSPropertyOp10
 70
     1
102
RTVSPropertyOp11
 70
     1
102
RTVSPropertyOp12
 70
     1
102
RTVSPropertyOp13
 70
     1
102
RTVSPropertyOp14
 70
     1
102
RTVSPropertyOp15
 70
     1
102
RTVSPropertyOp16
 70
     1
102
RTVSPropertyOp17
 70
     1
102
RTVSPropertyOp18
 70
     1
102
RTVSPropertyOp19
 70
     1
102
RTVSPropertyOp20
 70
     1
102
RTVSPropertyOp21
 70
     1
102
RTVSPropertyOp22
 70
     1
102
RTVSPropertyOp23
 70
     1
102
RTVSPropertyOp24
 70
     1
102
RTVSPropertyOp25
 70
     1
102
RTVSPropertyOp26
 70
     1
102
RTVSPropertyOp27
 70
     1
102
RTVSPropertyOp28
 70
     1
102
RTVSPropertyOp29
 70
     1
102
RTVSPropertyOp30
 70
     1
102
RTVSPropertyOp31
 70
     1
102
RTVSPropertyOp32
 70
     1
102
RTVSPropertyOp33
 70
     1
102
RTVSPropertyOp34
 70
     1
102
RTVSPropertyOp35
 70
     1
102
RTVSPropertyOp36
 70
     1
102
RTVSPropertyOp37
 70
     1
102
RTVSPropertyOp38
 70
     1
102
RTVSPropertyOp39
 70
     1
102
RTVSPropertyOp40
 70
     1
102
RTVSPropertyOp41
 70
     1
102
RTVSPropertyOp42
 70
     1
102
RTVSPropertyOp43
 70
     1
102
RTVSPropertyOp44
 70
     1
102
RTVSPropertyOp45
 70
     1
102
RTVSPropertyOp46
 70
     1
102
RTVSPropertyOp47
 70
     1
102
RTVSPropertyOp48
 70
     1
102
RTVSPropertyOp49
 70
     1
102
RTVSPropertyOp50
 70
     1
102
RTVSPropertyOp51
 70
     0
102
RTVSPropertyOp52
 70
     0
102
RTVSPropertyOp53
 70
     1
102
RTVSPropertyOp54
 70
     1
102
RTVSPropertyOp55
 70
     1
102
RTVSPropertyOp56
 70
     1
102
RTVSPropertyOp57
 70
     1
102
RTVSPropertyOp58
 70
     1
102
RTVSPropertyOp59
 70
     1
102
RTVSPropertyOp60
 70
     1
102
RTVSPropertyOp61
 70
     1
102
RTVSPropertyOp62
 70
     1
  0
XRECORD
  5
295
102
{ACAD_REACTORS
330
294
102
}
330
294
100
AcDbXrecord
280
     1
102
RTVSPost2010Prop28
280
     0
102
RTVSPost2010PropOp28
 70
     1
102
RTVSPost2010Prop29
280
     1
102
RTVSPost2010PropOp29
 70
     1
102
RTVSPost2010Prop30
280
     1
102
RTVSPost2010PropOp30
 70
     1
102
RTVSPost2010Prop31
280
     0
102
RTVSPost2010PropOp31
 70
     1
102
RTVSPost2010Prop32
280
     0
102
RTVSPost2010PropOp32
 70
     1
102
RTVSPost2010Prop33
280
     0
102
RTVSPost2010PropOp33
 70
     1
102
RTVSPost2010Prop34
280
     0
102
RTVSPost2010PropOp34
 70
     1
102
RTVSPost2010Prop35
280
     0
102
RTVSPost2010PropOp35
 70
     1
102
RTVSPost2010Prop36
280
     0
102
RTVSPost2010PropOp36
 70
     1
102
RTVSPost2010Prop37
 90
       50
102
RTVSPost2010PropOp37
 70
     1
102
RTVSPost2010Prop38
140
0.0
102
RTVSPost2010PropOp38
 70
     1
102
RTVSPost2010Prop39
140
1.0
102
RTVSPost2010PropOp39
 70
     1
102
RTVSPost2010Prop40
 90
        0
102
RTVSPost2010PropOp40
 70
     1
102
RTVSPost2010Prop41ColorIndex
 90
       18
102
RTVSPost2010Prop41ColorRGB
 90
        0
102
RTVSPost2010PropOp41
 70
     1
102
RTVSPost2010Prop42
 90
       50
102
RTVSPost2010PropOp42
 70
     1
102
RTVSPost2010Prop43
 90
        3
102
RTVSPost2010PropOp43
 70
     1
102
RTVSPost2010Prop44ColorIndex
 90
        5
102
RTVSPost2010Prop44ColorRGB
 90
      255
102
RTVSPost2010PropOp44
 70
     1
102
RTVSPost2010Prop45
280
     0
102
RTVSPost2010PropOp45
 70
     1
102
RTVSPost2010Prop46
 90
       50
102
RTVSPost2010PropOp46
 70
     1
102
RTVSPost2010Prop47
 90
       50
102
RTVSPost2010PropOp47
 70
     1
102
RTVSPost2010Prop48
 90
       50
102
RTVSPost2010PropOp48
 70
     1
102
RTVSPost2010Prop49
280
     0
102
RTVSPost2010PropOp49
 70
     1
102
RTVSPost2010Prop50
 90
       50
102
RTVSPost2010PropOp50
 70
     1
102
RTVSPost2010Prop51ColorIndex
 90
      256
102
RTVSPost2010Prop51ColorRGB
 90
-16777216
102
RTVSPost2010PropOp51
 70
     0
102
RTVSPost2010Prop52
140
1.0
102
RTVSPost2010PropOp52
 70
     0
102
RTVSPost2010Prop53
 90
        2
102
RTVSPost2010PropOp53
 70
     1
102
RTVSPost2010Prop54
  1
strokes_ogs.tif
102
RTVSPost2010PropOp54
 70
     1
102
RTVSPost2010Prop55
280
     0
102
RTVSPost2010PropOp55
 70
     1
102
RTVSPost2010Prop56
140
1.0
102
RTVSPost2010PropOp56
 70
     1
102
RTVSPost2010Prop57
140
1.0
102
RTVSPost2010PropOp57
 70
     1
102
RTVSPropertyOp0
 70
     1
102
RTVSPropertyOp1
 70
     1
102
RTVSPropertyOp2
 70
     1
102
RTVSPropertyOp3
 70
     1
102
RTVSPropertyOp4
 70
     1
102
RTVSPropertyOp5
 70
     1
102
RTVSPropertyOp6
 70
     1
102
RTVSPropertyOp7
 70
     1
102
RTVSPropertyOp8
 70
     1
102
RTVSPropertyOp9
 70
     1
102
RTVSPropertyOp10
 70
     1
102
RTVSPropertyOp11
 70
     1
102
RTVSPropertyOp12
 70
     1
102
RTVSPropertyOp13
 70
     1
102
RTVSPropertyOp14
 70
     1
102
RTVSPropertyOp15
 70
     1
102
RTVSPropertyOp16
 70
     1
102
RTVSPropertyOp17
 70
     1
102
RTVSPropertyOp18
 70
     1
102
RTVSPropertyOp19
 70
     1
102
RTVSPropertyOp20
 70
     1
102
RTVSPropertyOp21
 70
     1
102
RTVSPropertyOp22
 70
     1
102
RTVSPropertyOp23
 70
     1
102
RTVSPropertyOp24
 70
     1
102
RTVSPropertyOp25
 70
     1
102
RTVSPropertyOp26
 70
     1
102
RTVSPropertyOp27
 70
     1
102
RTVSPropertyOp28
 70
     1
102
RTVSPropertyOp29
 70
     1
102
RTVSPropertyOp30
 70
     1
102
RTVSPropertyOp31
 70
     1
102
RTVSPropertyOp32
 70
     1
102
RTVSPropertyOp33
 70
     1
102
RTVSPropertyOp34
 70
     1
102
RTVSPropertyOp35
 70
     1
102
RTVSPropertyOp36
 70
     1
102
RTVSPropertyOp37
 70
     1
102
RTVSPropertyOp38
 70
     1
102
RTVSPropertyOp39
 70
     1
102
RTVSPropertyOp40
 70
     1
102
RTVSPropertyOp41
 70
     1
102
RTVSPropertyOp42
 70
     1
102
RTVSPropertyOp43
 70
     1
102
RTVSPropertyOp44
 70
     1
102
RTVSPropertyOp45
 70
     1
102
RTVSPropertyOp46
 70
     1
102
RTVSPropertyOp47
 70
     1
102
RTVSPropertyOp48
 70
     1
102
RTVSPropertyOp49
 70
     1
102
RTVSPropertyOp50
 70
     1
102
RTVSPropertyOp51
 70
     0
102
RTVSPropertyOp52
 70
     0
102
RTVSPropertyOp53
 70
     1
102
RTVSPropertyOp54
 70
     1
102
RTVSPropertyOp55
 70
     1
102
RTVSPropertyOp56
 70
     1
102
RTVSPropertyOp57
 70
     1
102
RTVSPropertyOp58
 70
     1
102
RTVSPropertyOp59
 70
     1
102
RTVSPropertyOp60
 70
     1
102
RTVSPropertyOp61
 70
     1
102
RTVSPropertyOp62
 70
     1
  0
XRECORD
  5
2A7
102
{ACAD_REACTORS
330
2A6
102
}
330
2A6
100
AcDbXrecord
280
     1
102
RTVSPost2010Prop28
280
     0
102
RTVSPost2010PropOp28
 70
     1
102
RTVSPost2010Prop29
280
     1
102
RTVSPost2010PropOp29
 70
     1
102
RTVSPost2010Prop30
280
     1
102
RTVSPost2010PropOp30
 70
     1
102
RTVSPost2010Prop31
280
     0
102
RTVSPost2010PropOp31
 70
     1
102
RTVSPost2010Prop32
280
     0
102
RTVSPost2010PropOp32
 70
     1
102
RTVSPost2010Prop33
280
     0
102
RTVSPost2010PropOp33
 70
     1
102
RTVSPost2010Prop34
280
     0
102
RTVSPost2010PropOp34
 70
     1
102
RTVSPost2010Prop35
280
     0
102
RTVSPost2010PropOp35
 70
     1
102
RTVSPost2010Prop36
280
     0
102
RTVSPost2010PropOp36
 70
     1
102
RTVSPost2010Prop37
 90
       50
102
RTVSPost2010PropOp37
 70
     1
102
RTVSPost2010Prop38
140
0.0
102
RTVSPost2010PropOp38
 70
     1
102
RTVSPost2010Prop39
140
1.0
102
RTVSPost2010PropOp39
 70
     1
102
RTVSPost2010Prop40
 90
        0
102
RTVSPost2010PropOp40
 70
     1
102
RTVSPost2010Prop41ColorIndex
 90
       18
102
RTVSPost2010Prop41ColorRGB
 90
        0
102
RTVSPost2010PropOp41
 70
     1
102
RTVSPost2010Prop42
 90
       50
102
RTVSPost2010PropOp42
 70
     1
102
RTVSPost2010Prop43
 90
        3
102
RTVSPost2010PropOp43
 70
     1
102
RTVSPost2010Prop44ColorIndex
 90
        5
102
RTVSPost2010Prop44ColorRGB
 90
      255
102
RTVSPost2010PropOp44
 70
     1
102
RTVSPost2010Prop45
280
     0
102
RTVSPost2010PropOp45
 70
     1
102
RTVSPost2010Prop46
 90
       50
102
RTVSPost2010PropOp46
 70
     1
102
RTVSPost2010Prop47
 90
       50
102
RTVSPost2010PropOp47
 70
     1
102
RTVSPost2010Prop48
 90
       50
102
RTVSPost2010PropOp48
 70
     1
102
RTVSPost2010Prop49
280
     0
102
RTVSPost2010PropOp49
 70
     1
102
RTVSPost2010Prop50
 90
       50
102
RTVSPost2010PropOp50
 70
     1
102
RTVSPost2010Prop51ColorIndex
 90
      256
102
RTVSPost2010Prop51ColorRGB
 90
-16777216
102
RTVSPost2010PropOp51
 70
     0
102
RTVSPost2010Prop52
140
1.0
102
RTVSPost2010PropOp52
 70
     0
102
RTVSPost2010Prop53
 90
        2
102
RTVSPost2010PropOp53
 70
     1
102
RTVSPost2010Prop54
  1
strokes_ogs.tif
102
RTVSPost2010PropOp54
 70
     1
102
RTVSPost2010Prop55
280
     0
102
RTVSPost2010PropOp55
 70
     1
102
RTVSPost2010Prop56
140
1.0
102
RTVSPost2010PropOp56
 70
     1
102
RTVSPost2010Prop57
140
1.0
102
RTVSPost2010PropOp57
 70
     1
102
RTVSPropertyOp0
 70
     0
102
RTVSPropertyOp1
 70
     0
102
RTVSPropertyOp2
 70
     0
102
RTVSPropertyOp3
 70
     0
102
RTVSPropertyOp4
 70
     0
102
RTVSPropertyOp5
 70
     0
102
RTVSPropertyOp6
 70
     0
102
RTVSPropertyOp7
 70
     0
102
RTVSPropertyOp8
 70
     0
102
RTVSPropertyOp9
 70
     0
102
RTVSPropertyOp10
 70
     0
102
RTVSPropertyOp11
 70
     0
102
RTVSPropertyOp12
 70
     0
102
RTVSPropertyOp13
 70
     0
102
RTVSPropertyOp14
 70
     2
102
RTVSPropertyOp15
 70
     0
102
RTVSPropertyOp16
 70
     0
102
RTVSPropertyOp17
 70
     0
102
RTVSPropertyOp18
 70
     0
102
RTVSPropertyOp19
 70
     0
102
RTVSPropertyOp20
 70
     0
102
RTVSPropertyOp21
 70
     0
102
RTVSPropertyOp22
 70
     0
102
RTVSPropertyOp23
 70
     0
102
RTVSPropertyOp24
 70
     0
102
RTVSPropertyOp25
 70
     0
102
RTVSPropertyOp26
 70
     0
102
RTVSPropertyOp27
 70
     0
102
RTVSPropertyOp28
 70
     1
102
RTVSPropertyOp29
 70
     1
102
RTVSPropertyOp30
 70
     1
102
RTVSPropertyOp31
 70
     1
102
RTVSPropertyOp32
 70
     1
102
RTVSPropertyOp33
 70
     1
102
RTVSPropertyOp34
 70
     1
102
RTVSPropertyOp35
 70
     1
102
RTVSPropertyOp36
 70
     1
102
RTVSPropertyOp37
 70
     1
102
RTVSPropertyOp38
 70
     1
102
RTVSPropertyOp39
 70
     1
102
RTVSPropertyOp40
 70
     1
102
RTVSPropertyOp41
 70
     1
102
RTVSPropertyOp42
 70
     1
102
RTVSPropertyOp43
 70
     1
102
RTVSPropertyOp44
 70
     1
102
RTVSPropertyOp45
 70
     1
102
RTVSPropertyOp46
 70
     1
102
RTVSPropertyOp47
 70
     1
102
RTVSPropertyOp48
 70
     1
102
RTVSPropertyOp49
 70
     1
102
RTVSPropertyOp50
 70
     1
102
RTVSPropertyOp51
 70
     0
102
RTVSPropertyOp52
 70
     0
102
RTVSPropertyOp53
 70
     1
102
RTVSPropertyOp54
 70
     1
102
RTVSPropertyOp55
 70
     1
102
RTVSPropertyOp56
 70
     1
102
RTVSPropertyOp57
 70
     1
102
RTVSPropertyOp58
 70
     1
102
RTVSPropertyOp59
 70
     1
102
RTVSPropertyOp60
 70
     1
102
RTVSPropertyOp61
 70
     1
102
RTVSPropertyOp62
 70
     1
  0
XRECORD
  5
2A1
102
{ACAD_REACTORS
330
2A0
102
}
330
2A0
100
AcDbXrecord
280
     1
102
RTVSPost2010Prop28
280
     0
102
RTVSPost2010PropOp28
 70
     1
102
RTVSPost2010Prop29
280
     1
102
RTVSPost2010PropOp29
 70
     1
102
RTVSPost2010Prop30
280
     1
102
RTVSPost2010PropOp30
 70
     1
102
RTVSPost2010Prop31
280
     0
102
RTVSPost2010PropOp31
 70
     1
102
RTVSPost2010Prop32
280
     0
102
RTVSPost2010PropOp32
 70
     1
102
RTVSPost2010Prop33
280
     0
102
RTVSPost2010PropOp33
 70
     1
102
RTVSPost2010Prop34
280
     0
102
RTVSPost2010PropOp34
 70
     1
102
RTVSPost2010Prop35
280
     0
102
RTVSPost2010PropOp35
 70
     1
102
RTVSPost2010Prop36
280
     0
102
RTVSPost2010PropOp36
 70
     1
102
RTVSPost2010Prop37
 90
       50
102
RTVSPost2010PropOp37
 70
     1
102
RTVSPost2010Prop38
140
0.0
102
RTVSPost2010PropOp38
 70
     1
102
RTVSPost2010Prop39
140
1.0
102
RTVSPost2010PropOp39
 70
     1
102
RTVSPost2010Prop40
 90
        0
102
RTVSPost2010PropOp40
 70
     1
102
RTVSPost2010Prop41ColorIndex
 90
       18
102
RTVSPost2010Prop41ColorRGB
 90
        0
102
RTVSPost2010PropOp41
 70
     1
102
RTVSPost2010Prop42
 90
       50
102
RTVSPost2010PropOp42
 70
     1
102
RTVSPost2010Prop43
 90
        3
102
RTVSPost2010PropOp43
 70
     1
102
RTVSPost2010Prop44ColorIndex
 90
        5
102
RTVSPost2010Prop44ColorRGB
 90
      255
102
RTVSPost2010PropOp44
 70
     1
102
RTVSPost2010Prop45
280
     0
102
RTVSPost2010PropOp45
 70
     1
102
RTVSPost2010Prop46
 90
       50
102
RTVSPost2010PropOp46
 70
     1
102
RTVSPost2010Prop47
 90
       50
102
RTVSPost2010PropOp47
 70
     1
102
RTVSPost2010Prop48
 90
       50
102
RTVSPost2010PropOp48
 70
     1
102
RTVSPost2010Prop49
280
     0
102
RTVSPost2010PropOp49
 70
     1
102
RTVSPost2010Prop50
 90
       50
102
RTVSPost2010PropOp50
 70
     1
102
RTVSPost2010Prop51ColorIndex
 90
      256
102
RTVSPost2010Prop51ColorRGB
 90
-16777216
102
RTVSPost2010PropOp51
 70
     0
102
RTVSPost2010Prop52
140
1.0
102
RTVSPost2010PropOp52
 70
     0
102
RTVSPost2010Prop53
 90
        2
102
RTVSPost2010PropOp53
 70
     1
102
RTVSPost2010Prop54
  1
strokes_ogs.tif
102
RTVSPost2010PropOp54
 70
     1
102
RTVSPost2010Prop55
280
     0
102
RTVSPost2010PropOp55
 70
     1
102
RTVSPost2010Prop56
140
1.0
102
RTVSPost2010PropOp56
 70
     1
102
RTVSPost2010Prop57
140
1.0
102
RTVSPost2010PropOp57
 70
     1
102
RTVSPropertyOp0
 70
     1
102
RTVSPropertyOp1
 70
     1
102
RTVSPropertyOp2
 70
     1
102
RTVSPropertyOp3
 70
     1
102
RTVSPropertyOp4
 70
     1
102
RTVSPropertyOp5
 70
     1
102
RTVSPropertyOp6
 70
     1
102
RTVSPropertyOp7
 70
     1
102
RTVSPropertyOp8
 70
     1
102
RTVSPropertyOp9
 70
     1
102
RTVSPropertyOp10
 70
     1
102
RTVSPropertyOp11
 70
     1
102
RTVSPropertyOp12
 70
     1
102
RTVSPropertyOp13
 70
     1
102
RTVSPropertyOp14
 70
     1
102
RTVSPropertyOp15
 70
     1
102
RTVSPropertyOp16
 70
     1
102
RTVSPropertyOp17
 70
     1
102
RTVSPropertyOp18
 70
     1
102
RTVSPropertyOp19
 70
     1
102
RTVSPropertyOp20
 70
     1
102
RTVSPropertyOp21
 70
     1
102
RTVSPropertyOp22
 70
     1
102
RTVSPropertyOp23
 70
     1
102
RTVSPropertyOp24
 70
     1
102
RTVSPropertyOp25
 70
     1
102
RTVSPropertyOp26
 70
     1
102
RTVSPropertyOp27
 70
     1
102
RTVSPropertyOp28
 70
     1
102
RTVSPropertyOp29
 70
     1
102
RTVSPropertyOp30
 70
     1
102
RTVSPropertyOp31
 70
     1
102
RTVSPropertyOp32
 70
     1
102
RTVSPropertyOp33
 70
     1
102
RTVSPropertyOp34
 70
     1
102
RTVSPropertyOp35
 70
     1
102
RTVSPropertyOp36
 70
     1
102
RTVSPropertyOp37
 70
     1
102
RTVSPropertyOp38
 70
     1
102
RTVSPropertyOp39
 70
     1
102
RTVSPropertyOp40
 70
     1
102
RTVSPropertyOp41
 70
     1
102
RTVSPropertyOp42
 70
     1
102
RTVSPropertyOp43
 70
     1
102
RTVSPropertyOp44
 70
     1
102
RTVSPropertyOp45
 70
     1
102
RTVSPropertyOp46
 70
     1
102
RTVSPropertyOp47
 70
     1
102
RTVSPropertyOp48
 70
     1
102
RTVSPropertyOp49
 70
     1
102
RTVSPropertyOp50
 70
     1
102
RTVSPropertyOp51
 70
     0
102
RTVSPropertyOp52
 70
     0
102
RTVSPropertyOp53
 70
     1
102
RTVSPropertyOp54
 70
     1
102
RTVSPropertyOp55
 70
     1
102
RTVSPropertyOp56
 70
     1
102
RTVSPropertyOp57
 70
     1
102
RTVSPropertyOp58
 70
     1
102
RTVSPropertyOp59
 70
     1
102
RTVSPropertyOp60
 70
     1
102
RTVSPropertyOp61
 70
     1
102
RTVSPropertyOp62
 70
     1
  0
XRECORD
  5
2A9
102
{ACAD_REACTORS
330
2A8
102
}
330
2A8
100
AcDbXrecord
280
     1
102
RTVSPost2010Prop28
280
     0
102
RTVSPost2010PropOp28
 70
     1
102
RTVSPost2010Prop29
280
     1
102
RTVSPost2010PropOp29
 70
     1
102
RTVSPost2010Prop30
280
     1
102
RTVSPost2010PropOp30
 70
     1
102
RTVSPost2010Prop31
280
     0
102
RTVSPost2010PropOp31
 70
     1
102
RTVSPost2010Prop32
280
     0
102
RTVSPost2010PropOp32
 70
     1
102
RTVSPost2010Prop33
280
     0
102
RTVSPost2010PropOp33
 70
     1
102
RTVSPost2010Prop34
280
     0
102
RTVSPost2010PropOp34
 70
     1
102
RTVSPost2010Prop35
280
     0
102
RTVSPost2010PropOp35
 70
     1
102
RTVSPost2010Prop36
280
     0
102
RTVSPost2010PropOp36
 70
     1
102
RTVSPost2010Prop37
 90
       50
102
RTVSPost2010PropOp37
 70
     1
102
RTVSPost2010Prop38
140
0.0
102
RTVSPost2010PropOp38
 70
     1
102
RTVSPost2010Prop39
140
1.0
102
RTVSPost2010PropOp39
 70
     1
102
RTVSPost2010Prop40
 90
        0
102
RTVSPost2010PropOp40
 70
     1
102
RTVSPost2010Prop41ColorIndex
 90
       18
102
RTVSPost2010Prop41ColorRGB
 90
        0
102
RTVSPost2010PropOp41
 70
     1
102
RTVSPost2010Prop42
 90
       50
102
RTVSPost2010PropOp42
 70
     1
102
RTVSPost2010Prop43
 90
        3
102
RTVSPost2010PropOp43
 70
     1
102
RTVSPost2010Prop44ColorIndex
 90
        5
102
RTVSPost2010Prop44ColorRGB
 90
      255
102
RTVSPost2010PropOp44
 70
     1
102
RTVSPost2010Prop45
280
     0
102
RTVSPost2010PropOp45
 70
     1
102
RTVSPost2010Prop46
 90
       50
102
RTVSPost2010PropOp46
 70
     1
102
RTVSPost2010Prop47
 90
       50
102
RTVSPost2010PropOp47
 70
     1
102
RTVSPost2010Prop48
 90
       50
102
RTVSPost2010PropOp48
 70
     1
102
RTVSPost2010Prop49
280
     0
102
RTVSPost2010PropOp49
 70
     1
102
RTVSPost2010Prop50
 90
       50
102
RTVSPost2010PropOp50
 70
     1
102
RTVSPost2010Prop51ColorIndex
 90
      256
102
RTVSPost2010Prop51ColorRGB
 90
-16777216
102
RTVSPost2010PropOp51
 70
     0
102
RTVSPost2010Prop52
140
1.0
102
RTVSPost2010PropOp52
 70
     0
102
RTVSPost2010Prop53
 90
        2
102
RTVSPost2010PropOp53
 70
     1
102
RTVSPost2010Prop54
  1
strokes_ogs.tif
102
RTVSPost2010PropOp54
 70
     1
102
RTVSPost2010Prop55
280
     0
102
RTVSPost2010PropOp55
 70
     1
102
RTVSPost2010Prop56
140
1.0
102
RTVSPost2010PropOp56
 70
     1
102
RTVSPost2010Prop57
140
1.0
102
RTVSPost2010PropOp57
 70
     1
102
RTVSPropertyOp0
 70
     0
102
RTVSPropertyOp1
 70
     0
102
RTVSPropertyOp2
 70
     0
102
RTVSPropertyOp3
 70
     0
102
RTVSPropertyOp4
 70
     0
102
RTVSPropertyOp5
 70
     0
102
RTVSPropertyOp6
 70
     0
102
RTVSPropertyOp7
 70
     0
102
RTVSPropertyOp8
 70
     0
102
RTVSPropertyOp9
 70
     0
102
RTVSPropertyOp10
 70
     0
102
RTVSPropertyOp11
 70
     0
102
RTVSPropertyOp12
 70
     0
102
RTVSPropertyOp13
 70
     0
102
RTVSPropertyOp14
 70
     2
102
RTVSPropertyOp15
 70
     0
102
RTVSPropertyOp16
 70
     0
102
RTVSPropertyOp17
 70
     0
102
RTVSPropertyOp18
 70
     0
102
RTVSPropertyOp19
 70
     0
102
RTVSPropertyOp20
 70
     0
102
RTVSPropertyOp21
 70
     0
102
RTVSPropertyOp22
 70
     0
102
RTVSPropertyOp23
 70
     0
102
RTVSPropertyOp24
 70
     0
102
RTVSPropertyOp25
 70
     0
102
RTVSPropertyOp26
 70
     0
102
RTVSPropertyOp27
 70
     0
102
RTVSPropertyOp28
 70
     1
102
RTVSPropertyOp29
 70
     1
102
RTVSPropertyOp30
 70
     1
102
RTVSPropertyOp31
 70
     1
102
RTVSPropertyOp32
 70
     1
102
RTVSPropertyOp33
 70
     1
102
RTVSPropertyOp34
 70
     1
102
RTVSPropertyOp35
 70
     1
102
RTVSPropertyOp36
 70
     1
102
RTVSPropertyOp37
 70
     1
102
RTVSPropertyOp38
 70
     1
102
RTVSPropertyOp39
 70
     1
102
RTVSPropertyOp40
 70
     1
102
RTVSPropertyOp41
 70
     1
102
RTVSPropertyOp42
 70
     1
102
RTVSPropertyOp43
 70
     1
102
RTVSPropertyOp44
 70
     1
102
RTVSPropertyOp45
 70
     1
102
RTVSPropertyOp46
 70
     1
102
RTVSPropertyOp47
 70
     1
102
RTVSPropertyOp48
 70
     1
102
RTVSPropertyOp49
 70
     1
102
RTVSPropertyOp50
 70
     1
102
RTVSPropertyOp51
 70
     0
102
RTVSPropertyOp52
 70
     0
102
RTVSPropertyOp53
 70
     1
102
RTVSPropertyOp54
 70
     1
102
RTVSPropertyOp55
 70
     1
102
RTVSPropertyOp56
 70
     1
102
RTVSPropertyOp57
 70
     1
102
RTVSPropertyOp58
 70
     1
102
RTVSPropertyOp59
 70
     1
102
RTVSPropertyOp60
 70
     1
102
RTVSPropertyOp61
 70
     1
102
RTVSPropertyOp62
 70
     1
  0
XRECORD
  5
299
102
{ACAD_REACTORS
330
298
102
}
330
298
100
AcDbXrecord
280
     1
102
RTVSPost2010Prop28
280
     0
102
RTVSPost2010PropOp28
 70
     1
102
RTVSPost2010Prop29
280
     1
102
RTVSPost2010PropOp29
 70
     1
102
RTVSPost2010Prop30
280
     1
102
RTVSPost2010PropOp30
 70
     1
102
RTVSPost2010Prop31
280
     0
102
RTVSPost2010PropOp31
 70
     1
102
RTVSPost2010Prop32
280
     0
102
RTVSPost2010PropOp32
 70
     1
102
RTVSPost2010Prop33
280
     0
102
RTVSPost2010PropOp33
 70
     1
102
RTVSPost2010Prop34
280
     0
102
RTVSPost2010PropOp34
 70
     1
102
RTVSPost2010Prop35
280
     0
102
RTVSPost2010PropOp35
 70
     1
102
RTVSPost2010Prop36
280
     0
102
RTVSPost2010PropOp36
 70
     1
102
RTVSPost2010Prop37
 90
       50
102
RTVSPost2010PropOp37
 70
     1
102
RTVSPost2010Prop38
140
0.0
102
RTVSPost2010PropOp38
 70
     1
102
RTVSPost2010Prop39
140
1.0
102
RTVSPost2010PropOp39
 70
     1
102
RTVSPost2010Prop40
 90
        0
102
RTVSPost2010PropOp40
 70
     1
102
RTVSPost2010Prop41ColorIndex
 90
       18
102
RTVSPost2010Prop41ColorRGB
 90
        0
102
RTVSPost2010PropOp41
 70
     1
102
RTVSPost2010Prop42
 90
       50
102
RTVSPost2010PropOp42
 70
     1
102
RTVSPost2010Prop43
 90
        3
102
RTVSPost2010PropOp43
 70
     1
102
RTVSPost2010Prop44ColorIndex
 90
        5
102
RTVSPost2010Prop44ColorRGB
 90
      255
102
RTVSPost2010PropOp44
 70
     1
102
RTVSPost2010Prop45
280
     0
102
RTVSPost2010PropOp45
 70
     1
102
RTVSPost2010Prop46
 90
       50
102
RTVSPost2010PropOp46
 70
     1
102
RTVSPost2010Prop47
 90
       50
102
RTVSPost2010PropOp47
 70
     1
102
RTVSPost2010Prop48
 90
       50
102
RTVSPost2010PropOp48
 70
     1
102
RTVSPost2010Prop49
280
     0
102
RTVSPost2010PropOp49
 70
     1
102
RTVSPost2010Prop50
 90
       50
102
RTVSPost2010PropOp50
 70
     1
102
RTVSPost2010Prop51ColorIndex
 90
      256
102
RTVSPost2010Prop51ColorRGB
 90
-16777216
102
RTVSPost2010PropOp51
 70
     0
102
RTVSPost2010Prop52
140
1.0
102
RTVSPost2010PropOp52
 70
     0
102
RTVSPost2010Prop53
 90
        2
102
RTVSPost2010PropOp53
 70
     1
102
RTVSPost2010Prop54
  1
strokes_ogs.tif
102
RTVSPost2010PropOp54
 70
     1
102
RTVSPost2010Prop55
280
     0
102
RTVSPost2010PropOp55
 70
     1
102
RTVSPost2010Prop56
140
1.0
102
RTVSPost2010PropOp56
 70
     1
102
RTVSPost2010Prop57
140
1.0
102
RTVSPost2010PropOp57
 70
     1
102
RTVSPropertyOp0
 70
     1
102
RTVSPropertyOp1
 70
     1
102
RTVSPropertyOp2
 70
     1
102
RTVSPropertyOp3
 70
     1
102
RTVSPropertyOp4
 70
     1
102
RTVSPropertyOp5
 70
     1
102
RTVSPropertyOp6
 70
     1
102
RTVSPropertyOp7
 70
     1
102
RTVSPropertyOp8
 70
     1
102
RTVSPropertyOp9
 70
     1
102
RTVSPropertyOp10
 70
     1
102
RTVSPropertyOp11
 70
     1
102
RTVSPropertyOp12
 70
     1
102
RTVSPropertyOp13
 70
     1
102
RTVSPropertyOp14
 70
     1
102
RTVSPropertyOp15
 70
     1
102
RTVSPropertyOp16
 70
     1
102
RTVSPropertyOp17
 70
     1
102
RTVSPropertyOp18
 70
     1
102
RTVSPropertyOp19
 70
     1
102
RTVSPropertyOp20
 70
     1
102
RTVSPropertyOp21
 70
     1
102
RTVSPropertyOp22
 70
     1
102
RTVSPropertyOp23
 70
     1
102
RTVSPropertyOp24
 70
     1
102
RTVSPropertyOp25
 70
     1
102
RTVSPropertyOp26
 70
     1
102
RTVSPropertyOp27
 70
     1
102
RTVSPropertyOp28
 70
     1
102
RTVSPropertyOp29
 70
     1
102
RTVSPropertyOp30
 70
     1
102
RTVSPropertyOp31
 70
     1
102
RTVSPropertyOp32
 70
     1
102
RTVSPropertyOp33
 70
     1
102
RTVSPropertyOp34
 70
     1
102
RTVSPropertyOp35
 70
     1
102
RTVSPropertyOp36
 70
     1
102
RTVSPropertyOp37
 70
     1
102
RTVSPropertyOp38
 70
     1
102
RTVSPropertyOp39
 70
     1
102
RTVSPropertyOp40
 70
     1
102
RTVSPropertyOp41
 70
     1
102
RTVSPropertyOp42
 70
     1
102
RTVSPropertyOp43
 70
     1
102
RTVSPropertyOp44
 70
     1
102
RTVSPropertyOp45
 70
     1
102
RTVSPropertyOp46
 70
     1
102
RTVSPropertyOp47
 70
     1
102
RTVSPropertyOp48
 70
     1
102
RTVSPropertyOp49
 70
     1
102
RTVSPropertyOp50
 70
     1
102
RTVSPropertyOp51
 70
     0
102
RTVSPropertyOp52
 70
     0
102
RTVSPropertyOp53
 70
     1
102
RTVSPropertyOp54
 70
     1
102
RTVSPropertyOp55
 70
     1
102
RTVSPropertyOp56
 70
     1
102
RTVSPropertyOp57
 70
     1
102
RTVSPropertyOp58
 70
     1
102
RTVSPropertyOp59
 70
     1
102
RTVSPropertyOp60
 70
     1
102
RTVSPropertyOp61
 70
     1
102
RTVSPropertyOp62
 70
     1
  0
XRECORD
  5
2B5
102
{ACAD_REACTORS
330
2B4
102
}
330
2B4
100
AcDbXrecord
280
     1
102
RTVSPost2010Prop28
280
     0
102
RTVSPost2010PropOp28
 70
     1
102
RTVSPost2010Prop29
280
     1
102
RTVSPost2010PropOp29
 70
     1
102
RTVSPost2010Prop30
280
     1
102
RTVSPost2010PropOp30
 70
     1
102
RTVSPost2010Prop31
280
     0
102
RTVSPost2010PropOp31
 70
     1
102
RTVSPost2010Prop32
280
     0
102
RTVSPost2010PropOp32
 70
     1
102
RTVSPost2010Prop33
280
     0
102
RTVSPost2010PropOp33
 70
     1
102
RTVSPost2010Prop34
280
     0
102
RTVSPost2010PropOp34
 70
     1
102
RTVSPost2010Prop35
280
     0
102
RTVSPost2010PropOp35
 70
     1
102
RTVSPost2010Prop36
280
     0
102
RTVSPost2010PropOp36
 70
     1
102
RTVSPost2010Prop37
 90
       50
102
RTVSPost2010PropOp37
 70
     1
102
RTVSPost2010Prop38
140
0.0
102
RTVSPost2010PropOp38
 70
     1
102
RTVSPost2010Prop39
140
1.0
102
RTVSPost2010PropOp39
 70
     1
102
RTVSPost2010Prop40
 90
        0
102
RTVSPost2010PropOp40
 70
     1
102
RTVSPost2010Prop41ColorIndex
 90
       18
102
RTVSPost2010Prop41ColorRGB
 90
        0
102
RTVSPost2010PropOp41
 70
     1
102
RTVSPost2010Prop42
 90
       50
102
RTVSPost2010PropOp42
 70
     1
102
RTVSPost2010Prop43
 90
        3
102
RTVSPost2010PropOp43
 70
     1
102
RTVSPost2010Prop44ColorIndex
 90
        5
102
RTVSPost2010Prop44ColorRGB
 90
      255
102
RTVSPost2010PropOp44
 70
     1
102
RTVSPost2010Prop45
280
     0
102
RTVSPost2010PropOp45
 70
     1
102
RTVSPost2010Prop46
 90
       50
102
RTVSPost2010PropOp46
 70
     1
102
RTVSPost2010Prop47
 90
       50
102
RTVSPost2010PropOp47
 70
     1
102
RTVSPost2010Prop48
 90
       50
102
RTVSPost2010PropOp48
 70
     1
102
RTVSPost2010Prop49
280
     0
102
RTVSPost2010PropOp49
 70
     1
102
RTVSPost2010Prop50
 90
       50
102
RTVSPost2010PropOp50
 70
     1
102
RTVSPost2010Prop51ColorIndex
 90
      256
102
RTVSPost2010Prop51ColorRGB
 90
-16777216
102
RTVSPost2010PropOp51
 70
     0
102
RTVSPost2010Prop52
140
1.0
102
RTVSPost2010PropOp52
 70
     0
102
RTVSPost2010Prop53
 90
        2
102
RTVSPost2010PropOp53
 70
     1
102
RTVSPost2010Prop54
  1
strokes_ogs.tif
102
RTVSPost2010PropOp54
 70
     1
102
RTVSPost2010Prop55
280
     0
102
RTVSPost2010PropOp55
 70
     1
102
RTVSPost2010Prop56
140
1.0
102
RTVSPost2010PropOp56
 70
     1
102
RTVSPost2010Prop57
140
1.0
102
RTVSPost2010PropOp57
 70
     1
102
RTVSPropertyOp0
 70
     1
102
RTVSPropertyOp1
 70
     1
102
RTVSPropertyOp2
 70
     1
102
RTVSPropertyOp3
 70
     1
102
RTVSPropertyOp4
 70
     1
102
RTVSPropertyOp5
 70
     1
102
RTVSPropertyOp6
 70
     1
102
RTVSPropertyOp7
 70
     1
102
RTVSPropertyOp8
 70
     1
102
RTVSPropertyOp9
 70
     1
102
RTVSPropertyOp10
 70
     1
102
RTVSPropertyOp11
 70
     1
102
RTVSPropertyOp12
 70
     1
102
RTVSPropertyOp13
 70
     1
102
RTVSPropertyOp14
 70
     1
102
RTVSPropertyOp15
 70
     1
102
RTVSPropertyOp16
 70
     1
102
RTVSPropertyOp17
 70
     1
102
RTVSPropertyOp18
 70
     1
102
RTVSPropertyOp19
 70
     1
102
RTVSPropertyOp20
 70
     1
102
RTVSPropertyOp21
 70
     1
102
RTVSPropertyOp22
 70
     1
102
RTVSPropertyOp23
 70
     1
102
RTVSPropertyOp24
 70
     1
102
RTVSPropertyOp25
 70
     1
102
RTVSPropertyOp26
 70
     1
102
RTVSPropertyOp27
 70
     1
102
RTVSPropertyOp28
 70
     1
102
RTVSPropertyOp29
 70
     1
102
RTVSPropertyOp30
 70
     1
102
RTVSPropertyOp31
 70
     1
102
RTVSPropertyOp32
 70
     1
102
RTVSPropertyOp33
 70
     1
102
RTVSPropertyOp34
 70
     1
102
RTVSPropertyOp35
 70
     1
102
RTVSPropertyOp36
 70
     1
102
RTVSPropertyOp37
 70
     1
102
RTVSPropertyOp38
 70
     1
102
RTVSPropertyOp39
 70
     1
102
RTVSPropertyOp40
 70
     1
102
RTVSPropertyOp41
 70
     1
102
RTVSPropertyOp42
 70
     1
102
RTVSPropertyOp43
 70
     1
102
RTVSPropertyOp44
 70
     1
102
RTVSPropertyOp45
 70
     1
102
RTVSPropertyOp46
 70
     1
102
RTVSPropertyOp47
 70
     1
102
RTVSPropertyOp48
 70
     1
102
RTVSPropertyOp49
 70
     1
102
RTVSPropertyOp50
 70
     1
102
RTVSPropertyOp51
 70
     0
102
RTVSPropertyOp52
 70
     0
102
RTVSPropertyOp53
 70
     1
102
RTVSPropertyOp54
 70
     1
102
RTVSPropertyOp55
 70
     1
102
RTVSPropertyOp56
 70
     1
102
RTVSPropertyOp57
 70
     1
102
RTVSPropertyOp58
 70
     1
102
RTVSPropertyOp59
 70
     1
102
RTVSPropertyOp60
 70
     1
102
RTVSPropertyOp61
 70
     1
102
RTVSPropertyOp62
 70
     1
  0
XRECORD
  5
2B3
102
{ACAD_REACTORS
330
2B2
102
}
330
2B2
100
AcDbXrecord
280
     1
102
RTVSPost2010Prop28
280
     0
102
RTVSPost2010PropOp28
 70
     1
102
RTVSPost2010Prop29
280
     1
102
RTVSPost2010PropOp29
 70
     1
102
RTVSPost2010Prop30
280
     1
102
RTVSPost2010PropOp30
 70
     1
102
RTVSPost2010Prop31
280
     0
102
RTVSPost2010PropOp31
 70
     1
102
RTVSPost2010Prop32
280
     0
102
RTVSPost2010PropOp32
 70
     1
102
RTVSPost2010Prop33
280
     0
102
RTVSPost2010PropOp33
 70
     1
102
RTVSPost2010Prop34
280
     0
102
RTVSPost2010PropOp34
 70
     1
102
RTVSPost2010Prop35
280
     0
102
RTVSPost2010PropOp35
 70
     1
102
RTVSPost2010Prop36
280
     0
102
RTVSPost2010PropOp36
 70
     1
102
RTVSPost2010Prop37
 90
       50
102
RTVSPost2010PropOp37
 70
     1
102
RTVSPost2010Prop38
140
0.0
102
RTVSPost2010PropOp38
 70
     1
102
RTVSPost2010Prop39
140
1.0
102
RTVSPost2010PropOp39
 70
     1
102
RTVSPost2010Prop40
 90
        0
102
RTVSPost2010PropOp40
 70
     1
102
RTVSPost2010Prop41ColorIndex
 90
       18
102
RTVSPost2010Prop41ColorRGB
 90
        0
102
RTVSPost2010PropOp41
 70
     1
102
RTVSPost2010Prop42
 90
       50
102
RTVSPost2010PropOp42
 70
     1
102
RTVSPost2010Prop43
 90
        3
102
RTVSPost2010PropOp43
 70
     1
102
RTVSPost2010Prop44ColorIndex
 90
        5
102
RTVSPost2010Prop44ColorRGB
 90
      255
102
RTVSPost2010PropOp44
 70
     1
102
RTVSPost2010Prop45
280
     0
102
RTVSPost2010PropOp45
 70
     1
102
RTVSPost2010Prop46
 90
       50
102
RTVSPost2010PropOp46
 70
     1
102
RTVSPost2010Prop47
 90
       50
102
RTVSPost2010PropOp47
 70
     1
102
RTVSPost2010Prop48
 90
       50
102
RTVSPost2010PropOp48
 70
     1
102
RTVSPost2010Prop49
280
     0
102
RTVSPost2010PropOp49
 70
     1
102
RTVSPost2010Prop50
 90
       50
102
RTVSPost2010PropOp50
 70
     1
102
RTVSPost2010Prop51ColorIndex
 90
      256
102
RTVSPost2010Prop51ColorRGB
 90
-16777216
102
RTVSPost2010PropOp51
 70
     0
102
RTVSPost2010Prop52
140
1.0
102
RTVSPost2010PropOp52
 70
     0
102
RTVSPost2010Prop53
 90
        2
102
RTVSPost2010PropOp53
 70
     1
102
RTVSPost2010Prop54
  1
strokes_ogs.tif
102
RTVSPost2010PropOp54
 70
     1
102
RTVSPost2010Prop55
280
     0
102
RTVSPost2010PropOp55
 70
     1
102
RTVSPost2010Prop56
140
1.0
102
RTVSPost2010PropOp56
 70
     1
102
RTVSPost2010Prop57
140
1.0
102
RTVSPost2010PropOp57
 70
     1
102
RTVSPropertyOp0
 70
     1
102
RTVSPropertyOp1
 70
     1
102
RTVSPropertyOp2
 70
     1
102
RTVSPropertyOp3
 70
     1
102
RTVSPropertyOp4
 70
     1
102
RTVSPropertyOp5
 70
     1
102
RTVSPropertyOp6
 70
     1
102
RTVSPropertyOp7
 70
     1
102
RTVSPropertyOp8
 70
     1
102
RTVSPropertyOp9
 70
     1
102
RTVSPropertyOp10
 70
     1
102
RTVSPropertyOp11
 70
     1
102
RTVSPropertyOp12
 70
     1
102
RTVSPropertyOp13
 70
     1
102
RTVSPropertyOp14
 70
     1
102
RTVSPropertyOp15
 70
     1
102
RTVSPropertyOp16
 70
     1
102
RTVSPropertyOp17
 70
     1
102
RTVSPropertyOp18
 70
     1
102
RTVSPropertyOp19
 70
     1
102
RTVSPropertyOp20
 70
     1
102
RTVSPropertyOp21
 70
     1
102
RTVSPropertyOp22
 70
     1
102
RTVSPropertyOp23
 70
     1
102
RTVSPropertyOp24
 70
     1
102
RTVSPropertyOp25
 70
     1
102
RTVSPropertyOp26
 70
     1
102
RTVSPropertyOp27
 70
     1
102
RTVSPropertyOp28
 70
     1
102
RTVSPropertyOp29
 70
     1
102
RTVSPropertyOp30
 70
     1
102
RTVSPropertyOp31
 70
     1
102
RTVSPropertyOp32
 70
     1
102
RTVSPropertyOp33
 70
     1
102
RTVSPropertyOp34
 70
     1
102
RTVSPropertyOp35
 70
     1
102
RTVSPropertyOp36
 70
     1
102
RTVSPropertyOp37
 70
     1
102
RTVSPropertyOp38
 70
     1
102
RTVSPropertyOp39
 70
     1
102
RTVSPropertyOp40
 70
     1
102
RTVSPropertyOp41
 70
     1
102
RTVSPropertyOp42
 70
     1
102
RTVSPropertyOp43
 70
     1
102
RTVSPropertyOp44
 70
     1
102
RTVSPropertyOp45
 70
     1
102
RTVSPropertyOp46
 70
     1
102
RTVSPropertyOp47
 70
     1
102
RTVSPropertyOp48
 70
     1
102
RTVSPropertyOp49
 70
     1
102
RTVSPropertyOp50
 70
     1
102
RTVSPropertyOp51
 70
     0
102
RTVSPropertyOp52
 70
     0
102
RTVSPropertyOp53
 70
     1
102
RTVSPropertyOp54
 70
     1
102
RTVSPropertyOp55
 70
     1
102
RTVSPropertyOp56
 70
     1
102
RTVSPropertyOp57
 70
     1
102
RTVSPropertyOp58
 70
     1
102
RTVSPropertyOp59
 70
     1
102
RTVSPropertyOp60
 70
     1
102
RTVSPropertyOp61
 70
     1
102
RTVSPropertyOp62
 70
     1
  0
XRECORD
  5
2AD
102
{ACAD_REACTORS
330
2AC
102
}
330
2AC
100
AcDbXrecord
280
     1
102
RTVSPost2010Prop28
280
     0
102
RTVSPost2010PropOp28
 70
     1
102
RTVSPost2010Prop29
280
     1
102
RTVSPost2010PropOp29
 70
     1
102
RTVSPost2010Prop30
280
     1
102
RTVSPost2010PropOp30
 70
     1
102
RTVSPost2010Prop31
280
     0
102
RTVSPost2010PropOp31
 70
     1
102
RTVSPost2010Prop32
280
     0
102
RTVSPost2010PropOp32
 70
     1
102
RTVSPost2010Prop33
280
     0
102
RTVSPost2010PropOp33
 70
     1
102
RTVSPost2010Prop34
280
     0
102
RTVSPost2010PropOp34
 70
     1
102
RTVSPost2010Prop35
280
     0
102
RTVSPost2010PropOp35
 70
     1
102
RTVSPost2010Prop36
280
     0
102
RTVSPost2010PropOp36
 70
     1
102
RTVSPost2010Prop37
 90
       50
102
RTVSPost2010PropOp37
 70
     1
102
RTVSPost2010Prop38
140
0.0
102
RTVSPost2010PropOp38
 70
     1
102
RTVSPost2010Prop39
140
1.0
102
RTVSPost2010PropOp39
 70
     1
102
RTVSPost2010Prop40
 90
        0
102
RTVSPost2010PropOp40
 70
     1
102
RTVSPost2010Prop41ColorIndex
 90
       18
102
RTVSPost2010Prop41ColorRGB
 90
        0
102
RTVSPost2010PropOp41
 70
     1
102
RTVSPost2010Prop42
 90
       50
102
RTVSPost2010PropOp42
 70
     1
102
RTVSPost2010Prop43
 90
        3
102
RTVSPost2010PropOp43
 70
     1
102
RTVSPost2010Prop44ColorIndex
 90
        5
102
RTVSPost2010Prop44ColorRGB
 90
      255
102
RTVSPost2010PropOp44
 70
     1
102
RTVSPost2010Prop45
280
     0
102
RTVSPost2010PropOp45
 70
     1
102
RTVSPost2010Prop46
 90
       50
102
RTVSPost2010PropOp46
 70
     1
102
RTVSPost2010Prop47
 90
       50
102
RTVSPost2010PropOp47
 70
     1
102
RTVSPost2010Prop48
 90
       50
102
RTVSPost2010PropOp48
 70
     1
102
RTVSPost2010Prop49
280
     0
102
RTVSPost2010PropOp49
 70
     1
102
RTVSPost2010Prop50
 90
       50
102
RTVSPost2010PropOp50
 70
     1
102
RTVSPost2010Prop51ColorIndex
 90
      256
102
RTVSPost2010Prop51ColorRGB
 90
-16777216
102
RTVSPost2010PropOp51
 70
     0
102
RTVSPost2010Prop52
140
1.0
102
RTVSPost2010PropOp52
 70
     0
102
RTVSPost2010Prop53
 90
        2
102
RTVSPost2010PropOp53
 70
     1
102
RTVSPost2010Prop54
  1
strokes_ogs.tif
102
RTVSPost2010PropOp54
 70
     1
102
RTVSPost2010Prop55
280
     0
102
RTVSPost2010PropOp55
 70
     1
102
RTVSPost2010Prop56
140
1.0
102
RTVSPost2010PropOp56
 70
     1
102
RTVSPost2010Prop57
140
1.0
102
RTVSPost2010PropOp57
 70
     1
102
RTVSPropertyOp0
 70
     1
102
RTVSPropertyOp1
 70
     1
102
RTVSPropertyOp2
 70
     1
102
RTVSPropertyOp3
 70
     1
102
RTVSPropertyOp4
 70
     1
102
RTVSPropertyOp5
 70
     1
102
RTVSPropertyOp6
 70
     1
102
RTVSPropertyOp7
 70
     1
102
RTVSPropertyOp8
 70
     1
102
RTVSPropertyOp9
 70
     1
102
RTVSPropertyOp10
 70
     1
102
RTVSPropertyOp11
 70
     1
102
RTVSPropertyOp12
 70
     1
102
RTVSPropertyOp13
 70
     1
102
RTVSPropertyOp14
 70
     1
102
RTVSPropertyOp15
 70
     1
102
RTVSPropertyOp16
 70
     1
102
RTVSPropertyOp17
 70
     1
102
RTVSPropertyOp18
 70
     1
102
RTVSPropertyOp19
 70
     1
102
RTVSPropertyOp20
 70
     1
102
RTVSPropertyOp21
 70
     1
102
RTVSPropertyOp22
 70
     1
102
RTVSPropertyOp23
 70
     1
102
RTVSPropertyOp24
 70
     1
102
RTVSPropertyOp25
 70
     1
102
RTVSPropertyOp26
 70
     1
102
RTVSPropertyOp27
 70
     1
102
RTVSPropertyOp28
 70
     1
102
RTVSPropertyOp29
 70
     1
102
RTVSPropertyOp30
 70
     1
102
RTVSPropertyOp31
 70
     1
102
RTVSPropertyOp32
 70
     1
102
RTVSPropertyOp33
 70
     1
102
RTVSPropertyOp34
 70
     1
102
RTVSPropertyOp35
 70
     1
102
RTVSPropertyOp36
 70
     1
102
RTVSPropertyOp37
 70
     1
102
RTVSPropertyOp38
 70
     1
102
RTVSPropertyOp39
 70
     1
102
RTVSPropertyOp40
 70
     1
102
RTVSPropertyOp41
 70
     1
102
RTVSPropertyOp42
 70
     1
102
RTVSPropertyOp43
 70
     1
102
RTVSPropertyOp44
 70
     1
102
RTVSPropertyOp45
 70
     1
102
RTVSPropertyOp46
 70
     1
102
RTVSPropertyOp47
 70
     1
102
RTVSPropertyOp48
 70
     1
102
RTVSPropertyOp49
 70
     1
102
RTVSPropertyOp50
 70
     1
102
RTVSPropertyOp51
 70
     0
102
RTVSPropertyOp52
 70
     0
102
RTVSPropertyOp53
 70
     1
102
RTVSPropertyOp54
 70
     1
102
RTVSPropertyOp55
 70
     1
102
RTVSPropertyOp56
 70
     1
102
RTVSPropertyOp57
 70
     1
102
RTVSPropertyOp58
 70
     1
102
RTVSPropertyOp59
 70
     1
102
RTVSPropertyOp60
 70
     1
102
RTVSPropertyOp61
 70
     1
102
RTVSPropertyOp62
 70
     1
  0
XRECORD
  5
2AF
102
{ACAD_REACTORS
330
2AE
102
}
330
2AE
100
AcDbXrecord
280
     1
102
RTVSPost2010Prop28
280
     0
102
RTVSPost2010PropOp28
 70
     1
102
RTVSPost2010Prop29
280
     1
102
RTVSPost2010PropOp29
 70
     1
102
RTVSPost2010Prop30
280
     1
102
RTVSPost2010PropOp30
 70
     1
102
RTVSPost2010Prop31
280
     0
102
RTVSPost2010PropOp31
 70
     1
102
RTVSPost2010Prop32
280
     0
102
RTVSPost2010PropOp32
 70
     1
102
RTVSPost2010Prop33
280
     0
102
RTVSPost2010PropOp33
 70
     1
102
RTVSPost2010Prop34
280
     0
102
RTVSPost2010PropOp34
 70
     1
102
RTVSPost2010Prop35
280
     0
102
RTVSPost2010PropOp35
 70
     1
102
RTVSPost2010Prop36
280
     0
102
RTVSPost2010PropOp36
 70
     1
102
RTVSPost2010Prop37
 90
       50
102
RTVSPost2010PropOp37
 70
     1
102
RTVSPost2010Prop38
140
0.0
102
RTVSPost2010PropOp38
 70
     1
102
RTVSPost2010Prop39
140
1.0
102
RTVSPost2010PropOp39
 70
     1
102
RTVSPost2010Prop40
 90
        0
102
RTVSPost2010PropOp40
 70
     1
102
RTVSPost2010Prop41ColorIndex
 90
       18
102
RTVSPost2010Prop41ColorRGB
 90
        0
102
RTVSPost2010PropOp41
 70
     1
102
RTVSPost2010Prop42
 90
       50
102
RTVSPost2010PropOp42
 70
     1
102
RTVSPost2010Prop43
 90
        3
102
RTVSPost2010PropOp43
 70
     1
102
RTVSPost2010Prop44ColorIndex
 90
        5
102
RTVSPost2010Prop44ColorRGB
 90
      255
102
RTVSPost2010PropOp44
 70
     1
102
RTVSPost2010Prop45
280
     0
102
RTVSPost2010PropOp45
 70
     1
102
RTVSPost2010Prop46
 90
       50
102
RTVSPost2010PropOp46
 70
     1
102
RTVSPost2010Prop47
 90
       50
102
RTVSPost2010PropOp47
 70
     1
102
RTVSPost2010Prop48
 90
       50
102
RTVSPost2010PropOp48
 70
     1
102
RTVSPost2010Prop49
280
     0
102
RTVSPost2010PropOp49
 70
     1
102
RTVSPost2010Prop50
 90
       50
102
RTVSPost2010PropOp50
 70
     1
102
RTVSPost2010Prop51ColorIndex
 90
      256
102
RTVSPost2010Prop51ColorRGB
 90
-16777216
102
RTVSPost2010PropOp51
 70
     0
102
RTVSPost2010Prop52
140
1.0
102
RTVSPost2010PropOp52
 70
     0
102
RTVSPost2010Prop53
 90
        2
102
RTVSPost2010PropOp53
 70
     1
102
RTVSPost2010Prop54
  1
strokes_ogs.tif
102
RTVSPost2010PropOp54
 70
     1
102
RTVSPost2010Prop55
280
     0
102
RTVSPost2010PropOp55
 70
     1
102
RTVSPost2010Prop56
140
1.0
102
RTVSPost2010PropOp56
 70
     1
102
RTVSPost2010Prop57
140
1.0
102
RTVSPost2010PropOp57
 70
     1
102
RTVSPropertyOp0
 70
     1
102
RTVSPropertyOp1
 70
     1
102
RTVSPropertyOp2
 70
     1
102
RTVSPropertyOp3
 70
     1
102
RTVSPropertyOp4
 70
     1
102
RTVSPropertyOp5
 70
     1
102
RTVSPropertyOp6
 70
     1
102
RTVSPropertyOp7
 70
     1
102
RTVSPropertyOp8
 70
     1
102
RTVSPropertyOp9
 70
     1
102
RTVSPropertyOp10
 70
     1
102
RTVSPropertyOp11
 70
     1
102
RTVSPropertyOp12
 70
     1
102
RTVSPropertyOp13
 70
     1
102
RTVSPropertyOp14
 70
     1
102
RTVSPropertyOp15
 70
     1
102
RTVSPropertyOp16
 70
     1
102
RTVSPropertyOp17
 70
     1
102
RTVSPropertyOp18
 70
     1
102
RTVSPropertyOp19
 70
     1
102
RTVSPropertyOp20
 70
     1
102
RTVSPropertyOp21
 70
     1
102
RTVSPropertyOp22
 70
     1
102
RTVSPropertyOp23
 70
     1
102
RTVSPropertyOp24
 70
     1
102
RTVSPropertyOp25
 70
     1
102
RTVSPropertyOp26
 70
     1
102
RTVSPropertyOp27
 70
     1
102
RTVSPropertyOp28
 70
     1
102
RTVSPropertyOp29
 70
     1
102
RTVSPropertyOp30
 70
     1
102
RTVSPropertyOp31
 70
     1
102
RTVSPropertyOp32
 70
     1
102
RTVSPropertyOp33
 70
     1
102
RTVSPropertyOp34
 70
     1
102
RTVSPropertyOp35
 70
     1
102
RTVSPropertyOp36
 70
     1
102
RTVSPropertyOp37
 70
     1
102
RTVSPropertyOp38
 70
     1
102
RTVSPropertyOp39
 70
     1
102
RTVSPropertyOp40
 70
     1
102
RTVSPropertyOp41
 70
     1
102
RTVSPropertyOp42
 70
     1
102
RTVSPropertyOp43
 70
     1
102
RTVSPropertyOp44
 70
     1
102
RTVSPropertyOp45
 70
     1
102
RTVSPropertyOp46
 70
     1
102
RTVSPropertyOp47
 70
     1
102
RTVSPropertyOp48
 70
     1
102
RTVSPropertyOp49
 70
     1
102
RTVSPropertyOp50
 70
     1
102
RTVSPropertyOp51
 70
     0
102
RTVSPropertyOp52
 70
     0
102
RTVSPropertyOp53
 70
     1
102
RTVSPropertyOp54
 70
     1
102
RTVSPropertyOp55
 70
     1
102
RTVSPropertyOp56
 70
     1
102
RTVSPropertyOp57
 70
     1
102
RTVSPropertyOp58
 70
     1
102
RTVSPropertyOp59
 70
     1
102
RTVSPropertyOp60
 70
     1
102
RTVSPropertyOp61
 70
     1
102
RTVSPropertyOp62
 70
     1
  0
XRECORD
  5
29F
102
{ACAD_REACTORS
330
29E
102
}
330
29E
100
AcDbXrecord
280
     1
102
RTVSPost2010Prop28
280
     0
102
RTVSPost2010PropOp28
 70
     1
102
RTVSPost2010Prop29
280
     1
102
RTVSPost2010PropOp29
 70
     1
102
RTVSPost2010Prop30
280
     1
102
RTVSPost2010PropOp30
 70
     1
102
RTVSPost2010Prop31
280
     0
102
RTVSPost2010PropOp31
 70
     1
102
RTVSPost2010Prop32
280
     0
102
RTVSPost2010PropOp32
 70
     1
102
RTVSPost2010Prop33
280
     0
102
RTVSPost2010PropOp33
 70
     1
102
RTVSPost2010Prop34
280
     0
102
RTVSPost2010PropOp34
 70
     1
102
RTVSPost2010Prop35
280
     0
102
RTVSPost2010PropOp35
 70
     1
102
RTVSPost2010Prop36
280
     0
102
RTVSPost2010PropOp36
 70
     1
102
RTVSPost2010Prop37
 90
       50
102
RTVSPost2010PropOp37
 70
     1
102
RTVSPost2010Prop38
140
0.0
102
RTVSPost2010PropOp38
 70
     1
102
RTVSPost2010Prop39
140
1.0
102
RTVSPost2010PropOp39
 70
     1
102
RTVSPost2010Prop40
 90
        0
102
RTVSPost2010PropOp40
 70
     1
102
RTVSPost2010Prop41ColorIndex
 90
       18
102
RTVSPost2010Prop41ColorRGB
 90
        0
102
RTVSPost2010PropOp41
 70
     1
102
RTVSPost2010Prop42
 90
       50
102
RTVSPost2010PropOp42
 70
     1
102
RTVSPost2010Prop43
 90
        3
102
RTVSPost2010PropOp43
 70
     1
102
RTVSPost2010Prop44ColorIndex
 90
        5
102
RTVSPost2010Prop44ColorRGB
 90
      255
102
RTVSPost2010PropOp44
 70
     1
102
RTVSPost2010Prop45
280
     0
102
RTVSPost2010PropOp45
 70
     1
102
RTVSPost2010Prop46
 90
       50
102
RTVSPost2010PropOp46
 70
     1
102
RTVSPost2010Prop47
 90
       50
102
RTVSPost2010PropOp47
 70
     1
102
RTVSPost2010Prop48
 90
       50
102
RTVSPost2010PropOp48
 70
     1
102
RTVSPost2010Prop49
280
     0
102
RTVSPost2010PropOp49
 70
     1
102
RTVSPost2010Prop50
 90
       50
102
RTVSPost2010PropOp50
 70
     1
102
RTVSPost2010Prop51ColorIndex
 90
      256
102
RTVSPost2010Prop51ColorRGB
 90
-16777216
102
RTVSPost2010PropOp51
 70
     0
102
RTVSPost2010Prop52
140
1.0
102
RTVSPost2010PropOp52
 70
     0
102
RTVSPost2010Prop53
 90
        2
102
RTVSPost2010PropOp53
 70
     1
102
RTVSPost2010Prop54
  1
strokes_ogs.tif
102
RTVSPost2010PropOp54
 70
     1
102
RTVSPost2010Prop55
280
     0
102
RTVSPost2010PropOp55
 70
     1
102
RTVSPost2010Prop56
140
1.0
102
RTVSPost2010PropOp56
 70
     1
102
RTVSPost2010Prop57
140
1.0
102
RTVSPost2010PropOp57
 70
     1
102
RTVSPropertyOp0
 70
     1
102
RTVSPropertyOp1
 70
     1
102
RTVSPropertyOp2
 70
     1
102
RTVSPropertyOp3
 70
     1
102
RTVSPropertyOp4
 70
     1
102
RTVSPropertyOp5
 70
     1
102
RTVSPropertyOp6
 70
     1
102
RTVSPropertyOp7
 70
     1
102
RTVSPropertyOp8
 70
     1
102
RTVSPropertyOp9
 70
     1
102
RTVSPropertyOp10
 70
     1
102
RTVSPropertyOp11
 70
     1
102
RTVSPropertyOp12
 70
     1
102
RTVSPropertyOp13
 70
     1
102
RTVSPropertyOp14
 70
     1
102
RTVSPropertyOp15
 70
     1
102
RTVSPropertyOp16
 70
     1
102
RTVSPropertyOp17
 70
     1
102
RTVSPropertyOp18
 70
     1
102
RTVSPropertyOp19
 70
     1
102
RTVSPropertyOp20
 70
     1
102
RTVSPropertyOp21
 70
     1
102
RTVSPropertyOp22
 70
     1
102
RTVSPropertyOp23
 70
     1
102
RTVSPropertyOp24
 70
     1
102
RTVSPropertyOp25
 70
     1
102
RTVSPropertyOp26
 70
     1
102
RTVSPropertyOp27
 70
     1
102
RTVSPropertyOp28
 70
     1
102
RTVSPropertyOp29
 70
     1
102
RTVSPropertyOp30
 70
     1
102
RTVSPropertyOp31
 70
     1
102
RTVSPropertyOp32
 70
     1
102
RTVSPropertyOp33
 70
     1
102
RTVSPropertyOp34
 70
     1
102
RTVSPropertyOp35
 70
     1
102
RTVSPropertyOp36
 70
     1
102
RTVSPropertyOp37
 70
     1
102
RTVSPropertyOp38
 70
     1
102
RTVSPropertyOp39
 70
     1
102
RTVSPropertyOp40
 70
     1
102
RTVSPropertyOp41
 70
     1
102
RTVSPropertyOp42
 70
     1
102
RTVSPropertyOp43
 70
     1
102
RTVSPropertyOp44
 70
     1
102
RTVSPropertyOp45
 70
     1
102
RTVSPropertyOp46
 70
     1
102
RTVSPropertyOp47
 70
     1
102
RTVSPropertyOp48
 70
     1
102
RTVSPropertyOp49
 70
     1
102
RTVSPropertyOp50
 70
     1
102
RTVSPropertyOp51
 70
     0
102
RTVSPropertyOp52
 70
     0
102
RTVSPropertyOp53
 70
     1
102
RTVSPropertyOp54
 70
     1
102
RTVSPropertyOp55
 70
     1
102
RTVSPropertyOp56
 70
     1
102
RTVSPropertyOp57
 70
     1
102
RTVSPropertyOp58
 70
     1
102
RTVSPropertyOp59
 70
     1
102
RTVSPropertyOp60
 70
     1
102
RTVSPropertyOp61
 70
     1
102
RTVSPropertyOp62
 70
     1
  0
XRECORD
  5
293
102
{ACAD_REACTORS
330
292
102
}
330
292
100
AcDbXrecord
280
     1
102
RTVSPost2010Prop28
280
     0
102
RTVSPost2010PropOp28
 70
     1
102
RTVSPost2010Prop29
280
     1
102
RTVSPost2010PropOp29
 70
     1
102
RTVSPost2010Prop30
280
     1
102
RTVSPost2010PropOp30
 70
     1
102
RTVSPost2010Prop31
280
     0
102
RTVSPost2010PropOp31
 70
     1
102
RTVSPost2010Prop32
280
     0
102
RTVSPost2010PropOp32
 70
     1
102
RTVSPost2010Prop33
280
     0
102
RTVSPost2010PropOp33
 70
     1
102
RTVSPost2010Prop34
280
     0
102
RTVSPost2010PropOp34
 70
     1
102
RTVSPost2010Prop35
280
     0
102
RTVSPost2010PropOp35
 70
     1
102
RTVSPost2010Prop36
280
     0
102
RTVSPost2010PropOp36
 70
     1
102
RTVSPost2010Prop37
 90
       50
102
RTVSPost2010PropOp37
 70
     1
102
RTVSPost2010Prop38
140
0.0
102
RTVSPost2010PropOp38
 70
     1
102
RTVSPost2010Prop39
140
1.0
102
RTVSPost2010PropOp39
 70
     1
102
RTVSPost2010Prop40
 90
        0
102
RTVSPost2010PropOp40
 70
     1
102
RTVSPost2010Prop41ColorIndex
 90
       18
102
RTVSPost2010Prop41ColorRGB
 90
        0
102
RTVSPost2010PropOp41
 70
     1
102
RTVSPost2010Prop42
 90
       50
102
RTVSPost2010PropOp42
 70
     1
102
RTVSPost2010Prop43
 90
        3
102
RTVSPost2010PropOp43
 70
     1
102
RTVSPost2010Prop44ColorIndex
 90
        5
102
RTVSPost2010Prop44ColorRGB
 90
      255
102
RTVSPost2010PropOp44
 70
     1
102
RTVSPost2010Prop45
280
     0
102
RTVSPost2010PropOp45
 70
     1
102
RTVSPost2010Prop46
 90
       50
102
RTVSPost2010PropOp46
 70
     1
102
RTVSPost2010Prop47
 90
       50
102
RTVSPost2010PropOp47
 70
     1
102
RTVSPost2010Prop48
 90
       50
102
RTVSPost2010PropOp48
 70
     1
102
RTVSPost2010Prop49
280
     0
102
RTVSPost2010PropOp49
 70
     1
102
RTVSPost2010Prop50
 90
       50
102
RTVSPost2010PropOp50
 70
     1
102
RTVSPost2010Prop51ColorIndex
 90
      256
102
RTVSPost2010Prop51ColorRGB
 90
-16777216
102
RTVSPost2010PropOp51
 70
     0
102
RTVSPost2010Prop52
140
1.0
102
RTVSPost2010PropOp52
 70
     0
102
RTVSPost2010Prop53
 90
        2
102
RTVSPost2010PropOp53
 70
     1
102
RTVSPost2010Prop54
  1
strokes_ogs.tif
102
RTVSPost2010PropOp54
 70
     1
102
RTVSPost2010Prop55
280
     0
102
RTVSPost2010PropOp55
 70
     1
102
RTVSPost2010Prop56
140
1.0
102
RTVSPost2010PropOp56
 70
     1
102
RTVSPost2010Prop57
140
1.0
102
RTVSPost2010PropOp57
 70
     1
102
RTVSPropertyOp0
 70
     1
102
RTVSPropertyOp1
 70
     1
102
RTVSPropertyOp2
 70
     1
102
RTVSPropertyOp3
 70
     1
102
RTVSPropertyOp4
 70
     1
102
RTVSPropertyOp5
 70
     1
102
RTVSPropertyOp6
 70
     1
102
RTVSPropertyOp7
 70
     1
102
RTVSPropertyOp8
 70
     1
102
RTVSPropertyOp9
 70
     1
102
RTVSPropertyOp10
 70
     1
102
RTVSPropertyOp11
 70
     1
102
RTVSPropertyOp12
 70
     1
102
RTVSPropertyOp13
 70
     1
102
RTVSPropertyOp14
 70
     1
102
RTVSPropertyOp15
 70
     1
102
RTVSPropertyOp16
 70
     1
102
RTVSPropertyOp17
 70
     1
102
RTVSPropertyOp18
 70
     1
102
RTVSPropertyOp19
 70
     1
102
RTVSPropertyOp20
 70
     1
102
RTVSPropertyOp21
 70
     1
102
RTVSPropertyOp22
 70
     1
102
RTVSPropertyOp23
 70
     1
102
RTVSPropertyOp24
 70
     1
102
RTVSPropertyOp25
 70
     1
102
RTVSPropertyOp26
 70
     1
102
RTVSPropertyOp27
 70
     1
102
RTVSPropertyOp28
 70
     1
102
RTVSPropertyOp29
 70
     1
102
RTVSPropertyOp30
 70
     1
102
RTVSPropertyOp31
 70
     1
102
RTVSPropertyOp32
 70
     1
102
RTVSPropertyOp33
 70
     1
102
RTVSPropertyOp34
 70
     1
102
RTVSPropertyOp35
 70
     1
102
RTVSPropertyOp36
 70
     1
102
RTVSPropertyOp37
 70
     1
102
RTVSPropertyOp38
 70
     1
102
RTVSPropertyOp39
 70
     1
102
RTVSPropertyOp40
 70
     1
102
RTVSPropertyOp41
 70
     1
102
RTVSPropertyOp42
 70
     1
102
RTVSPropertyOp43
 70
     1
102
RTVSPropertyOp44
 70
     1
102
RTVSPropertyOp45
 70
     1
102
RTVSPropertyOp46
 70
     1
102
RTVSPropertyOp47
 70
     1
102
RTVSPropertyOp48
 70
     1
102
RTVSPropertyOp49
 70
     1
102
RTVSPropertyOp50
 70
     1
102
RTVSPropertyOp51
 70
     0
102
RTVSPropertyOp52
 70
     0
102
RTVSPropertyOp53
 70
     1
102
RTVSPropertyOp54
 70
     1
102
RTVSPropertyOp55
 70
     1
102
RTVSPropertyOp56
 70
     1
102
RTVSPropertyOp57
 70
     1
102
RTVSPropertyOp58
 70
     1
102
RTVSPropertyOp59
 70
     1
102
RTVSPropertyOp60
 70
     1
102
RTVSPropertyOp61
 70
     1
102
RTVSPropertyOp62
 70
     1
  0
XRECORD
  5
2B1
102
{ACAD_REACTORS
330
2B0
102
}
330
2B0
100
AcDbXrecord
280
     1
102
RTVSPost2010Prop28
280
     0
102
RTVSPost2010PropOp28
 70
     1
102
RTVSPost2010Prop29
280
     1
102
RTVSPost2010PropOp29
 70
     1
102
RTVSPost2010Prop30
280
     1
102
RTVSPost2010PropOp30
 70
     1
102
RTVSPost2010Prop31
280
     0
102
RTVSPost2010PropOp31
 70
     1
102
RTVSPost2010Prop32
280
     0
102
RTVSPost2010PropOp32
 70
     1
102
RTVSPost2010Prop33
280
     0
102
RTVSPost2010PropOp33
 70
     1
102
RTVSPost2010Prop34
280
     0
102
RTVSPost2010PropOp34
 70
     1
102
RTVSPost2010Prop35
280
     0
102
RTVSPost2010PropOp35
 70
     1
102
RTVSPost2010Prop36
280
     0
102
RTVSPost2010PropOp36
 70
     1
102
RTVSPost2010Prop37
 90
       50
102
RTVSPost2010PropOp37
 70
     1
102
RTVSPost2010Prop38
140
0.0
102
RTVSPost2010PropOp38
 70
     1
102
RTVSPost2010Prop39
140
1.0
102
RTVSPost2010PropOp39
 70
     1
102
RTVSPost2010Prop40
 90
        0
102
RTVSPost2010PropOp40
 70
     1
102
RTVSPost2010Prop41ColorIndex
 90
       18
102
RTVSPost2010Prop41ColorRGB
 90
        0
102
RTVSPost2010PropOp41
 70
     1
102
RTVSPost2010Prop42
 90
       50
102
RTVSPost2010PropOp42
 70
     1
102
RTVSPost2010Prop43
 90
        3
102
RTVSPost2010PropOp43
 70
     1
102
RTVSPost2010Prop44ColorIndex
 90
        5
102
RTVSPost2010Prop44ColorRGB
 90
      255
102
RTVSPost2010PropOp44
 70
     1
102
RTVSPost2010Prop45
280
     0
102
RTVSPost2010PropOp45
 70
     1
102
RTVSPost2010Prop46
 90
       50
102
RTVSPost2010PropOp46
 70
     1
102
RTVSPost2010Prop47
 90
       50
102
RTVSPost2010PropOp47
 70
     1
102
RTVSPost2010Prop48
 90
       50
102
RTVSPost2010PropOp48
 70
     1
102
RTVSPost2010Prop49
280
     0
102
RTVSPost2010PropOp49
 70
     1
102
RTVSPost2010Prop50
 90
       50
102
RTVSPost2010PropOp50
 70
     1
102
RTVSPost2010Prop51ColorIndex
 90
      256
102
RTVSPost2010Prop51ColorRGB
 90
-16777216
102
RTVSPost2010PropOp51
 70
     0
102
RTVSPost2010Prop52
140
1.0
102
RTVSPost2010PropOp52
 70
     0
102
RTVSPost2010Prop53
 90
        2
102
RTVSPost2010PropOp53
 70
     1
102
RTVSPost2010Prop54
  1
strokes_ogs.tif
102
RTVSPost2010PropOp54
 70
     1
102
RTVSPost2010Prop55
280
     0
102
RTVSPost2010PropOp55
 70
     1
102
RTVSPost2010Prop56
140
1.0
102
RTVSPost2010PropOp56
 70
     1
102
RTVSPost2010Prop57
140
1.0
102
RTVSPost2010PropOp57
 70
     1
102
RTVSPropertyOp0
 70
     1
102
RTVSPropertyOp1
 70
     1
102
RTVSPropertyOp2
 70
     1
102
RTVSPropertyOp3
 70
     1
102
RTVSPropertyOp4
 70
     1
102
RTVSPropertyOp5
 70
     1
102
RTVSPropertyOp6
 70
     1
102
RTVSPropertyOp7
 70
     1
102
RTVSPropertyOp8
 70
     1
102
RTVSPropertyOp9
 70
     1
102
RTVSPropertyOp10
 70
     1
102
RTVSPropertyOp11
 70
     1
102
RTVSPropertyOp12
 70
     1
102
RTVSPropertyOp13
 70
     1
102
RTVSPropertyOp14
 70
     1
102
RTVSPropertyOp15
 70
     1
102
RTVSPropertyOp16
 70
     1
102
RTVSPropertyOp17
 70
     1
102
RTVSPropertyOp18
 70
     1
102
RTVSPropertyOp19
 70
     1
102
RTVSPropertyOp20
 70
     1
102
RTVSPropertyOp21
 70
     1
102
RTVSPropertyOp22
 70
     1
102
RTVSPropertyOp23
 70
     1
102
RTVSPropertyOp24
 70
     1
102
RTVSPropertyOp25
 70
     1
102
RTVSPropertyOp26
 70
     1
102
RTVSPropertyOp27
 70
     1
102
RTVSPropertyOp28
 70
     1
102
RTVSPropertyOp29
 70
     1
102
RTVSPropertyOp30
 70
     1
102
RTVSPropertyOp31
 70
     1
102
RTVSPropertyOp32
 70
     1
102
RTVSPropertyOp33
 70
     1
102
RTVSPropertyOp34
 70
     1
102
RTVSPropertyOp35
 70
     1
102
RTVSPropertyOp36
 70
     1
102
RTVSPropertyOp37
 70
     1
102
RTVSPropertyOp38
 70
     1
102
RTVSPropertyOp39
 70
     1
102
RTVSPropertyOp40
 70
     1
102
RTVSPropertyOp41
 70
     1
102
RTVSPropertyOp42
 70
     1
102
RTVSPropertyOp43
 70
     1
102
RTVSPropertyOp44
 70
     1
102
RTVSPropertyOp45
 70
     1
102
RTVSPropertyOp46
 70
     1
102
RTVSPropertyOp47
 70
     1
102
RTVSPropertyOp48
 70
     1
102
RTVSPropertyOp49
 70
     1
102
RTVSPropertyOp50
 70
     1
102
RTVSPropertyOp51
 70
     0
102
RTVSPropertyOp52
 70
     0
102
RTVSPropertyOp53
 70
     1
102
RTVSPropertyOp54
 70
     1
102
RTVSPropertyOp55
 70
     1
102
RTVSPropertyOp56
 70
     1
102
RTVSPropertyOp57
 70
     1
102
RTVSPropertyOp58
 70
     1
102
RTVSPropertyOp59
 70
     1
102
RTVSPropertyOp60
 70
     1
102
RTVSPropertyOp61
 70
     1
102
RTVSPropertyOp62
 70
     1
  0
ENDSEC
  0
EOF